// Generated by tools/offline/bakeFont -- do not hand-edit.
#include "hackAtlas.h"

namespace HackAtlas
{

static const uint8_t kAtlas0GlyphBits0[15] = {
    0x00,0x00,0x00,0x00,0x00,0x00,0x00,0x00,0x00,0x00,0x00,0x00,0x00,0x00,0x00,
};

static const uint8_t kAtlas0GlyphBits1[15] = {
    0x00,0x00,0x00,0x18,0x18,0x18,0x18,0x18,0x10,0x00,0x18,0x18,0x00,0x00,0x00,
};

static const uint8_t kAtlas0GlyphBits2[15] = {
    0x00,0x00,0x00,0x24,0x24,0x24,0x00,0x00,0x00,0x00,0x00,0x00,0x00,0x00,0x00,
};

static const uint8_t kAtlas0GlyphBits3[15] = {
    0x00,0x00,0x00,0x12,0x12,0x14,0x7F,0x24,0xFE,0x28,0x28,0x48,0x00,0x00,0x00,
};

static const uint8_t kAtlas0GlyphBits4[15] = {
    0x00,0x00,0x18,0x1C,0x6A,0x48,0x68,0x3C,0x0E,0x0A,0x4A,0x7C,0x18,0x18,0x00,
};

static const uint8_t kAtlas0GlyphBits5[15] = {
    0x00,0x00,0x00,0x70,0x90,0x90,0x77,0x18,0xEE,0x09,0x09,0x0E,0x00,0x00,0x00,
};

static const uint8_t kAtlas0GlyphBits6[15] = {
    0x00,0x00,0x00,0x3C,0x60,0x20,0x20,0x51,0xC9,0xC6,0x46,0x3B,0x00,0x00,0x00,
};

static const uint8_t kAtlas0GlyphBits7[15] = {
    0x00,0x00,0x00,0x10,0x10,0x10,0x00,0x00,0x00,0x00,0x00,0x00,0x00,0x00,0x00,
};

static const uint8_t kAtlas0GlyphBits8[15] = {
    0x00,0x00,0x18,0x10,0x30,0x20,0x20,0x20,0x20,0x20,0x30,0x10,0x18,0x00,0x00,
};

static const uint8_t kAtlas0GlyphBits9[15] = {
    0x00,0x00,0x10,0x08,0x08,0x0C,0x04,0x04,0x04,0x0C,0x08,0x08,0x10,0x00,0x00,
};

static const uint8_t kAtlas0GlyphBits10[15] = {
    0x00,0x00,0x00,0x10,0x10,0x76,0x18,0x28,0x24,0x00,0x00,0x00,0x00,0x00,0x00,
};

static const uint8_t kAtlas0GlyphBits11[15] = {
    0x00,0x00,0x00,0x00,0x10,0x10,0x10,0x7E,0x10,0x10,0x10,0x00,0x00,0x00,0x00,
};

static const uint8_t kAtlas0GlyphBits12[15] = {
    0x00,0x00,0x00,0x00,0x00,0x00,0x00,0x00,0x00,0x00,0x18,0x18,0x08,0x18,0x10,
};

static const uint8_t kAtlas0GlyphBits13[15] = {
    0x00,0x00,0x00,0x00,0x00,0x00,0x00,0x00,0x7E,0x00,0x00,0x00,0x00,0x00,0x00,
};

static const uint8_t kAtlas0GlyphBits14[15] = {
    0x00,0x00,0x00,0x00,0x00,0x00,0x00,0x00,0x00,0x00,0x18,0x18,0x00,0x00,0x00,
};

static const uint8_t kAtlas0GlyphBits15[15] = {
    0x00,0x00,0x00,0x06,0x04,0x0C,0x08,0x18,0x10,0x10,0x20,0x20,0x40,0x00,0x00,
};

static const uint8_t kAtlas0GlyphBits16[15] = {
    0x00,0x00,0x00,0x3C,0x64,0x56,0x52,0x5A,0x52,0x56,0x64,0x3C,0x00,0x00,0x00,
};

static const uint8_t kAtlas0GlyphBits17[15] = {
    0x00,0x00,0x00,0x18,0x38,0x68,0x08,0x08,0x08,0x08,0x08,0x3E,0x00,0x00,0x00,
};

static const uint8_t kAtlas0GlyphBits18[15] = {
    0x00,0x00,0x00,0x7C,0x44,0x06,0x04,0x0C,0x18,0x30,0x60,0x7E,0x00,0x00,0x00,
};

static const uint8_t kAtlas0GlyphBits19[15] = {
    0x00,0x00,0x00,0x7C,0x06,0x06,0x18,0x06,0x02,0x02,0x46,0x7C,0x00,0x00,0x00,
};

static const uint8_t kAtlas0GlyphBits20[15] = {
    0x00,0x00,0x00,0x0C,0x14,0x14,0x24,0x24,0x44,0x7E,0x04,0x04,0x00,0x00,0x00,
};

static const uint8_t kAtlas0GlyphBits21[15] = {
    0x00,0x00,0x00,0x7C,0x40,0x40,0x78,0x04,0x06,0x06,0x44,0x78,0x00,0x00,0x00,
};

static const uint8_t kAtlas0GlyphBits22[15] = {
    0x00,0x00,0x00,0x3C,0x20,0x40,0x5C,0x66,0x42,0x42,0x66,0x3C,0x00,0x00,0x00,
};

static const uint8_t kAtlas0GlyphBits23[15] = {
    0x00,0x00,0x00,0x7E,0x04,0x04,0x0C,0x08,0x08,0x10,0x10,0x30,0x00,0x00,0x00,
};

static const uint8_t kAtlas0GlyphBits24[15] = {
    0x00,0x00,0x00,0x3C,0x66,0x46,0x64,0x18,0x66,0x42,0x46,0x3C,0x00,0x00,0x00,
};

static const uint8_t kAtlas0GlyphBits25[15] = {
    0x00,0x00,0x00,0x3C,0x44,0x46,0x46,0x66,0x3A,0x06,0x04,0x78,0x00,0x00,0x00,
};

static const uint8_t kAtlas0GlyphBits26[15] = {
    0x00,0x00,0x00,0x00,0x00,0x18,0x18,0x00,0x00,0x18,0x18,0x00,0x00,0x00,0x00,
};

static const uint8_t kAtlas0GlyphBits27[15] = {
    0x00,0x00,0x00,0x00,0x00,0x00,0x18,0x18,0x00,0x00,0x18,0x18,0x08,0x08,0x30,
};

static const uint8_t kAtlas0GlyphBits28[15] = {
    0x00,0x00,0x00,0x00,0x00,0x02,0x1C,0x60,0x60,0x1C,0x02,0x00,0x00,0x00,0x00,
};

static const uint8_t kAtlas0GlyphBits29[15] = {
    0x00,0x00,0x00,0x00,0x00,0x00,0x7E,0x00,0x00,0x7E,0x00,0x00,0x00,0x00,0x00,
};

static const uint8_t kAtlas0GlyphBits30[15] = {
    0x00,0x00,0x00,0x00,0x00,0x40,0x30,0x0E,0x06,0x38,0x40,0x00,0x00,0x00,0x00,
};

static const uint8_t kAtlas0GlyphBits31[15] = {
    0x00,0x00,0x00,0x3C,0x26,0x06,0x0C,0x18,0x10,0x00,0x18,0x18,0x00,0x00,0x00,
};

static const uint8_t kAtlas0GlyphBits32[15] = {
    0x00,0x00,0x00,0x1C,0x62,0x42,0x8E,0x92,0x92,0x92,0x8E,0x40,0x20,0x1E,0x00,
};

static const uint8_t kAtlas0GlyphBits33[15] = {
    0x00,0x00,0x00,0x18,0x18,0x38,0x24,0x24,0x64,0x7E,0x42,0xC3,0x00,0x00,0x00,
};

static const uint8_t kAtlas0GlyphBits34[15] = {
    0x00,0x00,0x00,0x7C,0x46,0x42,0x46,0x7C,0x42,0x42,0x42,0x7C,0x00,0x00,0x00,
};

static const uint8_t kAtlas0GlyphBits35[15] = {
    0x00,0x00,0x00,0x1E,0x22,0x60,0x40,0x40,0x40,0x60,0x22,0x1E,0x00,0x00,0x00,
};

static const uint8_t kAtlas0GlyphBits36[15] = {
    0x00,0x00,0x00,0x78,0x44,0x46,0x42,0x42,0x42,0x46,0x44,0x78,0x00,0x00,0x00,
};

static const uint8_t kAtlas0GlyphBits37[15] = {
    0x00,0x00,0x00,0x7E,0x60,0x60,0x60,0x7E,0x60,0x60,0x60,0x7E,0x00,0x00,0x00,
};

static const uint8_t kAtlas0GlyphBits38[15] = {
    0x00,0x00,0x00,0x7E,0x60,0x60,0x60,0x7E,0x60,0x60,0x60,0x60,0x00,0x00,0x00,
};

static const uint8_t kAtlas0GlyphBits39[15] = {
    0x00,0x00,0x00,0x3C,0x62,0x40,0x40,0x4E,0x42,0x42,0x62,0x3C,0x00,0x00,0x00,
};

static const uint8_t kAtlas0GlyphBits40[15] = {
    0x00,0x00,0x00,0x42,0x42,0x42,0x42,0x7E,0x42,0x42,0x42,0x42,0x00,0x00,0x00,
};

static const uint8_t kAtlas0GlyphBits41[15] = {
    0x00,0x00,0x00,0x7E,0x18,0x18,0x18,0x18,0x18,0x18,0x18,0x7E,0x00,0x00,0x00,
};

static const uint8_t kAtlas0GlyphBits42[15] = {
    0x00,0x00,0x00,0x3C,0x04,0x04,0x04,0x04,0x04,0x04,0x44,0x78,0x00,0x00,0x00,
};

static const uint8_t kAtlas0GlyphBits43[15] = {
    0x00,0x00,0x00,0x43,0x44,0x48,0x50,0x78,0x48,0x44,0x46,0x43,0x00,0x00,0x00,
};

static const uint8_t kAtlas0GlyphBits44[15] = {
    0x00,0x00,0x00,0x60,0x60,0x60,0x60,0x60,0x60,0x60,0x60,0x7E,0x00,0x00,0x00,
};

static const uint8_t kAtlas0GlyphBits45[15] = {
    0x00,0x00,0x00,0x46,0x66,0x66,0x5A,0x5A,0x52,0x42,0x42,0x42,0x00,0x00,0x00,
};

static const uint8_t kAtlas0GlyphBits46[15] = {
    0x00,0x00,0x00,0x62,0x62,0x52,0x52,0x52,0x4A,0x4A,0x46,0x46,0x00,0x00,0x00,
};

static const uint8_t kAtlas0GlyphBits47[15] = {
    0x00,0x00,0x00,0x3C,0x66,0x42,0x42,0x42,0x42,0x42,0x66,0x3C,0x00,0x00,0x00,
};

static const uint8_t kAtlas0GlyphBits48[15] = {
    0x00,0x00,0x00,0x7C,0x46,0x42,0x46,0x7C,0x40,0x40,0x40,0x40,0x00,0x00,0x00,
};

static const uint8_t kAtlas0GlyphBits49[15] = {
    0x00,0x00,0x00,0x3C,0x66,0x42,0x42,0x42,0x42,0x42,0x66,0x3C,0x04,0x03,0x00,
};

static const uint8_t kAtlas0GlyphBits50[15] = {
    0x00,0x00,0x00,0x7C,0x46,0x46,0x46,0x78,0x44,0x46,0x42,0x43,0x00,0x00,0x00,
};

static const uint8_t kAtlas0GlyphBits51[15] = {
    0x00,0x00,0x00,0x3C,0x42,0x40,0x60,0x3C,0x06,0x02,0x46,0x7C,0x00,0x00,0x00,
};

static const uint8_t kAtlas0GlyphBits52[15] = {
    0x00,0x00,0x00,0xFF,0x18,0x18,0x18,0x18,0x18,0x18,0x18,0x18,0x00,0x00,0x00,
};

static const uint8_t kAtlas0GlyphBits53[15] = {
    0x00,0x00,0x00,0x42,0x42,0x42,0x42,0x42,0x42,0x42,0x46,0x3C,0x00,0x00,0x00,
};

static const uint8_t kAtlas0GlyphBits54[15] = {
    0x00,0x00,0x00,0xC2,0x42,0x46,0x64,0x24,0x24,0x28,0x18,0x18,0x00,0x00,0x00,
};

static const uint8_t kAtlas0GlyphBits55[15] = {
    0x00,0x00,0x00,0x81,0x83,0xDA,0x5A,0x5A,0x6A,0x66,0x66,0x64,0x00,0x00,0x00,
};

static const uint8_t kAtlas0GlyphBits56[15] = {
    0x00,0x00,0x00,0x43,0x26,0x24,0x18,0x18,0x38,0x24,0x46,0xC3,0x00,0x00,0x00,
};

static const uint8_t kAtlas0GlyphBits57[15] = {
    0x00,0x00,0x00,0xC3,0x46,0x24,0x38,0x18,0x18,0x18,0x18,0x18,0x00,0x00,0x00,
};

static const uint8_t kAtlas0GlyphBits58[15] = {
    0x00,0x00,0x00,0x7E,0x06,0x0C,0x08,0x10,0x30,0x20,0x40,0x7E,0x00,0x00,0x00,
};

static const uint8_t kAtlas0GlyphBits59[15] = {
    0x00,0x00,0x3C,0x20,0x20,0x20,0x20,0x20,0x20,0x20,0x20,0x20,0x20,0x3C,0x00,
};

static const uint8_t kAtlas0GlyphBits60[15] = {
    0x00,0x00,0x00,0x40,0x20,0x20,0x30,0x10,0x18,0x08,0x0C,0x04,0x06,0x00,0x00,
};

static const uint8_t kAtlas0GlyphBits61[15] = {
    0x00,0x00,0x3C,0x04,0x04,0x04,0x04,0x04,0x04,0x04,0x04,0x04,0x04,0x3C,0x00,
};

static const uint8_t kAtlas0GlyphBits62[15] = {
    0x00,0x00,0x10,0x18,0x24,0xC2,0x00,0x00,0x00,0x00,0x00,0x00,0x00,0x00,0x00,
};

static const uint8_t kAtlas0GlyphBits63[15] = {
    0x00,0x00,0x00,0x00,0x00,0x00,0x00,0x00,0x00,0x00,0x00,0x00,0x00,0x7E,0x00,
};

static const uint8_t kAtlas0GlyphBits64[15] = {
    0x00,0x20,0x10,0x18,0x00,0x00,0x00,0x00,0x00,0x00,0x00,0x00,0x00,0x00,0x00,
};

static const uint8_t kAtlas0GlyphBits65[15] = {
    0x00,0x00,0x00,0x00,0x00,0x7C,0x06,0x3E,0x42,0x46,0x46,0x3A,0x00,0x00,0x00,
};

static const uint8_t kAtlas0GlyphBits66[15] = {
    0x00,0x00,0x40,0x40,0x40,0x5C,0x66,0x42,0x42,0x42,0x66,0x5C,0x00,0x00,0x00,
};

static const uint8_t kAtlas0GlyphBits67[15] = {
    0x00,0x00,0x00,0x00,0x00,0x3C,0x22,0x40,0x40,0x40,0x22,0x1E,0x00,0x00,0x00,
};

static const uint8_t kAtlas0GlyphBits68[15] = {
    0x00,0x00,0x06,0x06,0x06,0x3E,0x66,0x46,0x46,0x46,0x66,0x3A,0x00,0x00,0x00,
};

static const uint8_t kAtlas0GlyphBits69[15] = {
    0x00,0x00,0x00,0x00,0x00,0x3C,0x66,0x42,0x7E,0x40,0x62,0x3E,0x00,0x00,0x00,
};

static const uint8_t kAtlas0GlyphBits70[15] = {
    0x00,0x00,0x0E,0x10,0x10,0x7E,0x10,0x10,0x10,0x10,0x10,0x10,0x00,0x00,0x00,
};

static const uint8_t kAtlas0GlyphBits71[15] = {
    0x00,0x00,0x00,0x00,0x00,0x3A,0x66,0x42,0x42,0x42,0x66,0x3A,0x02,0x44,0x3C,
};

static const uint8_t kAtlas0GlyphBits72[15] = {
    0x00,0x00,0x40,0x40,0x40,0x5C,0x66,0x46,0x46,0x46,0x46,0x46,0x00,0x00,0x00,
};

static const uint8_t kAtlas0GlyphBits73[15] = {
    0x00,0x00,0x10,0x00,0x00,0x30,0x10,0x10,0x10,0x10,0x18,0x0E,0x00,0x00,0x00,
};

static const uint8_t kAtlas0GlyphBits74[15] = {
    0x00,0x00,0x08,0x00,0x00,0x38,0x08,0x08,0x08,0x08,0x08,0x08,0x08,0x08,0x38,
};

static const uint8_t kAtlas0GlyphBits75[15] = {
    0x00,0x00,0x60,0x60,0x60,0x66,0x6C,0x70,0x68,0x6C,0x64,0x63,0x00,0x00,0x00,
};

static const uint8_t kAtlas0GlyphBits76[15] = {
    0x00,0x00,0x70,0x10,0x10,0x10,0x10,0x10,0x10,0x10,0x10,0x0E,0x00,0x00,0x00,
};

static const uint8_t kAtlas0GlyphBits77[15] = {
    0x00,0x00,0x00,0x00,0x00,0x76,0x5A,0x52,0x52,0x52,0x52,0x52,0x00,0x00,0x00,
};

static const uint8_t kAtlas0GlyphBits78[15] = {
    0x00,0x00,0x00,0x00,0x00,0x5C,0x66,0x46,0x46,0x46,0x46,0x46,0x00,0x00,0x00,
};

static const uint8_t kAtlas0GlyphBits79[15] = {
    0x00,0x00,0x00,0x00,0x00,0x3C,0x66,0x42,0x42,0x42,0x66,0x3C,0x00,0x00,0x00,
};

static const uint8_t kAtlas0GlyphBits80[15] = {
    0x00,0x00,0x00,0x00,0x00,0x5C,0x66,0x42,0x42,0x42,0x66,0x5C,0x40,0x40,0x40,
};

static const uint8_t kAtlas0GlyphBits81[15] = {
    0x00,0x00,0x00,0x00,0x00,0x3A,0x66,0x46,0x42,0x46,0x66,0x3A,0x02,0x02,0x02,
};

static const uint8_t kAtlas0GlyphBits82[15] = {
    0x00,0x00,0x00,0x00,0x00,0x2E,0x32,0x20,0x20,0x20,0x20,0x20,0x00,0x00,0x00,
};

static const uint8_t kAtlas0GlyphBits83[15] = {
    0x00,0x00,0x00,0x00,0x00,0x3C,0x62,0x60,0x3C,0x06,0x44,0x7C,0x00,0x00,0x00,
};

static const uint8_t kAtlas0GlyphBits84[15] = {
    0x00,0x00,0x00,0x10,0x10,0x7E,0x10,0x10,0x10,0x10,0x10,0x1E,0x00,0x00,0x00,
};

static const uint8_t kAtlas0GlyphBits85[15] = {
    0x00,0x00,0x00,0x00,0x00,0x46,0x46,0x46,0x46,0x46,0x66,0x3A,0x00,0x00,0x00,
};

static const uint8_t kAtlas0GlyphBits86[15] = {
    0x00,0x00,0x00,0x00,0x00,0x42,0x46,0x24,0x24,0x2C,0x18,0x18,0x00,0x00,0x00,
};

static const uint8_t kAtlas0GlyphBits87[15] = {
    0x00,0x00,0x00,0x00,0x00,0x81,0x82,0x5A,0x5A,0x5A,0x66,0x24,0x00,0x00,0x00,
};

static const uint8_t kAtlas0GlyphBits88[15] = {
    0x00,0x00,0x00,0x00,0x00,0x46,0x24,0x18,0x18,0x38,0x24,0xC2,0x00,0x00,0x00,
};

static const uint8_t kAtlas0GlyphBits89[15] = {
    0x00,0x00,0x00,0x00,0x00,0x42,0x42,0x24,0x24,0x3C,0x18,0x18,0x10,0x10,0x60,
};

static const uint8_t kAtlas0GlyphBits90[15] = {
    0x00,0x00,0x00,0x00,0x00,0x7E,0x04,0x08,0x18,0x30,0x20,0x7E,0x00,0x00,0x00,
};

static const uint8_t kAtlas0GlyphBits91[15] = {
    0x00,0x00,0x0C,0x10,0x10,0x10,0x10,0x10,0x60,0x10,0x10,0x10,0x10,0x0C,0x00,
};

static const uint8_t kAtlas0GlyphBits92[15] = {
    0x00,0x00,0x10,0x10,0x10,0x10,0x10,0x10,0x10,0x10,0x10,0x10,0x10,0x10,0x10,
};

static const uint8_t kAtlas0GlyphBits93[15] = {
    0x00,0x00,0x30,0x18,0x08,0x08,0x08,0x08,0x06,0x08,0x08,0x08,0x18,0x30,0x00,
};

static const uint8_t kAtlas0GlyphBits94[15] = {
    0x00,0x00,0x00,0x00,0x00,0x00,0x00,0x72,0x5A,0x4E,0x00,0x00,0x00,0x00,0x00,
};

static const uint8_t kAtlas0GlyphBits95[15] = {
    0x00,0x00,0x00,0x00,0x00,0x18,0x3C,0x10,0x10,0x10,0x10,0x10,0x00,0x00,0x00,
};

static const uint8_t kAtlas0GlyphBits96[15] = {
    0x00,0x00,0x00,0x00,0x00,0x04,0x06,0xFE,0x06,0x00,0x00,0x00,0x00,0x00,0x00,
};

static const Glyph kAtlas0Glyphs[97] = {
    { 0x20, kAtlas0GlyphBits0 },
    { 0x21, kAtlas0GlyphBits1 },
    { 0x22, kAtlas0GlyphBits2 },
    { 0x23, kAtlas0GlyphBits3 },
    { 0x24, kAtlas0GlyphBits4 },
    { 0x25, kAtlas0GlyphBits5 },
    { 0x26, kAtlas0GlyphBits6 },
    { 0x27, kAtlas0GlyphBits7 },
    { 0x28, kAtlas0GlyphBits8 },
    { 0x29, kAtlas0GlyphBits9 },
    { 0x2a, kAtlas0GlyphBits10 },
    { 0x2b, kAtlas0GlyphBits11 },
    { 0x2c, kAtlas0GlyphBits12 },
    { 0x2d, kAtlas0GlyphBits13 },
    { 0x2e, kAtlas0GlyphBits14 },
    { 0x2f, kAtlas0GlyphBits15 },
    { 0x30, kAtlas0GlyphBits16 },
    { 0x31, kAtlas0GlyphBits17 },
    { 0x32, kAtlas0GlyphBits18 },
    { 0x33, kAtlas0GlyphBits19 },
    { 0x34, kAtlas0GlyphBits20 },
    { 0x35, kAtlas0GlyphBits21 },
    { 0x36, kAtlas0GlyphBits22 },
    { 0x37, kAtlas0GlyphBits23 },
    { 0x38, kAtlas0GlyphBits24 },
    { 0x39, kAtlas0GlyphBits25 },
    { 0x3a, kAtlas0GlyphBits26 },
    { 0x3b, kAtlas0GlyphBits27 },
    { 0x3c, kAtlas0GlyphBits28 },
    { 0x3d, kAtlas0GlyphBits29 },
    { 0x3e, kAtlas0GlyphBits30 },
    { 0x3f, kAtlas0GlyphBits31 },
    { 0x40, kAtlas0GlyphBits32 },
    { 0x41, kAtlas0GlyphBits33 },
    { 0x42, kAtlas0GlyphBits34 },
    { 0x43, kAtlas0GlyphBits35 },
    { 0x44, kAtlas0GlyphBits36 },
    { 0x45, kAtlas0GlyphBits37 },
    { 0x46, kAtlas0GlyphBits38 },
    { 0x47, kAtlas0GlyphBits39 },
    { 0x48, kAtlas0GlyphBits40 },
    { 0x49, kAtlas0GlyphBits41 },
    { 0x4a, kAtlas0GlyphBits42 },
    { 0x4b, kAtlas0GlyphBits43 },
    { 0x4c, kAtlas0GlyphBits44 },
    { 0x4d, kAtlas0GlyphBits45 },
    { 0x4e, kAtlas0GlyphBits46 },
    { 0x4f, kAtlas0GlyphBits47 },
    { 0x50, kAtlas0GlyphBits48 },
    { 0x51, kAtlas0GlyphBits49 },
    { 0x52, kAtlas0GlyphBits50 },
    { 0x53, kAtlas0GlyphBits51 },
    { 0x54, kAtlas0GlyphBits52 },
    { 0x55, kAtlas0GlyphBits53 },
    { 0x56, kAtlas0GlyphBits54 },
    { 0x57, kAtlas0GlyphBits55 },
    { 0x58, kAtlas0GlyphBits56 },
    { 0x59, kAtlas0GlyphBits57 },
    { 0x5a, kAtlas0GlyphBits58 },
    { 0x5b, kAtlas0GlyphBits59 },
    { 0x5c, kAtlas0GlyphBits60 },
    { 0x5d, kAtlas0GlyphBits61 },
    { 0x5e, kAtlas0GlyphBits62 },
    { 0x5f, kAtlas0GlyphBits63 },
    { 0x60, kAtlas0GlyphBits64 },
    { 0x61, kAtlas0GlyphBits65 },
    { 0x62, kAtlas0GlyphBits66 },
    { 0x63, kAtlas0GlyphBits67 },
    { 0x64, kAtlas0GlyphBits68 },
    { 0x65, kAtlas0GlyphBits69 },
    { 0x66, kAtlas0GlyphBits70 },
    { 0x67, kAtlas0GlyphBits71 },
    { 0x68, kAtlas0GlyphBits72 },
    { 0x69, kAtlas0GlyphBits73 },
    { 0x6a, kAtlas0GlyphBits74 },
    { 0x6b, kAtlas0GlyphBits75 },
    { 0x6c, kAtlas0GlyphBits76 },
    { 0x6d, kAtlas0GlyphBits77 },
    { 0x6e, kAtlas0GlyphBits78 },
    { 0x6f, kAtlas0GlyphBits79 },
    { 0x70, kAtlas0GlyphBits80 },
    { 0x71, kAtlas0GlyphBits81 },
    { 0x72, kAtlas0GlyphBits82 },
    { 0x73, kAtlas0GlyphBits83 },
    { 0x74, kAtlas0GlyphBits84 },
    { 0x75, kAtlas0GlyphBits85 },
    { 0x76, kAtlas0GlyphBits86 },
    { 0x77, kAtlas0GlyphBits87 },
    { 0x78, kAtlas0GlyphBits88 },
    { 0x79, kAtlas0GlyphBits89 },
    { 0x7a, kAtlas0GlyphBits90 },
    { 0x7b, kAtlas0GlyphBits91 },
    { 0x7c, kAtlas0GlyphBits92 },
    { 0x7d, kAtlas0GlyphBits93 },
    { 0x7e, kAtlas0GlyphBits94 },
    { 0x2191, kAtlas0GlyphBits95 },
    { 0x2192, kAtlas0GlyphBits96 },
};

static const uint8_t kAtlas1GlyphBits0[38] = {
    0x00,0x00,0x00,0x00,0x00,0x00,0x00,0x00,0x00,0x00,0x00,0x00,0x00,0x00,0x00,0x00,
    0x00,0x00,0x00,0x00,0x00,0x00,0x00,0x00,0x00,0x00,0x00,0x00,0x00,0x00,0x00,0x00,
    0x00,0x00,0x00,0x00,0x00,0x00,
};

static const uint8_t kAtlas1GlyphBits1[38] = {
    0x00,0x00,0x00,0x00,0x00,0x00,0x0C,0x00,0x0C,0x00,0x0C,0x00,0x0C,0x00,0x0C,0x00,
    0x0C,0x00,0x08,0x00,0x08,0x00,0x00,0x00,0x0C,0x00,0x0C,0x00,0x0C,0x00,0x00,0x00,
    0x00,0x00,0x00,0x00,0x00,0x00,
};

static const uint8_t kAtlas1GlyphBits2[38] = {
    0x00,0x00,0x00,0x00,0x00,0x00,0x12,0x00,0x12,0x00,0x12,0x00,0x12,0x00,0x00,0x00,
    0x00,0x00,0x00,0x00,0x00,0x00,0x00,0x00,0x00,0x00,0x00,0x00,0x00,0x00,0x00,0x00,
    0x00,0x00,0x00,0x00,0x00,0x00,
};

static const uint8_t kAtlas1GlyphBits3[38] = {
    0x00,0x00,0x00,0x00,0x00,0x00,0x09,0x80,0x09,0x00,0x09,0x00,0x19,0x00,0x7F,0xC0,
    0x12,0x00,0x12,0x00,0x32,0x00,0xFF,0x80,0x24,0x00,0x24,0x00,0x6C,0x00,0x00,0x00,
    0x00,0x00,0x00,0x00,0x00,0x00,
};

static const uint8_t kAtlas1GlyphBits4[38] = {
    0x00,0x00,0x00,0x00,0x00,0x00,0x0C,0x00,0x0C,0x00,0x1F,0x00,0x25,0x00,0x64,0x00,
    0x24,0x00,0x3E,0x00,0x07,0x00,0x05,0x80,0x05,0x80,0x65,0x00,0x3E,0x00,0x0C,0x00,
    0x0C,0x00,0x00,0x00,0x00,0x00,
};

static const uint8_t kAtlas1GlyphBits5[38] = {
    0x00,0x00,0x00,0x00,0x00,0x00,0x00,0x00,0x70,0x00,0xC8,0x00,0x88,0x00,0xC8,0x80,
    0x73,0x80,0x0C,0x00,0x77,0x00,0x84,0x80,0x08,0x80,0x04,0x80,0x07,0x00,0x00,0x00,
    0x00,0x00,0x00,0x00,0x00,0x00,
};

static const uint8_t kAtlas1GlyphBits6[38] = {
    0x00,0x00,0x00,0x00,0x00,0x00,0x1E,0x00,0x32,0x00,0x20,0x00,0x20,0x00,0x30,0x00,
    0x38,0x00,0x4C,0x80,0x44,0x80,0xC6,0x80,0x43,0x80,0x63,0x80,0x3C,0xC0,0x00,0x00,
    0x00,0x00,0x00,0x00,0x00,0x00,
};

static const uint8_t kAtlas1GlyphBits7[38] = {
    0x00,0x00,0x00,0x00,0x00,0x00,0x08,0x00,0x08,0x00,0x08,0x00,0x08,0x00,0x00,0x00,
    0x00,0x00,0x00,0x00,0x00,0x00,0x00,0x00,0x00,0x00,0x00,0x00,0x00,0x00,0x00,0x00,
    0x00,0x00,0x00,0x00,0x00,0x00,
};

static const uint8_t kAtlas1GlyphBits8[38] = {
    0x00,0x00,0x00,0x00,0x00,0x00,0x0C,0x00,0x08,0x00,0x18,0x00,0x10,0x00,0x10,0x00,
    0x30,0x00,0x30,0x00,0x30,0x00,0x30,0x00,0x10,0x00,0x10,0x00,0x18,0x00,0x08,0x00,
    0x0C,0x00,0x00,0x00,0x00,0x00,
};

static const uint8_t kAtlas1GlyphBits9[38] = {
    0x00,0x00,0x00,0x00,0x00,0x00,0x08,0x00,0x04,0x00,0x04,0x00,0x06,0x00,0x02,0x00,
    0x02,0x00,0x02,0x00,0x02,0x00,0x02,0x00,0x02,0x00,0x06,0x00,0x06,0x00,0x04,0x00,
    0x0C,0x00,0x00,0x00,0x00,0x00,
};

static const uint8_t kAtlas1GlyphBits10[38] = {
    0x00,0x00,0x00,0x00,0x00,0x00,0x00,0x00,0x08,0x00,0x08,0x00,0x48,0x80,0x3F,0x00,
    0x0C,0x00,0x14,0x00,0x32,0x00,0x21,0x00,0x00,0x00,0x00,0x00,0x00,0x00,0x00,0x00,
    0x00,0x00,0x00,0x00,0x00,0x00,
};

static const uint8_t kAtlas1GlyphBits11[38] = {
    0x00,0x00,0x00,0x00,0x00,0x00,0x00,0x00,0x00,0x00,0x00,0x00,0x08,0x00,0x08,0x00,
    0x08,0x00,0x7F,0x80,0x08,0x00,0x08,0x00,0x08,0x00,0x08,0x00,0x00,0x00,0x00,0x00,
    0x00,0x00,0x00,0x00,0x00,0x00,
};

static const uint8_t kAtlas1GlyphBits12[38] = {
    0x00,0x00,0x00,0x00,0x00,0x00,0x00,0x00,0x00,0x00,0x00,0x00,0x00,0x00,0x00,0x00,
    0x00,0x00,0x00,0x00,0x00,0x00,0x00,0x00,0x00,0x00,0x0C,0x00,0x0C,0x00,0x04,0x00,
    0x04,0x00,0x18,0x00,0x00,0x00,
};

static const uint8_t kAtlas1GlyphBits13[38] = {
    0x00,0x00,0x00,0x00,0x00,0x00,0x00,0x00,0x00,0x00,0x00,0x00,0x00,0x00,0x00,0x00,
    0x00,0x00,0x00,0x00,0x3F,0x00,0x00,0x00,0x00,0x00,0x00,0x00,0x00,0x00,0x00,0x00,
    0x00,0x00,0x00,0x00,0x00,0x00,
};

static const uint8_t kAtlas1GlyphBits14[38] = {
    0x00,0x00,0x00,0x00,0x00,0x00,0x00,0x00,0x00,0x00,0x00,0x00,0x00,0x00,0x00,0x00,
    0x00,0x00,0x00,0x00,0x00,0x00,0x00,0x00,0x0C,0x00,0x0C,0x00,0x0C,0x00,0x00,0x00,
    0x00,0x00,0x00,0x00,0x00,0x00,
};

static const uint8_t kAtlas1GlyphBits15[38] = {
    0x00,0x00,0x00,0x00,0x00,0x00,0x01,0x00,0x03,0x00,0x02,0x00,0x06,0x00,0x04,0x00,
    0x0C,0x00,0x08,0x00,0x18,0x00,0x10,0x00,0x30,0x00,0x20,0x00,0x20,0x00,0x60,0x00,
    0x00,0x00,0x00,0x00,0x00,0x00,
};

static const uint8_t kAtlas1GlyphBits16[38] = {
    0x00,0x00,0x00,0x00,0x00,0x00,0x1E,0x00,0x33,0x00,0x21,0x00,0x69,0x00,0x6D,0x80,
    0x6D,0x80,0x6D,0x80,0x69,0x80,0x61,0x00,0x21,0x00,0x33,0x00,0x1E,0x00,0x00,0x00,
    0x00,0x00,0x00,0x00,0x00,0x00,
};

static const uint8_t kAtlas1GlyphBits17[38] = {
    0x00,0x00,0x00,0x00,0x00,0x00,0x0C,0x00,0x1C,0x00,0x34,0x00,0x24,0x00,0x04,0x00,
    0x04,0x00,0x04,0x00,0x04,0x00,0x04,0x00,0x04,0x00,0x04,0x00,0x3F,0x80,0x00,0x00,
    0x00,0x00,0x00,0x00,0x00,0x00,
};

static const uint8_t kAtlas1GlyphBits18[38] = {
    0x00,0x00,0x00,0x00,0x00,0x00,0x3E,0x00,0x63,0x00,0x03,0x00,0x01,0x00,0x03,0x00,
    0x03,0x00,0x06,0x00,0x0C,0x00,0x18,0x00,0x30,0x00,0x60,0x00,0x7F,0x00,0x00,0x00,
    0x00,0x00,0x00,0x00,0x00,0x00,
};

static const uint8_t kAtlas1GlyphBits19[38] = {
    0x00,0x00,0x00,0x00,0x00,0x00,0x3E,0x00,0x23,0x00,0x01,0x00,0x01,0x00,0x03,0x00,
    0x1C,0x00,0x03,0x00,0x01,0x00,0x01,0x80,0x01,0x00,0x43,0x00,0x7E,0x00,0x00,0x00,
    0x00,0x00,0x00,0x00,0x00,0x00,
};

static const uint8_t kAtlas1GlyphBits20[38] = {
    0x00,0x00,0x00,0x00,0x00,0x00,0x06,0x00,0x06,0x00,0x0A,0x00,0x1A,0x00,0x12,0x00,
    0x22,0x00,0x22,0x00,0x42,0x00,0x7F,0x80,0x02,0x00,0x02,0x00,0x02,0x00,0x00,0x00,
    0x00,0x00,0x00,0x00,0x00,0x00,
};

static const uint8_t kAtlas1GlyphBits21[38] = {
    0x00,0x00,0x00,0x00,0x00,0x00,0x3F,0x00,0x20,0x00,0x20,0x00,0x20,0x00,0x3E,0x00,
    0x47,0x00,0x03,0x00,0x01,0x00,0x01,0x00,0x03,0x00,0x47,0x00,0x7C,0x00,0x00,0x00,
    0x00,0x00,0x00,0x00,0x00,0x00,
};

static const uint8_t kAtlas1GlyphBits22[38] = {
    0x00,0x00,0x00,0x00,0x00,0x00,0x1F,0x00,0x31,0x00,0x20,0x00,0x60,0x00,0x7E,0x00,
    0x73,0x00,0x61,0x00,0x61,0x80,0x61,0x80,0x61,0x00,0x33,0x00,0x1E,0x00,0x00,0x00,
    0x00,0x00,0x00,0x00,0x00,0x00,
};

static const uint8_t kAtlas1GlyphBits23[38] = {
    0x00,0x00,0x00,0x00,0x00,0x00,0x7F,0x00,0x01,0x00,0x03,0x00,0x02,0x00,0x06,0x00,
    0x06,0x00,0x04,0x00,0x0C,0x00,0x0C,0x00,0x08,0x00,0x18,0x00,0x10,0x00,0x00,0x00,
    0x00,0x00,0x00,0x00,0x00,0x00,
};

static const uint8_t kAtlas1GlyphBits24[38] = {
    0x00,0x00,0x00,0x00,0x00,0x00,0x1E,0x00,0x33,0x00,0x61,0x00,0x61,0x00,0x23,0x00,
    0x1C,0x00,0x33,0x00,0x61,0x00,0x61,0x80,0x61,0x80,0x73,0x00,0x1E,0x00,0x00,0x00,
    0x00,0x00,0x00,0x00,0x00,0x00,
};

static const uint8_t kAtlas1GlyphBits25[38] = {
    0x00,0x00,0x00,0x00,0x00,0x00,0x1E,0x00,0x33,0x00,0x61,0x00,0x61,0x00,0x61,0x00,
    0x61,0x80,0x23,0x80,0x3D,0x00,0x01,0x00,0x03,0x00,0x26,0x00,0x3C,0x00,0x00,0x00,
    0x00,0x00,0x00,0x00,0x00,0x00,
};

static const uint8_t kAtlas1GlyphBits26[38] = {
    0x00,0x00,0x00,0x00,0x00,0x00,0x00,0x00,0x00,0x00,0x00,0x00,0x0C,0x00,0x0C,0x00,
    0x0C,0x00,0x00,0x00,0x00,0x00,0x00,0x00,0x0C,0x00,0x0C,0x00,0x0C,0x00,0x00,0x00,
    0x00,0x00,0x00,0x00,0x00,0x00,
};

static const uint8_t kAtlas1GlyphBits27[38] = {
    0x00,0x00,0x00,0x00,0x00,0x00,0x00,0x00,0x00,0x00,0x00,0x00,0x00,0x00,0x0C,0x00,
    0x1C,0x00,0x0C,0x00,0x00,0x00,0x00,0x00,0x00,0x00,0x0C,0x00,0x0C,0x00,0x04,0x00,
    0x04,0x00,0x08,0x00,0x10,0x00,
};

static const uint8_t kAtlas1GlyphBits28[38] = {
    0x00,0x00,0x00,0x00,0x00,0x00,0x00,0x00,0x00,0x00,0x00,0x00,0x00,0x80,0x07,0x80,
    0x1C,0x00,0x70,0x00,0x70,0x00,0x1C,0x00,0x07,0x80,0x00,0x80,0x00,0x00,0x00,0x00,
    0x00,0x00,0x00,0x00,0x00,0x00,
};

static const uint8_t kAtlas1GlyphBits29[38] = {
    0x00,0x00,0x00,0x00,0x00,0x00,0x00,0x00,0x00,0x00,0x00,0x00,0x00,0x00,0x00,0x00,
    0x7F,0x80,0x00,0x00,0x00,0x00,0x7F,0x80,0x00,0x00,0x00,0x00,0x00,0x00,0x00,0x00,
    0x00,0x00,0x00,0x00,0x00,0x00,
};

static const uint8_t kAtlas1GlyphBits30[38] = {
    0x00,0x00,0x00,0x00,0x00,0x00,0x00,0x00,0x00,0x00,0x00,0x00,0x40,0x00,0x70,0x00,
    0x1E,0x00,0x03,0x80,0x03,0x80,0x1E,0x00,0x70,0x00,0x40,0x00,0x00,0x00,0x00,0x00,
    0x00,0x00,0x00,0x00,0x00,0x00,
};

static const uint8_t kAtlas1GlyphBits31[38] = {
    0x00,0x00,0x00,0x00,0x00,0x00,0x1E,0x00,0x23,0x00,0x01,0x00,0x03,0x00,0x02,0x00,
    0x04,0x00,0x0C,0x00,0x08,0x00,0x00,0x00,0x00,0x00,0x1C,0x00,0x0C,0x00,0x00,0x00,
    0x00,0x00,0x00,0x00,0x00,0x00,
};

static const uint8_t kAtlas1GlyphBits32[38] = {
    0x00,0x00,0x00,0x00,0x00,0x00,0x00,0x00,0x1F,0x00,0x31,0x80,0x60,0x80,0x47,0x80,
    0xC9,0x80,0x98,0x80,0x90,0x80,0x98,0x80,0xC9,0x80,0x4F,0x80,0x60,0x00,0x30,0x00,
    0x1F,0x00,0x00,0x00,0x00,0x00,
};

static const uint8_t kAtlas1GlyphBits33[38] = {
    0x00,0x00,0x00,0x00,0x00,0x00,0x0C,0x00,0x1C,0x00,0x1E,0x00,0x16,0x00,0x12,0x00,
    0x32,0x00,0x33,0x00,0x23,0x00,0x7F,0x00,0x61,0x80,0x41,0x80,0xC0,0x80,0x00,0x00,
    0x00,0x00,0x00,0x00,0x00,0x00,
};

static const uint8_t kAtlas1GlyphBits34[38] = {
    0x00,0x00,0x00,0x00,0x00,0x00,0x7E,0x00,0x63,0x00,0x61,0x00,0x61,0x00,0x63,0x00,
    0x7E,0x00,0x63,0x00,0x61,0x80,0x61,0x80,0x61,0x80,0x63,0x00,0x7E,0x00,0x00,0x00,
    0x00,0x00,0x00,0x00,0x00,0x00,
};

static const uint8_t kAtlas1GlyphBits35[38] = {
    0x00,0x00,0x00,0x00,0x00,0x00,0x0F,0x00,0x31,0x00,0x20,0x00,0x60,0x00,0x60,0x00,
    0x60,0x00,0x60,0x00,0x60,0x00,0x60,0x00,0x20,0x00,0x39,0x00,0x0F,0x00,0x00,0x00,
    0x00,0x00,0x00,0x00,0x00,0x00,
};

static const uint8_t kAtlas1GlyphBits36[38] = {
    0x00,0x00,0x00,0x00,0x00,0x00,0x7C,0x00,0x66,0x00,0x63,0x00,0x61,0x00,0x61,0x80,
    0x61,0x80,0x61,0x80,0x61,0x80,0x61,0x00,0x63,0x00,0x66,0x00,0x7C,0x00,0x00,0x00,
    0x00,0x00,0x00,0x00,0x00,0x00,
};

static const uint8_t kAtlas1GlyphBits37[38] = {
    0x00,0x00,0x00,0x00,0x00,0x00,0x3F,0x00,0x20,0x00,0x20,0x00,0x20,0x00,0x20,0x00,
    0x3F,0x00,0x20,0x00,0x20,0x00,0x20,0x00,0x20,0x00,0x20,0x00,0x3F,0x80,0x00,0x00,
    0x00,0x00,0x00,0x00,0x00,0x00,
};

static const uint8_t kAtlas1GlyphBits38[38] = {
    0x00,0x00,0x00,0x00,0x00,0x00,0x3F,0x80,0x20,0x00,0x20,0x00,0x20,0x00,0x20,0x00,
    0x3F,0x00,0x20,0x00,0x20,0x00,0x20,0x00,0x20,0x00,0x20,0x00,0x20,0x00,0x00,0x00,
    0x00,0x00,0x00,0x00,0x00,0x00,
};

static const uint8_t kAtlas1GlyphBits39[38] = {
    0x00,0x00,0x00,0x00,0x00,0x00,0x1F,0x00,0x31,0x00,0x60,0x00,0x60,0x00,0x60,0x00,
    0x40,0x00,0x47,0x80,0x61,0x80,0x61,0x80,0x61,0x80,0x31,0x80,0x1F,0x00,0x00,0x00,
    0x00,0x00,0x00,0x00,0x00,0x00,
};

static const uint8_t kAtlas1GlyphBits40[38] = {
    0x00,0x00,0x00,0x00,0x00,0x00,0x61,0x80,0x61,0x80,0x61,0x80,0x61,0x80,0x61,0x80,
    0x7F,0x80,0x61,0x80,0x61,0x80,0x61,0x80,0x61,0x80,0x61,0x80,0x61,0x80,0x00,0x00,
    0x00,0x00,0x00,0x00,0x00,0x00,
};

static const uint8_t kAtlas1GlyphBits41[38] = {
    0x00,0x00,0x00,0x00,0x00,0x00,0x3F,0x00,0x0C,0x00,0x0C,0x00,0x0C,0x00,0x0C,0x00,
    0x0C,0x00,0x0C,0x00,0x0C,0x00,0x0C,0x00,0x0C,0x00,0x0C,0x00,0x3F,0x00,0x00,0x00,
    0x00,0x00,0x00,0x00,0x00,0x00,
};

static const uint8_t kAtlas1GlyphBits42[38] = {
    0x00,0x00,0x00,0x00,0x00,0x00,0x1E,0x00,0x02,0x00,0x02,0x00,0x02,0x00,0x02,0x00,
    0x02,0x00,0x02,0x00,0x02,0x00,0x02,0x00,0x42,0x00,0x46,0x00,0x7C,0x00,0x00,0x00,
    0x00,0x00,0x00,0x00,0x00,0x00,
};

static const uint8_t kAtlas1GlyphBits43[38] = {
    0x00,0x00,0x00,0x00,0x00,0x00,0x61,0x80,0x63,0x00,0x66,0x00,0x6C,0x00,0x78,0x00,
    0x78,0x00,0x6C,0x00,0x66,0x00,0x66,0x00,0x63,0x00,0x61,0x80,0x61,0xC0,0x00,0x00,
    0x00,0x00,0x00,0x00,0x00,0x00,
};

static const uint8_t kAtlas1GlyphBits44[38] = {
    0x00,0x00,0x00,0x00,0x00,0x00,0x20,0x00,0x20,0x00,0x20,0x00,0x20,0x00,0x20,0x00,
    0x20,0x00,0x20,0x00,0x20,0x00,0x20,0x00,0x20,0x00,0x20,0x00,0x3F,0x80,0x00,0x00,
    0x00,0x00,0x00,0x00,0x00,0x00,
};

static const uint8_t kAtlas1GlyphBits45[38] = {
    0x00,0x00,0x00,0x00,0x00,0x00,0x61,0x80,0x63,0x80,0x73,0x80,0x53,0x80,0x55,0x80,
    0x5D,0x80,0x4D,0x80,0x49,0x80,0x41,0x80,0x41,0x80,0x41,0x80,0x41,0x80,0x00,0x00,
    0x00,0x00,0x00,0x00,0x00,0x00,
};

static const uint8_t kAtlas1GlyphBits46[38] = {
    0x00,0x00,0x00,0x00,0x00,0x00,0x61,0x80,0x71,0x80,0x71,0x80,0x71,0x80,0x69,0x80,
    0x69,0x80,0x6D,0x80,0x65,0x80,0x65,0x80,0x63,0x80,0x63,0x80,0x63,0x80,0x00,0x00,
    0x00,0x00,0x00,0x00,0x00,0x00,
};

static const uint8_t kAtlas1GlyphBits47[38] = {
    0x00,0x00,0x00,0x00,0x00,0x00,0x1E,0x00,0x33,0x00,0x61,0x00,0x61,0x80,0x61,0x80,
    0x61,0x80,0x61,0x80,0x61,0x80,0x61,0x80,0x61,0x00,0x33,0x00,0x1E,0x00,0x00,0x00,
    0x00,0x00,0x00,0x00,0x00,0x00,
};

static const uint8_t kAtlas1GlyphBits48[38] = {
    0x00,0x00,0x00,0x00,0x00,0x00,0x7E,0x00,0x63,0x00,0x61,0x80,0x61,0x80,0x61,0x80,
    0x63,0x00,0x7E,0x00,0x60,0x00,0x60,0x00,0x60,0x00,0x60,0x00,0x60,0x00,0x00,0x00,
    0x00,0x00,0x00,0x00,0x00,0x00,
};

static const uint8_t kAtlas1GlyphBits49[38] = {
    0x00,0x00,0x00,0x00,0x00,0x00,0x1E,0x00,0x33,0x00,0x61,0x00,0x61,0x80,0x61,0x80,
    0x61,0x80,0x61,0x80,0x61,0x80,0x61,0x80,0x61,0x00,0x33,0x00,0x1E,0x00,0x02,0x00,
    0x01,0x80,0x00,0x00,0x00,0x00,
};

static const uint8_t kAtlas1GlyphBits50[38] = {
    0x00,0x00,0x00,0x00,0x00,0x00,0x7E,0x00,0x63,0x00,0x63,0x00,0x61,0x00,0x61,0x00,
    0x63,0x00,0x7E,0x00,0x66,0x00,0x63,0x00,0x61,0x00,0x61,0x80,0x60,0xC0,0x00,0x00,
    0x00,0x00,0x00,0x00,0x00,0x00,
};

static const uint8_t kAtlas1GlyphBits51[38] = {
    0x00,0x00,0x00,0x00,0x00,0x00,0x1F,0x00,0x31,0x00,0x60,0x00,0x60,0x00,0x60,0x00,
    0x3E,0x00,0x0F,0x00,0x01,0x00,0x01,0x80,0x01,0x00,0x63,0x00,0x3E,0x00,0x00,0x00,
    0x00,0x00,0x00,0x00,0x00,0x00,
};

static const uint8_t kAtlas1GlyphBits52[38] = {
    0x00,0x00,0x00,0x00,0x00,0x00,0xFF,0x80,0x0C,0x00,0x0C,0x00,0x0C,0x00,0x0C,0x00,
    0x0C,0x00,0x0C,0x00,0x0C,0x00,0x0C,0x00,0x0C,0x00,0x0C,0x00,0x0C,0x00,0x00,0x00,
    0x00,0x00,0x00,0x00,0x00,0x00,
};

static const uint8_t kAtlas1GlyphBits53[38] = {
    0x00,0x00,0x00,0x00,0x00,0x00,0x61,0x00,0x61,0x00,0x61,0x00,0x61,0x00,0x61,0x00,
    0x61,0x00,0x61,0x00,0x61,0x00,0x61,0x00,0x61,0x00,0x33,0x00,0x1E,0x00,0x00,0x00,
    0x00,0x00,0x00,0x00,0x00,0x00,
};

static const uint8_t kAtlas1GlyphBits54[38] = {
    0x00,0x00,0x00,0x00,0x00,0x00,0xC1,0x80,0x41,0x80,0x61,0x00,0x61,0x00,0x23,0x00,
    0x23,0x00,0x32,0x00,0x12,0x00,0x16,0x00,0x1C,0x00,0x1C,0x00,0x0C,0x00,0x00,0x00,
    0x00,0x00,0x00,0x00,0x00,0x00,
};

static const uint8_t kAtlas1GlyphBits55[38] = {
    0x00,0x00,0x00,0x00,0x00,0x00,0xC0,0xC0,0xC0,0x80,0xC0,0x80,0x4C,0x80,0x4C,0x80,
    0x5D,0x80,0x55,0x80,0x57,0x80,0x73,0x00,0x73,0x00,0x33,0x00,0x23,0x00,0x00,0x00,
    0x00,0x00,0x00,0x00,0x00,0x00,
};

static const uint8_t kAtlas1GlyphBits56[38] = {
    0x00,0x00,0x00,0x00,0x00,0x00,0x61,0x80,0x21,0x00,0x33,0x00,0x12,0x00,0x1C,0x00,
    0x0C,0x00,0x0C,0x00,0x1E,0x00,0x32,0x00,0x23,0x00,0x61,0x80,0xC0,0x80,0x00,0x00,
    0x00,0x00,0x00,0x00,0x00,0x00,
};

static const uint8_t kAtlas1GlyphBits57[38] = {
    0x00,0x00,0x00,0x00,0x00,0x00,0xC1,0x80,0x61,0x80,0x23,0x00,0x32,0x00,0x16,0x00,
    0x1C,0x00,0x0C,0x00,0x0C,0x00,0x0C,0x00,0x0C,0x00,0x0C,0x00,0x0C,0x00,0x00,0x00,
    0x00,0x00,0x00,0x00,0x00,0x00,
};

static const uint8_t kAtlas1GlyphBits58[38] = {
    0x00,0x00,0x00,0x00,0x00,0x00,0x7F,0x80,0x01,0x00,0x03,0x00,0x06,0x00,0x04,0x00,
    0x0C,0x00,0x08,0x00,0x18,0x00,0x30,0x00,0x20,0x00,0x60,0x00,0x7F,0x80,0x00,0x00,
    0x00,0x00,0x00,0x00,0x00,0x00,
};

static const uint8_t kAtlas1GlyphBits59[38] = {
    0x00,0x00,0x00,0x00,0x1E,0x00,0x10,0x00,0x10,0x00,0x10,0x00,0x10,0x00,0x10,0x00,
    0x10,0x00,0x10,0x00,0x10,0x00,0x10,0x00,0x10,0x00,0x10,0x00,0x10,0x00,0x10,0x00,
    0x1E,0x00,0x00,0x00,0x00,0x00,
};

static const uint8_t kAtlas1GlyphBits60[38] = {
    0x00,0x00,0x00,0x00,0x00,0x00,0x60,0x00,0x20,0x00,0x30,0x00,0x10,0x00,0x18,0x00,
    0x08,0x00,0x0C,0x00,0x04,0x00,0x06,0x00,0x02,0x00,0x02,0x00,0x03,0x00,0x01,0x80,
    0x00,0x00,0x00,0x00,0x00,0x00,
};

static const uint8_t kAtlas1GlyphBits61[38] = {
    0x00,0x00,0x00,0x00,0x3E,0x00,0x02,0x00,0x02,0x00,0x02,0x00,0x02,0x00,0x02,0x00,
    0x02,0x00,0x02,0x00,0x02,0x00,0x02,0x00,0x02,0x00,0x02,0x00,0x02,0x00,0x02,0x00,
    0x3E,0x00,0x00,0x00,0x00,0x00,
};

static const uint8_t kAtlas1GlyphBits62[38] = {
    0x00,0x00,0x00,0x00,0x00,0x00,0x0C,0x00,0x1C,0x00,0x16,0x00,0x23,0x00,0x41,0x80,
    0x00,0x00,0x00,0x00,0x00,0x00,0x00,0x00,0x00,0x00,0x00,0x00,0x00,0x00,0x00,0x00,
    0x00,0x00,0x00,0x00,0x00,0x00,
};

static const uint8_t kAtlas1GlyphBits63[38] = {
    0x00,0x00,0x00,0x00,0x00,0x00,0x00,0x00,0x00,0x00,0x00,0x00,0x00,0x00,0x00,0x00,
    0x00,0x00,0x00,0x00,0x00,0x00,0x00,0x00,0x00,0x00,0x00,0x00,0x00,0x00,0x00,0x00,
    0x7F,0x80,0x00,0x00,0x00,0x00,
};

static const uint8_t kAtlas1GlyphBits64[38] = {
    0x00,0x00,0x00,0x00,0x30,0x00,0x18,0x00,0x0C,0x00,0x00,0x00,0x00,0x00,0x00,0x00,
    0x00,0x00,0x00,0x00,0x00,0x00,0x00,0x00,0x00,0x00,0x00,0x00,0x00,0x00,0x00,0x00,
    0x00,0x00,0x00,0x00,0x00,0x00,
};

static const uint8_t kAtlas1GlyphBits65[38] = {
    0x00,0x00,0x00,0x00,0x00,0x00,0x00,0x00,0x00,0x00,0x00,0x00,0x3E,0x00,0x23,0x00,
    0x01,0x00,0x3F,0x00,0x61,0x00,0x61,0x00,0x63,0x00,0x63,0x00,0x3D,0x80,0x00,0x00,
    0x00,0x00,0x00,0x00,0x00,0x00,
};

static const uint8_t kAtlas1GlyphBits66[38] = {
    0x00,0x00,0x00,0x00,0x00,0x00,0x20,0x00,0x20,0x00,0x20,0x00,0x2E,0x00,0x33,0x00,
    0x21,0x00,0x21,0x80,0x21,0x80,0x21,0x80,0x21,0x00,0x33,0x00,0x2E,0x00,0x00,0x00,
    0x00,0x00,0x00,0x00,0x00,0x00,
};

static const uint8_t kAtlas1GlyphBits67[38] = {
    0x00,0x00,0x00,0x00,0x00,0x00,0x00,0x00,0x00,0x00,0x00,0x00,0x1F,0x00,0x31,0x00,
    0x20,0x00,0x60,0x00,0x60,0x00,0x60,0x00,0x20,0x00,0x31,0x00,0x1F,0x00,0x00,0x00,
    0x00,0x00,0x00,0x00,0x00,0x00,
};

static const uint8_t kAtlas1GlyphBits68[38] = {
    0x00,0x00,0x00,0x00,0x00,0x00,0x01,0x00,0x01,0x00,0x01,0x00,0x1D,0x00,0x33,0x00,
    0x63,0x00,0x61,0x00,0x41,0x00,0x61,0x00,0x63,0x00,0x33,0x00,0x1D,0x00,0x00,0x00,
    0x00,0x00,0x00,0x00,0x00,0x00,
};

static const uint8_t kAtlas1GlyphBits69[38] = {
    0x00,0x00,0x00,0x00,0x00,0x00,0x00,0x00,0x00,0x00,0x00,0x00,0x1E,0x00,0x33,0x00,
    0x61,0x00,0x61,0x80,0x7F,0x80,0x40,0x00,0x60,0x00,0x31,0x00,0x1F,0x00,0x00,0x00,
    0x00,0x00,0x00,0x00,0x00,0x00,
};

static const uint8_t kAtlas1GlyphBits70[38] = {
    0x00,0x00,0x00,0x00,0x00,0x00,0x0F,0x00,0x08,0x00,0x08,0x00,0x7F,0x00,0x08,0x00,
    0x08,0x00,0x08,0x00,0x08,0x00,0x08,0x00,0x08,0x00,0x08,0x00,0x08,0x00,0x00,0x00,
    0x00,0x00,0x00,0x00,0x00,0x00,
};

static const uint8_t kAtlas1GlyphBits71[38] = {
    0x00,0x00,0x00,0x00,0x00,0x00,0x00,0x00,0x00,0x00,0x00,0x00,0x1D,0x00,0x33,0x00,
    0x61,0x00,0x61,0x00,0x61,0x00,0x61,0x00,0x61,0x00,0x33,0x00,0x1D,0x00,0x01,0x00,
    0x23,0x00,0x3E,0x00,0x00,0x00,
};

static const uint8_t kAtlas1GlyphBits72[38] = {
    0x00,0x00,0x00,0x00,0x00,0x00,0x20,0x00,0x20,0x00,0x20,0x00,0x2E,0x00,0x33,0x00,
    0x21,0x00,0x21,0x00,0x21,0x00,0x21,0x00,0x21,0x00,0x21,0x00,0x21,0x00,0x00,0x00,
    0x00,0x00,0x00,0x00,0x00,0x00,
};

static const uint8_t kAtlas1GlyphBits73[38] = {
    0x00,0x00,0x00,0x00,0x00,0x00,0x08,0x00,0x00,0x00,0x00,0x00,0x38,0x00,0x08,0x00,
    0x08,0x00,0x08,0x00,0x08,0x00,0x08,0x00,0x0C,0x00,0x0C,0x00,0x07,0x80,0x00,0x00,
    0x00,0x00,0x00,0x00,0x00,0x00,
};

static const uint8_t kAtlas1GlyphBits74[38] = {
    0x00,0x00,0x00,0x00,0x00,0x00,0x04,0x00,0x00,0x00,0x00,0x00,0x1E,0x00,0x06,0x00,
    0x06,0x00,0x06,0x00,0x06,0x00,0x06,0x00,0x06,0x00,0x06,0x00,0x06,0x00,0x04,0x00,
    0x04,0x00,0x38,0x00,0x00,0x00,
};

static const uint8_t kAtlas1GlyphBits75[38] = {
    0x00,0x00,0x00,0x00,0x00,0x00,0x20,0x00,0x20,0x00,0x20,0x00,0x21,0x80,0x22,0x00,
    0x24,0x00,0x28,0x00,0x3C,0x00,0x26,0x00,0x23,0x00,0x21,0x00,0x21,0x80,0x00,0x00,
    0x00,0x00,0x00,0x00,0x00,0x00,
};

static const uint8_t kAtlas1GlyphBits76[38] = {
    0x00,0x00,0x00,0x00,0x00,0x00,0x78,0x00,0x08,0x00,0x08,0x00,0x08,0x00,0x08,0x00,
    0x08,0x00,0x08,0x00,0x08,0x00,0x08,0x00,0x08,0x00,0x0C,0x00,0x07,0x00,0x00,0x00,
    0x00,0x00,0x00,0x00,0x00,0x00,
};

static const uint8_t kAtlas1GlyphBits77[38] = {
    0x00,0x00,0x00,0x00,0x00,0x00,0x00,0x00,0x00,0x00,0x00,0x00,0x7B,0x00,0x6D,0x80,
    0x4C,0x80,0x4C,0x80,0x4C,0x80,0x4C,0x80,0x4C,0x80,0x4C,0x80,0x4C,0x80,0x00,0x00,
    0x00,0x00,0x00,0x00,0x00,0x00,
};

static const uint8_t kAtlas1GlyphBits78[38] = {
    0x00,0x00,0x00,0x00,0x00,0x00,0x00,0x00,0x00,0x00,0x00,0x00,0x2E,0x00,0x33,0x00,
    0x21,0x00,0x21,0x00,0x21,0x00,0x21,0x00,0x21,0x00,0x21,0x00,0x21,0x00,0x00,0x00,
    0x00,0x00,0x00,0x00,0x00,0x00,
};

static const uint8_t kAtlas1GlyphBits79[38] = {
    0x00,0x00,0x00,0x00,0x00,0x00,0x00,0x00,0x00,0x00,0x00,0x00,0x1E,0x00,0x33,0x00,
    0x61,0x00,0x61,0x80,0x61,0x80,0x61,0x80,0x61,0x00,0x33,0x00,0x1E,0x00,0x00,0x00,
    0x00,0x00,0x00,0x00,0x00,0x00,
};

static const uint8_t kAtlas1GlyphBits80[38] = {
    0x00,0x00,0x00,0x00,0x00,0x00,0x00,0x00,0x00,0x00,0x00,0x00,0x6E,0x00,0x73,0x00,
    0x61,0x00,0x61,0x80,0x61,0x80,0x61,0x80,0x61,0x00,0x73,0x00,0x6E,0x00,0x60,0x00,
    0x60,0x00,0x60,0x00,0x00,0x00,
};

static const uint8_t kAtlas1GlyphBits81[38] = {
    0x00,0x00,0x00,0x00,0x00,0x00,0x00,0x00,0x00,0x00,0x00,0x00,0x1D,0x00,0x33,0x00,
    0x63,0x00,0x61,0x00,0x61,0x00,0x61,0x00,0x63,0x00,0x33,0x00,0x1D,0x00,0x01,0x00,
    0x01,0x00,0x01,0x00,0x00,0x00,
};

static const uint8_t kAtlas1GlyphBits82[38] = {
    0x00,0x00,0x00,0x00,0x00,0x00,0x00,0x00,0x00,0x00,0x00,0x00,0x37,0x80,0x38,0x80,
    0x30,0x00,0x30,0x00,0x30,0x00,0x30,0x00,0x30,0x00,0x30,0x00,0x30,0x00,0x00,0x00,
    0x00,0x00,0x00,0x00,0x00,0x00,
};

static const uint8_t kAtlas1GlyphBits83[38] = {
    0x00,0x00,0x00,0x00,0x00,0x00,0x00,0x00,0x00,0x00,0x00,0x00,0x1F,0x00,0x31,0x00,
    0x20,0x00,0x30,0x00,0x1E,0x00,0x03,0x00,0x01,0x00,0x23,0x00,0x3E,0x00,0x00,0x00,
    0x00,0x00,0x00,0x00,0x00,0x00,
};

static const uint8_t kAtlas1GlyphBits84[38] = {
    0x00,0x00,0x00,0x00,0x00,0x00,0x08,0x00,0x18,0x00,0x18,0x00,0x7F,0x00,0x18,0x00,
    0x18,0x00,0x18,0x00,0x18,0x00,0x18,0x00,0x18,0x00,0x08,0x00,0x0F,0x00,0x00,0x00,
    0x00,0x00,0x00,0x00,0x00,0x00,
};

static const uint8_t kAtlas1GlyphBits85[38] = {
    0x00,0x00,0x00,0x00,0x00,0x00,0x00,0x00,0x00,0x00,0x00,0x00,0x21,0x00,0x21,0x00,
    0x21,0x00,0x21,0x00,0x21,0x00,0x21,0x00,0x21,0x00,0x33,0x00,0x1D,0x00,0x00,0x00,
    0x00,0x00,0x00,0x00,0x00,0x00,
};

static const uint8_t kAtlas1GlyphBits86[38] = {
    0x00,0x00,0x00,0x00,0x00,0x00,0x00,0x00,0x00,0x00,0x00,0x00,0x41,0x80,0x61,0x00,
    0x21,0x00,0x23,0x00,0x32,0x00,0x12,0x00,0x16,0x00,0x1C,0x00,0x0C,0x00,0x00,0x00,
    0x00,0x00,0x00,0x00,0x00,0x00,
};

static const uint8_t kAtlas1GlyphBits87[38] = {
    0x00,0x00,0x00,0x00,0x00,0x00,0x00,0x00,0x00,0x00,0x00,0x00,0xC0,0xC0,0xC0,0x80,
    0x40,0x80,0x4D,0x80,0x4D,0x80,0x75,0x00,0x75,0x00,0x33,0x00,0x33,0x00,0x00,0x00,
    0x00,0x00,0x00,0x00,0x00,0x00,
};

static const uint8_t kAtlas1GlyphBits88[38] = {
    0x00,0x00,0x00,0x00,0x00,0x00,0x00,0x00,0x00,0x00,0x00,0x00,0x61,0x80,0x33,0x00,
    0x16,0x00,0x1C,0x00,0x0C,0x00,0x1C,0x00,0x32,0x00,0x23,0x00,0x61,0x80,0x00,0x00,
    0x00,0x00,0x00,0x00,0x00,0x00,
};

static const uint8_t kAtlas1GlyphBits89[38] = {
    0x00,0x00,0x00,0x00,0x00,0x00,0x00,0x00,0x00,0x00,0x00,0x00,0x61,0x80,0x61,0x00,
    0x21,0x00,0x33,0x00,0x12,0x00,0x16,0x00,0x1C,0x00,0x0C,0x00,0x0C,0x00,0x08,0x00,
    0x18,0x00,0x70,0x00,0x00,0x00,
};

static const uint8_t kAtlas1GlyphBits90[38] = {
    0x00,0x00,0x00,0x00,0x00,0x00,0x00,0x00,0x00,0x00,0x00,0x00,0x3F,0x00,0x03,0x00,
    0x02,0x00,0x06,0x00,0x0C,0x00,0x18,0x00,0x30,0x00,0x20,0x00,0x3F,0x00,0x00,0x00,
    0x00,0x00,0x00,0x00,0x00,0x00,
};

static const uint8_t kAtlas1GlyphBits91[38] = {
    0x00,0x00,0x00,0x00,0x07,0x00,0x0C,0x00,0x08,0x00,0x08,0x00,0x08,0x00,0x08,0x00,
    0x18,0x00,0x70,0x00,0x18,0x00,0x08,0x00,0x08,0x00,0x08,0x00,0x08,0x00,0x0C,0x00,
    0x0F,0x00,0x00,0x00,0x00,0x00,
};

static const uint8_t kAtlas1GlyphBits92[38] = {
    0x00,0x00,0x00,0x00,0x00,0x00,0x08,0x00,0x08,0x00,0x08,0x00,0x08,0x00,0x08,0x00,
    0x08,0x00,0x08,0x00,0x08,0x00,0x08,0x00,0x08,0x00,0x08,0x00,0x08,0x00,0x08,0x00,
    0x08,0x00,0x08,0x00,0x08,0x00,
};

static const uint8_t kAtlas1GlyphBits93[38] = {
    0x00,0x00,0x00,0x00,0x38,0x00,0x0C,0x00,0x0C,0x00,0x0C,0x00,0x0C,0x00,0x0C,0x00,
    0x04,0x00,0x03,0x80,0x06,0x00,0x0C,0x00,0x0C,0x00,0x0C,0x00,0x0C,0x00,0x0C,0x00,
    0x38,0x00,0x00,0x00,0x00,0x00,
};

static const uint8_t kAtlas1GlyphBits94[38] = {
    0x00,0x00,0x00,0x00,0x00,0x00,0x00,0x00,0x00,0x00,0x00,0x00,0x00,0x00,0x00,0x00,
    0x30,0x80,0x48,0x80,0x4D,0x80,0x47,0x00,0x00,0x00,0x00,0x00,0x00,0x00,0x00,0x00,
    0x00,0x00,0x00,0x00,0x00,0x00,
};

static const uint8_t kAtlas1GlyphBits95[38] = {
    0x00,0x00,0x00,0x00,0x00,0x00,0x00,0x00,0x00,0x00,0x00,0x00,0x0C,0x00,0x1E,0x00,
    0x3A,0x00,0x08,0x00,0x08,0x00,0x08,0x00,0x08,0x00,0x08,0x00,0x08,0x00,0x00,0x00,
    0x00,0x00,0x00,0x00,0x00,0x00,
};

static const uint8_t kAtlas1GlyphBits96[38] = {
    0x00,0x00,0x00,0x00,0x00,0x00,0x00,0x00,0x00,0x00,0x00,0x00,0x00,0x00,0x02,0x00,
    0x01,0x00,0xFF,0x80,0x01,0x00,0x02,0x00,0x00,0x00,0x00,0x00,0x00,0x00,0x00,0x00,
    0x00,0x00,0x00,0x00,0x00,0x00,
};

static const Glyph kAtlas1Glyphs[97] = {
    { 0x20, kAtlas1GlyphBits0 },
    { 0x21, kAtlas1GlyphBits1 },
    { 0x22, kAtlas1GlyphBits2 },
    { 0x23, kAtlas1GlyphBits3 },
    { 0x24, kAtlas1GlyphBits4 },
    { 0x25, kAtlas1GlyphBits5 },
    { 0x26, kAtlas1GlyphBits6 },
    { 0x27, kAtlas1GlyphBits7 },
    { 0x28, kAtlas1GlyphBits8 },
    { 0x29, kAtlas1GlyphBits9 },
    { 0x2a, kAtlas1GlyphBits10 },
    { 0x2b, kAtlas1GlyphBits11 },
    { 0x2c, kAtlas1GlyphBits12 },
    { 0x2d, kAtlas1GlyphBits13 },
    { 0x2e, kAtlas1GlyphBits14 },
    { 0x2f, kAtlas1GlyphBits15 },
    { 0x30, kAtlas1GlyphBits16 },
    { 0x31, kAtlas1GlyphBits17 },
    { 0x32, kAtlas1GlyphBits18 },
    { 0x33, kAtlas1GlyphBits19 },
    { 0x34, kAtlas1GlyphBits20 },
    { 0x35, kAtlas1GlyphBits21 },
    { 0x36, kAtlas1GlyphBits22 },
    { 0x37, kAtlas1GlyphBits23 },
    { 0x38, kAtlas1GlyphBits24 },
    { 0x39, kAtlas1GlyphBits25 },
    { 0x3a, kAtlas1GlyphBits26 },
    { 0x3b, kAtlas1GlyphBits27 },
    { 0x3c, kAtlas1GlyphBits28 },
    { 0x3d, kAtlas1GlyphBits29 },
    { 0x3e, kAtlas1GlyphBits30 },
    { 0x3f, kAtlas1GlyphBits31 },
    { 0x40, kAtlas1GlyphBits32 },
    { 0x41, kAtlas1GlyphBits33 },
    { 0x42, kAtlas1GlyphBits34 },
    { 0x43, kAtlas1GlyphBits35 },
    { 0x44, kAtlas1GlyphBits36 },
    { 0x45, kAtlas1GlyphBits37 },
    { 0x46, kAtlas1GlyphBits38 },
    { 0x47, kAtlas1GlyphBits39 },
    { 0x48, kAtlas1GlyphBits40 },
    { 0x49, kAtlas1GlyphBits41 },
    { 0x4a, kAtlas1GlyphBits42 },
    { 0x4b, kAtlas1GlyphBits43 },
    { 0x4c, kAtlas1GlyphBits44 },
    { 0x4d, kAtlas1GlyphBits45 },
    { 0x4e, kAtlas1GlyphBits46 },
    { 0x4f, kAtlas1GlyphBits47 },
    { 0x50, kAtlas1GlyphBits48 },
    { 0x51, kAtlas1GlyphBits49 },
    { 0x52, kAtlas1GlyphBits50 },
    { 0x53, kAtlas1GlyphBits51 },
    { 0x54, kAtlas1GlyphBits52 },
    { 0x55, kAtlas1GlyphBits53 },
    { 0x56, kAtlas1GlyphBits54 },
    { 0x57, kAtlas1GlyphBits55 },
    { 0x58, kAtlas1GlyphBits56 },
    { 0x59, kAtlas1GlyphBits57 },
    { 0x5a, kAtlas1GlyphBits58 },
    { 0x5b, kAtlas1GlyphBits59 },
    { 0x5c, kAtlas1GlyphBits60 },
    { 0x5d, kAtlas1GlyphBits61 },
    { 0x5e, kAtlas1GlyphBits62 },
    { 0x5f, kAtlas1GlyphBits63 },
    { 0x60, kAtlas1GlyphBits64 },
    { 0x61, kAtlas1GlyphBits65 },
    { 0x62, kAtlas1GlyphBits66 },
    { 0x63, kAtlas1GlyphBits67 },
    { 0x64, kAtlas1GlyphBits68 },
    { 0x65, kAtlas1GlyphBits69 },
    { 0x66, kAtlas1GlyphBits70 },
    { 0x67, kAtlas1GlyphBits71 },
    { 0x68, kAtlas1GlyphBits72 },
    { 0x69, kAtlas1GlyphBits73 },
    { 0x6a, kAtlas1GlyphBits74 },
    { 0x6b, kAtlas1GlyphBits75 },
    { 0x6c, kAtlas1GlyphBits76 },
    { 0x6d, kAtlas1GlyphBits77 },
    { 0x6e, kAtlas1GlyphBits78 },
    { 0x6f, kAtlas1GlyphBits79 },
    { 0x70, kAtlas1GlyphBits80 },
    { 0x71, kAtlas1GlyphBits81 },
    { 0x72, kAtlas1GlyphBits82 },
    { 0x73, kAtlas1GlyphBits83 },
    { 0x74, kAtlas1GlyphBits84 },
    { 0x75, kAtlas1GlyphBits85 },
    { 0x76, kAtlas1GlyphBits86 },
    { 0x77, kAtlas1GlyphBits87 },
    { 0x78, kAtlas1GlyphBits88 },
    { 0x79, kAtlas1GlyphBits89 },
    { 0x7a, kAtlas1GlyphBits90 },
    { 0x7b, kAtlas1GlyphBits91 },
    { 0x7c, kAtlas1GlyphBits92 },
    { 0x7d, kAtlas1GlyphBits93 },
    { 0x7e, kAtlas1GlyphBits94 },
    { 0x2191, kAtlas1GlyphBits95 },
    { 0x2192, kAtlas1GlyphBits96 },
};

static const uint8_t kAtlas2GlyphBits0[48] = {
    0x00,0x00,0x00,0x00,0x00,0x00,0x00,0x00,0x00,0x00,0x00,0x00,0x00,0x00,0x00,0x00,
    0x00,0x00,0x00,0x00,0x00,0x00,0x00,0x00,0x00,0x00,0x00,0x00,0x00,0x00,0x00,0x00,
    0x00,0x00,0x00,0x00,0x00,0x00,0x00,0x00,0x00,0x00,0x00,0x00,0x00,0x00,0x00,0x00,
};

static const uint8_t kAtlas2GlyphBits1[48] = {
    0x00,0x00,0x00,0x00,0x00,0x00,0x00,0x00,0x00,0x00,0x06,0x00,0x06,0x00,0x06,0x00,
    0x06,0x00,0x06,0x00,0x06,0x00,0x06,0x00,0x06,0x00,0x06,0x00,0x06,0x00,0x00,0x00,
    0x06,0x00,0x0F,0x00,0x06,0x00,0x00,0x00,0x00,0x00,0x00,0x00,0x00,0x00,0x00,0x00,
};

static const uint8_t kAtlas2GlyphBits2[48] = {
    0x00,0x00,0x00,0x00,0x00,0x00,0x00,0x00,0x00,0x00,0x19,0x80,0x19,0x80,0x19,0x80,
    0x19,0x80,0x19,0x80,0x00,0x00,0x00,0x00,0x00,0x00,0x00,0x00,0x00,0x00,0x00,0x00,
    0x00,0x00,0x00,0x00,0x00,0x00,0x00,0x00,0x00,0x00,0x00,0x00,0x00,0x00,0x00,0x00,
};

static const uint8_t kAtlas2GlyphBits3[48] = {
    0x00,0x00,0x00,0x00,0x00,0x00,0x00,0x00,0x00,0x00,0x06,0x60,0x04,0x40,0x0C,0xC0,
    0x0C,0xC0,0x7F,0xF0,0x08,0x80,0x19,0x80,0x19,0x80,0xFF,0xE0,0xFF,0xE0,0x33,0x00,
    0x33,0x00,0x22,0x00,0x26,0x00,0x00,0x00,0x00,0x00,0x00,0x00,0x00,0x00,0x00,0x00,
};

static const uint8_t kAtlas2GlyphBits4[48] = {
    0x00,0x00,0x00,0x00,0x00,0x00,0x00,0x00,0x06,0x00,0x06,0x00,0x06,0x00,0x1F,0xC0,
    0x32,0x40,0x32,0x00,0x32,0x00,0x3A,0x00,0x1F,0x80,0x03,0xC0,0x02,0x60,0x02,0x60,
    0x22,0x60,0x3F,0xC0,0x1F,0x80,0x06,0x00,0x06,0x00,0x00,0x00,0x00,0x00,0x00,0x00,
};

static const uint8_t kAtlas2GlyphBits5[48] = {
    0x00,0x00,0x00,0x00,0x00,0x00,0x00,0x00,0x00,0x00,0x38,0x00,0x7C,0x00,0xC4,0x00,
    0xC6,0x00,0x44,0x10,0x7C,0x70,0x13,0x80,0x0E,0x00,0x71,0xC0,0xC3,0xE0,0x06,0x30,
    0x02,0x30,0x03,0xE0,0x01,0xC0,0x00,0x00,0x00,0x00,0x00,0x00,0x00,0x00,0x00,0x00,
};

static const uint8_t kAtlas2GlyphBits6[48] = {
    0x00,0x00,0x00,0x00,0x00,0x00,0x00,0x00,0x00,0x00,0x0F,0x80,0x1F,0x80,0x30,0x00,
    0x30,0x00,0x18,0x00,0x18,0x00,0x3C,0x00,0x66,0x30,0x43,0x30,0x43,0xA0,0x41,0xE0,
    0x60,0xC0,0x3F,0xE0,0x1F,0x30,0x00,0x00,0x00,0x00,0x00,0x00,0x00,0x00,0x00,0x00,
};

static const uint8_t kAtlas2GlyphBits7[48] = {
    0x00,0x00,0x00,0x00,0x00,0x00,0x00,0x00,0x00,0x00,0x06,0x00,0x06,0x00,0x06,0x00,
    0x06,0x00,0x06,0x00,0x00,0x00,0x00,0x00,0x00,0x00,0x00,0x00,0x00,0x00,0x00,0x00,
    0x00,0x00,0x00,0x00,0x00,0x00,0x00,0x00,0x00,0x00,0x00,0x00,0x00,0x00,0x00,0x00,
};

static const uint8_t kAtlas2GlyphBits8[48] = {
    0x00,0x00,0x00,0x00,0x00,0x00,0x00,0x00,0x06,0x00,0x06,0x00,0x0C,0x00,0x0C,0x00,
    0x08,0x00,0x18,0x00,0x18,0x00,0x18,0x00,0x18,0x00,0x18,0x00,0x18,0x00,0x18,0x00,
    0x18,0x00,0x0C,0x00,0x0C,0x00,0x04,0x00,0x06,0x00,0x00,0x00,0x00,0x00,0x00,0x00,
};

static const uint8_t kAtlas2GlyphBits9[48] = {
    0x00,0x00,0x00,0x00,0x00,0x00,0x00,0x00,0x06,0x00,0x06,0x00,0x03,0x00,0x03,0x00,
    0x01,0x00,0x01,0x80,0x01,0x80,0x01,0x80,0x01,0x80,0x01,0x80,0x01,0x80,0x01,0x80,
    0x01,0x80,0x03,0x00,0x03,0x00,0x02,0x00,0x06,0x00,0x00,0x00,0x00,0x00,0x00,0x00,
};

static const uint8_t kAtlas2GlyphBits10[48] = {
    0x00,0x00,0x00,0x00,0x00,0x00,0x00,0x00,0x00,0x00,0x06,0x00,0x06,0x00,0x06,0x00,
    0x66,0x60,0x1F,0x80,0x06,0x00,0x0F,0x00,0x19,0x80,0x30,0xC0,0x10,0x80,0x00,0x00,
    0x00,0x00,0x00,0x00,0x00,0x00,0x00,0x00,0x00,0x00,0x00,0x00,0x00,0x00,0x00,0x00,
};

static const uint8_t kAtlas2GlyphBits11[48] = {
    0x00,0x00,0x00,0x00,0x00,0x00,0x00,0x00,0x00,0x00,0x00,0x00,0x00,0x00,0x00,0x00,
    0x06,0x00,0x06,0x00,0x06,0x00,0x06,0x00,0x7F,0xE0,0x7F,0xE0,0x06,0x00,0x06,0x00,
    0x06,0x00,0x06,0x00,0x00,0x00,0x00,0x00,0x00,0x00,0x00,0x00,0x00,0x00,0x00,0x00,
};

static const uint8_t kAtlas2GlyphBits12[48] = {
    0x00,0x00,0x00,0x00,0x00,0x00,0x00,0x00,0x00,0x00,0x00,0x00,0x00,0x00,0x00,0x00,
    0x00,0x00,0x00,0x00,0x00,0x00,0x00,0x00,0x00,0x00,0x00,0x00,0x00,0x00,0x00,0x00,
    0x06,0x00,0x0F,0x00,0x07,0x00,0x03,0x00,0x02,0x00,0x06,0x00,0x0C,0x00,0x00,0x00,
};

static const uint8_t kAtlas2GlyphBits13[48] = {
    0x00,0x00,0x00,0x00,0x00,0x00,0x00,0x00,0x00,0x00,0x00,0x00,0x00,0x00,0x00,0x00,
    0x00,0x00,0x00,0x00,0x00,0x00,0x00,0x00,0x3F,0xC0,0x3F,0xC0,0x00,0x00,0x00,0x00,
    0x00,0x00,0x00,0x00,0x00,0x00,0x00,0x00,0x00,0x00,0x00,0x00,0x00,0x00,0x00,0x00,
};

static const uint8_t kAtlas2GlyphBits14[48] = {
    0x00,0x00,0x00,0x00,0x00,0x00,0x00,0x00,0x00,0x00,0x00,0x00,0x00,0x00,0x00,0x00,
    0x00,0x00,0x00,0x00,0x00,0x00,0x00,0x00,0x00,0x00,0x00,0x00,0x00,0x00,0x00,0x00,
    0x06,0x00,0x0F,0x00,0x06,0x00,0x00,0x00,0x00,0x00,0x00,0x00,0x00,0x00,0x00,0x00,
};

static const uint8_t kAtlas2GlyphBits15[48] = {
    0x00,0x00,0x00,0x00,0x00,0x00,0x00,0x00,0x00,0x00,0x00,0xE0,0x00,0xC0,0x01,0x80,
    0x01,0x80,0x01,0x00,0x03,0x00,0x02,0x00,0x06,0x00,0x04,0x00,0x0C,0x00,0x08,0x00,
    0x18,0x00,0x18,0x00,0x30,0x00,0x30,0x00,0x60,0x00,0x00,0x00,0x00,0x00,0x00,0x00,
};

static const uint8_t kAtlas2GlyphBits16[48] = {
    0x00,0x00,0x00,0x00,0x00,0x00,0x00,0x00,0x00,0x00,0x0F,0x00,0x1F,0x80,0x30,0xC0,
    0x36,0xC0,0x66,0x60,0x66,0x60,0x66,0x60,0x66,0x60,0x66,0x60,0x62,0x60,0x30,0xC0,
    0x30,0xC0,0x1F,0x80,0x0F,0x00,0x00,0x00,0x00,0x00,0x00,0x00,0x00,0x00,0x00,0x00,
};

static const uint8_t kAtlas2GlyphBits17[48] = {
    0x00,0x00,0x00,0x00,0x00,0x00,0x00,0x00,0x00,0x00,0x07,0x00,0x0F,0x00,0x1F,0x00,
    0x3B,0x00,0x13,0x00,0x03,0x00,0x03,0x00,0x03,0x00,0x03,0x00,0x03,0x00,0x03,0x00,
    0x03,0x00,0x1F,0xE0,0x1F,0xE0,0x00,0x00,0x00,0x00,0x00,0x00,0x00,0x00,0x00,0x00,
};

static const uint8_t kAtlas2GlyphBits18[48] = {
    0x00,0x00,0x00,0x00,0x00,0x00,0x00,0x00,0x00,0x00,0x1F,0x00,0x3F,0x80,0x40,0xC0,
    0x00,0xC0,0x00,0xC0,0x00,0xC0,0x01,0x80,0x03,0x80,0x07,0x00,0x0E,0x00,0x1C,0x00,
    0x38,0x00,0x3F,0xC0,0x7F,0xC0,0x00,0x00,0x00,0x00,0x00,0x00,0x00,0x00,0x00,0x00,
};

static const uint8_t kAtlas2GlyphBits19[48] = {
    0x00,0x00,0x00,0x00,0x00,0x00,0x00,0x00,0x00,0x00,0x3F,0x00,0x3F,0xC0,0x00,0xC0,
    0x00,0xC0,0x00,0xC0,0x0F,0x80,0x0F,0x00,0x00,0xC0,0x00,0xC0,0x00,0x60,0x00,0x60,
    0x40,0xC0,0x7F,0xC0,0x3F,0x00,0x00,0x00,0x00,0x00,0x00,0x00,0x00,0x00,0x00,0x00,
};

static const uint8_t kAtlas2GlyphBits20[48] = {
    0x00,0x00,0x00,0x00,0x00,0x00,0x00,0x00,0x00,0x00,0x01,0x80,0x03,0x80,0x07,0x80,
    0x05,0x80,0x09,0x80,0x19,0x80,0x11,0x80,0x31,0x80,0x61,0x80,0x7F,0xE0,0x7F,0xE0,
    0x01,0x80,0x01,0x80,0x01,0x80,0x00,0x00,0x00,0x00,0x00,0x00,0x00,0x00,0x00,0x00,
};

static const uint8_t kAtlas2GlyphBits21[48] = {
    0x00,0x00,0x00,0x00,0x00,0x00,0x00,0x00,0x00,0x00,0x3F,0x80,0x3F,0x80,0x30,0x00,
    0x30,0x00,0x34,0x00,0x3F,0x80,0x21,0xC0,0x00,0xC0,0x00,0xC0,0x00,0xC0,0x00,0xC0,
    0x00,0xC0,0x7F,0x80,0x3F,0x00,0x00,0x00,0x00,0x00,0x00,0x00,0x00,0x00,0x00,0x00,
};

static const uint8_t kAtlas2GlyphBits22[48] = {
    0x00,0x00,0x00,0x00,0x00,0x00,0x00,0x00,0x00,0x00,0x0F,0xC0,0x1F,0xC0,0x30,0x00,
    0x30,0x00,0x22,0x00,0x6F,0x80,0x78,0xC0,0x70,0x60,0x70,0x60,0x60,0x60,0x30,0x60,
    0x30,0xC0,0x1F,0xC0,0x0F,0x80,0x00,0x00,0x00,0x00,0x00,0x00,0x00,0x00,0x00,0x00,
};

static const uint8_t kAtlas2GlyphBits23[48] = {
    0x00,0x00,0x00,0x00,0x00,0x00,0x00,0x00,0x00,0x00,0x7F,0xE0,0x7F,0xC0,0x00,0xC0,
    0x00,0x80,0x01,0x80,0x01,0x80,0x03,0x00,0x03,0x00,0x02,0x00,0x06,0x00,0x06,0x00,
    0x0C,0x00,0x0C,0x00,0x1C,0x00,0x00,0x00,0x00,0x00,0x00,0x00,0x00,0x00,0x00,0x00,
};

static const uint8_t kAtlas2GlyphBits24[48] = {
    0x00,0x00,0x00,0x00,0x00,0x00,0x00,0x00,0x00,0x00,0x1F,0x80,0x3F,0xC0,0x30,0xC0,
    0x30,0xC0,0x30,0xC0,0x1F,0x80,0x1F,0x80,0x30,0xC0,0x60,0x60,0x60,0x60,0x60,0x60,
    0x30,0xE0,0x3F,0xC0,0x1F,0x80,0x00,0x00,0x00,0x00,0x00,0x00,0x00,0x00,0x00,0x00,
};

static const uint8_t kAtlas2GlyphBits25[48] = {
    0x00,0x00,0x00,0x00,0x00,0x00,0x00,0x00,0x00,0x00,0x1F,0x00,0x3F,0x80,0x30,0xC0,
    0x60,0xC0,0x60,0x60,0x60,0xE0,0x30,0xE0,0x3F,0xE0,0x1F,0x60,0x00,0x40,0x00,0xC0,
    0x00,0xC0,0x3F,0x80,0x3F,0x00,0x00,0x00,0x00,0x00,0x00,0x00,0x00,0x00,0x00,0x00,
};

static const uint8_t kAtlas2GlyphBits26[48] = {
    0x00,0x00,0x00,0x00,0x00,0x00,0x00,0x00,0x00,0x00,0x00,0x00,0x00,0x00,0x00,0x00,
    0x06,0x00,0x0F,0x00,0x06,0x00,0x00,0x00,0x00,0x00,0x00,0x00,0x00,0x00,0x06,0x00,
    0x0F,0x00,0x06,0x00,0x00,0x00,0x00,0x00,0x00,0x00,0x00,0x00,0x00,0x00,0x00,0x00,
};

static const uint8_t kAtlas2GlyphBits27[48] = {
    0x00,0x00,0x00,0x00,0x00,0x00,0x00,0x00,0x00,0x00,0x00,0x00,0x00,0x00,0x00,0x00,
    0x00,0x00,0x06,0x00,0x0F,0x00,0x06,0x00,0x00,0x00,0x00,0x00,0x00,0x00,0x00,0x00,
    0x06,0x00,0x0F,0x00,0x07,0x00,0x03,0x00,0x03,0x00,0x06,0x00,0x0C,0x00,0x00,0x00,
};

static const uint8_t kAtlas2GlyphBits28[48] = {
    0x00,0x00,0x00,0x00,0x00,0x00,0x00,0x00,0x00,0x00,0x00,0x00,0x00,0x00,0x00,0x00,
    0x00,0x20,0x01,0xE0,0x07,0x80,0x3E,0x00,0x70,0x00,0x78,0x00,0x1E,0x00,0x03,0xC0,
    0x00,0xE0,0x00,0x20,0x00,0x00,0x00,0x00,0x00,0x00,0x00,0x00,0x00,0x00,0x00,0x00,
};

static const uint8_t kAtlas2GlyphBits29[48] = {
    0x00,0x00,0x00,0x00,0x00,0x00,0x00,0x00,0x00,0x00,0x00,0x00,0x00,0x00,0x00,0x00,
    0x00,0x00,0x00,0x00,0x7F,0xE0,0x7F,0xE0,0x00,0x00,0x00,0x00,0x7F,0xE0,0x7F,0xE0,
    0x00,0x00,0x00,0x00,0x00,0x00,0x00,0x00,0x00,0x00,0x00,0x00,0x00,0x00,0x00,0x00,
};

static const uint8_t kAtlas2GlyphBits30[48] = {
    0x00,0x00,0x00,0x00,0x00,0x00,0x00,0x00,0x00,0x00,0x00,0x00,0x00,0x00,0x00,0x00,
    0x40,0x00,0x78,0x00,0x1E,0x00,0x03,0xC0,0x00,0xE0,0x01,0xE0,0x07,0x80,0x3C,0x00,
    0x70,0x00,0x40,0x00,0x00,0x00,0x00,0x00,0x00,0x00,0x00,0x00,0x00,0x00,0x00,0x00,
};

static const uint8_t kAtlas2GlyphBits31[48] = {
    0x00,0x00,0x00,0x00,0x00,0x00,0x00,0x00,0x00,0x00,0x0F,0x80,0x3F,0xC0,0x20,0xC0,
    0x00,0xC0,0x00,0xC0,0x03,0x80,0x07,0x00,0x06,0x00,0x06,0x00,0x00,0x00,0x00,0x00,
    0x06,0x00,0x0E,0x00,0x06,0x00,0x00,0x00,0x00,0x00,0x00,0x00,0x00,0x00,0x00,0x00,
};

static const uint8_t kAtlas2GlyphBits32[48] = {
    0x00,0x00,0x00,0x00,0x00,0x00,0x00,0x00,0x00,0x00,0x02,0x00,0x1F,0xC0,0x38,0x60,
    0x20,0x20,0x61,0x20,0x47,0xF0,0xC4,0x70,0xCC,0x30,0xCC,0x30,0xCC,0x30,0xCC,0x30,
    0x47,0xF0,0x63,0xB0,0x60,0x00,0x30,0x00,0x1F,0xC0,0x07,0xC0,0x00,0x00,0x00,0x00,
};

static const uint8_t kAtlas2GlyphBits33[48] = {
    0x00,0x00,0x00,0x00,0x00,0x00,0x00,0x00,0x00,0x00,0x06,0x00,0x0F,0x00,0x0F,0x00,
    0x09,0x00,0x19,0x80,0x19,0x80,0x19,0x80,0x30,0xC0,0x3F,0xC0,0x3F,0xC0,0x60,0x60,
    0x60,0x60,0x60,0x60,0xE0,0x30,0x00,0x00,0x00,0x00,0x00,0x00,0x00,0x00,0x00,0x00,
};

static const uint8_t kAtlas2GlyphBits34[48] = {
    0x00,0x00,0x00,0x00,0x00,0x00,0x00,0x00,0x00,0x00,0x3F,0x80,0x3F,0xC0,0x30,0xC0,
    0x30,0x60,0x30,0xC0,0x3F,0xC0,0x3F,0x80,0x30,0xC0,0x30,0x60,0x30,0x60,0x30,0x60,
    0x30,0x60,0x3F,0xC0,0x3F,0x80,0x00,0x00,0x00,0x00,0x00,0x00,0x00,0x00,0x00,0x00,
};

static const uint8_t kAtlas2GlyphBits35[48] = {
    0x00,0x00,0x00,0x00,0x00,0x00,0x00,0x00,0x00,0x00,0x07,0xC0,0x1F,0xC0,0x38,0x40,
    0x30,0x00,0x30,0x00,0x70,0x00,0x60,0x00,0x60,0x00,0x70,0x00,0x30,0x00,0x30,0x00,
    0x38,0x40,0x1F,0xC0,0x07,0xC0,0x00,0x00,0x00,0x00,0x00,0x00,0x00,0x00,0x00,0x00,
};

static const uint8_t kAtlas2GlyphBits36[48] = {
    0x00,0x00,0x00,0x00,0x00,0x00,0x00,0x00,0x00,0x00,0x7E,0x00,0x7F,0x80,0x60,0xC0,
    0x60,0xC0,0x60,0x60,0x60,0x60,0x60,0x60,0x60,0x60,0x60,0x60,0x60,0x60,0x60,0xC0,
    0x60,0xC0,0x7F,0x80,0x7E,0x00,0x00,0x00,0x00,0x00,0x00,0x00,0x00,0x00,0x00,0x00,
};

static const uint8_t kAtlas2GlyphBits37[48] = {
    0x00,0x00,0x00,0x00,0x00,0x00,0x00,0x00,0x00,0x00,0x3F,0xE0,0x3F,0xE0,0x30,0x00,
    0x30,0x00,0x30,0x00,0x3F,0xC0,0x3F,0xC0,0x30,0x00,0x30,0x00,0x30,0x00,0x30,0x00,
    0x30,0x00,0x3F,0xE0,0x3F,0xE0,0x00,0x00,0x00,0x00,0x00,0x00,0x00,0x00,0x00,0x00,
};

static const uint8_t kAtlas2GlyphBits38[48] = {
    0x00,0x00,0x00,0x00,0x00,0x00,0x00,0x00,0x00,0x00,0x3F,0xE0,0x3F,0xE0,0x30,0x00,
    0x30,0x00,0x30,0x00,0x30,0x00,0x3F,0xC0,0x3F,0xC0,0x30,0x00,0x30,0x00,0x30,0x00,
    0x30,0x00,0x30,0x00,0x30,0x00,0x00,0x00,0x00,0x00,0x00,0x00,0x00,0x00,0x00,0x00,
};

static const uint8_t kAtlas2GlyphBits39[48] = {
    0x00,0x00,0x00,0x00,0x00,0x00,0x00,0x00,0x00,0x00,0x0F,0x80,0x1F,0xC0,0x30,0x20,
    0x30,0x00,0x60,0x00,0x60,0x00,0x61,0xE0,0x61,0xE0,0x60,0x60,0x60,0x60,0x30,0x60,
    0x30,0x60,0x1F,0xE0,0x0F,0x80,0x00,0x00,0x00,0x00,0x00,0x00,0x00,0x00,0x00,0x00,
};

static const uint8_t kAtlas2GlyphBits40[48] = {
    0x00,0x00,0x00,0x00,0x00,0x00,0x00,0x00,0x00,0x00,0x60,0x60,0x60,0x60,0x60,0x60,
    0x60,0x60,0x60,0x60,0x7F,0xE0,0x7F,0xE0,0x60,0x60,0x60,0x60,0x60,0x60,0x60,0x60,
    0x60,0x60,0x60,0x60,0x60,0x60,0x00,0x00,0x00,0x00,0x00,0x00,0x00,0x00,0x00,0x00,
};

static const uint8_t kAtlas2GlyphBits41[48] = {
    0x00,0x00,0x00,0x00,0x00,0x00,0x00,0x00,0x00,0x00,0x3F,0xC0,0x3F,0xC0,0x06,0x00,
    0x06,0x00,0x06,0x00,0x06,0x00,0x06,0x00,0x06,0x00,0x06,0x00,0x06,0x00,0x06,0x00,
    0x06,0x00,0x3F,0xC0,0x3F,0xC0,0x00,0x00,0x00,0x00,0x00,0x00,0x00,0x00,0x00,0x00,
};

static const uint8_t kAtlas2GlyphBits42[48] = {
    0x00,0x00,0x00,0x00,0x00,0x00,0x00,0x00,0x00,0x00,0x0F,0x80,0x0F,0x80,0x01,0x80,
    0x01,0x80,0x01,0x80,0x01,0x80,0x01,0x80,0x01,0x80,0x01,0x80,0x01,0x80,0x01,0x80,
    0x41,0x80,0x7F,0x80,0x3F,0x00,0x00,0x00,0x00,0x00,0x00,0x00,0x00,0x00,0x00,0x00,
};

static const uint8_t kAtlas2GlyphBits43[48] = {
    0x00,0x00,0x00,0x00,0x00,0x00,0x00,0x00,0x00,0x00,0x60,0x70,0x60,0xC0,0x61,0x80,
    0x63,0x00,0x66,0x00,0x6C,0x00,0x7E,0x00,0x76,0x00,0x63,0x00,0x61,0x80,0x61,0x80,
    0x60,0xC0,0x60,0x60,0x60,0x70,0x00,0x00,0x00,0x00,0x00,0x00,0x00,0x00,0x00,0x00,
};

static const uint8_t kAtlas2GlyphBits44[48] = {
    0x00,0x00,0x00,0x00,0x00,0x00,0x00,0x00,0x00,0x00,0x30,0x00,0x30,0x00,0x30,0x00,
    0x30,0x00,0x30,0x00,0x30,0x00,0x30,0x00,0x30,0x00,0x30,0x00,0x30,0x00,0x30,0x00,
    0x30,0x00,0x3F,0xE0,0x3F,0xE0,0x00,0x00,0x00,0x00,0x00,0x00,0x00,0x00,0x00,0x00,
};

static const uint8_t kAtlas2GlyphBits45[48] = {
    0x00,0x00,0x00,0x00,0x00,0x00,0x00,0x00,0x00,0x00,0x70,0xE0,0x70,0xE0,0x70,0xE0,
    0x79,0xE0,0x69,0x60,0x69,0x60,0x6F,0x60,0x66,0x60,0x66,0x60,0x60,0x60,0x60,0x60,
    0x60,0x60,0x60,0x60,0x60,0x60,0x00,0x00,0x00,0x00,0x00,0x00,0x00,0x00,0x00,0x00,
};

static const uint8_t kAtlas2GlyphBits46[48] = {
    0x00,0x00,0x00,0x00,0x00,0x00,0x00,0x00,0x00,0x00,0x70,0x60,0x70,0x60,0x78,0x60,
    0x68,0x60,0x6C,0x60,0x64,0x60,0x66,0x60,0x66,0x60,0x62,0x60,0x63,0x60,0x61,0x60,
    0x61,0xE0,0x60,0xE0,0x60,0xE0,0x00,0x00,0x00,0x00,0x00,0x00,0x00,0x00,0x00,0x00,
};

static const uint8_t kAtlas2GlyphBits47[48] = {
    0x00,0x00,0x00,0x00,0x00,0x00,0x00,0x00,0x00,0x00,0x0F,0x00,0x1F,0xC0,0x30,0xC0,
    0x30,0xC0,0x60,0x60,0x60,0x60,0x60,0x60,0x60,0x60,0x60,0x60,0x60,0x60,0x30,0xC0,
    0x30,0xC0,0x1F,0xC0,0x0F,0x00,0x00,0x00,0x00,0x00,0x00,0x00,0x00,0x00,0x00,0x00,
};

static const uint8_t kAtlas2GlyphBits48[48] = {
    0x00,0x00,0x00,0x00,0x00,0x00,0x00,0x00,0x00,0x00,0x3F,0x80,0x3F,0xC0,0x30,0xE0,
    0x30,0x60,0x30,0x60,0x30,0xE0,0x3F,0xC0,0x3F,0x80,0x30,0x00,0x30,0x00,0x30,0x00,
    0x30,0x00,0x30,0x00,0x30,0x00,0x00,0x00,0x00,0x00,0x00,0x00,0x00,0x00,0x00,0x00,
};

static const uint8_t kAtlas2GlyphBits49[48] = {
    0x00,0x00,0x00,0x00,0x00,0x00,0x00,0x00,0x00,0x00,0x0F,0x00,0x1F,0xC0,0x30,0xC0,
    0x30,0xC0,0x60,0x60,0x60,0x60,0x60,0x60,0x60,0x60,0x60,0x60,0x60,0x60,0x30,0xC0,
    0x30,0xC0,0x1F,0xC0,0x0F,0x00,0x01,0x80,0x00,0xC0,0x00,0x70,0x00,0x00,0x00,0x00,
};

static const uint8_t kAtlas2GlyphBits50[48] = {
    0x00,0x00,0x00,0x00,0x00,0x00,0x00,0x00,0x00,0x00,0x7F,0x00,0x7F,0xC0,0x60,0xC0,
    0x60,0xC0,0x60,0xC0,0x60,0xC0,0x7F,0x80,0x7F,0x00,0x61,0x80,0x60,0xC0,0x60,0xC0,
    0x60,0x60,0x60,0x60,0x60,0x30,0x00,0x00,0x00,0x00,0x00,0x00,0x00,0x00,0x00,0x00,
};

static const uint8_t kAtlas2GlyphBits51[48] = {
    0x00,0x00,0x00,0x00,0x00,0x00,0x00,0x00,0x00,0x00,0x0F,0x80,0x3F,0xC0,0x30,0x40,
    0x60,0x00,0x60,0x00,0x30,0x00,0x1F,0x00,0x07,0xC0,0x00,0xC0,0x00,0x60,0x00,0x60,
    0x40,0xE0,0x3F,0xC0,0x3F,0x80,0x00,0x00,0x00,0x00,0x00,0x00,0x00,0x00,0x00,0x00,
};

static const uint8_t kAtlas2GlyphBits52[48] = {
    0x00,0x00,0x00,0x00,0x00,0x00,0x00,0x00,0x00,0x00,0xFF,0xF0,0xFF,0xF0,0x06,0x00,
    0x06,0x00,0x06,0x00,0x06,0x00,0x06,0x00,0x06,0x00,0x06,0x00,0x06,0x00,0x06,0x00,
    0x06,0x00,0x06,0x00,0x06,0x00,0x00,0x00,0x00,0x00,0x00,0x00,0x00,0x00,0x00,0x00,
};

static const uint8_t kAtlas2GlyphBits53[48] = {
    0x00,0x00,0x00,0x00,0x00,0x00,0x00,0x00,0x00,0x00,0x60,0x60,0x60,0x60,0x60,0x60,
    0x60,0x60,0x60,0x60,0x60,0x60,0x60,0x60,0x60,0x60,0x60,0x60,0x60,0x60,0x20,0x40,
    0x30,0xC0,0x3F,0xC0,0x0F,0x00,0x00,0x00,0x00,0x00,0x00,0x00,0x00,0x00,0x00,0x00,
};

static const uint8_t kAtlas2GlyphBits54[48] = {
    0x00,0x00,0x00,0x00,0x00,0x00,0x00,0x00,0x00,0x00,0x60,0x60,0x60,0x60,0x60,0x60,
    0x30,0xC0,0x30,0xC0,0x30,0xC0,0x10,0xC0,0x19,0x80,0x19,0x80,0x19,0x80,0x09,0x00,
    0x0F,0x00,0x0F,0x00,0x06,0x00,0x00,0x00,0x00,0x00,0x00,0x00,0x00,0x00,0x00,0x00,
};

static const uint8_t kAtlas2GlyphBits55[48] = {
    0x00,0x00,0x00,0x00,0x00,0x00,0x00,0x00,0x00,0x00,0xC0,0x30,0xC0,0x30,0xC0,0x30,
    0x46,0x30,0x46,0x20,0x6F,0x60,0x6F,0x60,0x69,0x60,0x69,0x60,0x69,0x60,0x39,0xC0,
    0x39,0xC0,0x30,0xC0,0x30,0xC0,0x00,0x00,0x00,0x00,0x00,0x00,0x00,0x00,0x00,0x00,
};

static const uint8_t kAtlas2GlyphBits56[48] = {
    0x00,0x00,0x00,0x00,0x00,0x00,0x00,0x00,0x00,0x00,0x60,0x70,0x30,0x60,0x30,0xC0,
    0x19,0x80,0x0D,0x80,0x0F,0x00,0x06,0x00,0x0F,0x00,0x0F,0x00,0x19,0x80,0x38,0xC0,
    0x30,0xC0,0x60,0x60,0xE0,0x70,0x00,0x00,0x00,0x00,0x00,0x00,0x00,0x00,0x00,0x00,
};

static const uint8_t kAtlas2GlyphBits57[48] = {
    0x00,0x00,0x00,0x00,0x00,0x00,0x00,0x00,0x00,0x00,0xE0,0x70,0x60,0x60,0x30,0xC0,
    0x30,0xC0,0x19,0x80,0x0F,0x00,0x0F,0x00,0x06,0x00,0x06,0x00,0x06,0x00,0x06,0x00,
    0x06,0x00,0x06,0x00,0x06,0x00,0x00,0x00,0x00,0x00,0x00,0x00,0x00,0x00,0x00,0x00,
};

static const uint8_t kAtlas2GlyphBits58[48] = {
    0x00,0x00,0x00,0x00,0x00,0x00,0x00,0x00,0x00,0x00,0x7F,0xE0,0x7F,0xE0,0x00,0xC0,
    0x01,0x80,0x03,0x80,0x03,0x00,0x06,0x00,0x0E,0x00,0x0C,0x00,0x18,0x00,0x38,0x00,
    0x30,0x00,0x7F,0xE0,0x7F,0xE0,0x00,0x00,0x00,0x00,0x00,0x00,0x00,0x00,0x00,0x00,
};

static const uint8_t kAtlas2GlyphBits59[48] = {
    0x00,0x00,0x00,0x00,0x00,0x00,0x1F,0x80,0x1F,0x80,0x18,0x00,0x18,0x00,0x18,0x00,
    0x18,0x00,0x18,0x00,0x18,0x00,0x18,0x00,0x18,0x00,0x18,0x00,0x18,0x00,0x18,0x00,
    0x18,0x00,0x18,0x00,0x18,0x00,0x18,0x00,0x1F,0x80,0x1F,0x80,0x00,0x00,0x00,0x00,
};

static const uint8_t kAtlas2GlyphBits60[48] = {
    0x00,0x00,0x00,0x00,0x00,0x00,0x00,0x00,0x00,0x00,0x60,0x00,0x30,0x00,0x30,0x00,
    0x18,0x00,0x18,0x00,0x0C,0x00,0x0C,0x00,0x06,0x00,0x06,0x00,0x03,0x00,0x03,0x00,
    0x01,0x80,0x01,0x80,0x00,0xC0,0x00,0xC0,0x00,0x60,0x00,0x00,0x00,0x00,0x00,0x00,
};

static const uint8_t kAtlas2GlyphBits61[48] = {
    0x00,0x00,0x00,0x00,0x00,0x00,0x1F,0x80,0x1F,0x80,0x01,0x80,0x01,0x80,0x01,0x80,
    0x01,0x80,0x01,0x80,0x01,0x80,0x01,0x80,0x01,0x80,0x01,0x80,0x01,0x80,0x01,0x80,
    0x01,0x80,0x01,0x80,0x01,0x80,0x01,0x80,0x1F,0x80,0x1F,0x80,0x00,0x00,0x00,0x00,
};

static const uint8_t kAtlas2GlyphBits62[48] = {
    0x00,0x00,0x00,0x00,0x00,0x00,0x00,0x00,0x06,0x00,0x0F,0x00,0x0F,0x80,0x19,0x80,
    0x30,0xC0,0x60,0x60,0x00,0x00,0x00,0x00,0x00,0x00,0x00,0x00,0x00,0x00,0x00,0x00,
    0x00,0x00,0x00,0x00,0x00,0x00,0x00,0x00,0x00,0x00,0x00,0x00,0x00,0x00,0x00,0x00,
};

static const uint8_t kAtlas2GlyphBits63[48] = {
    0x00,0x00,0x00,0x00,0x00,0x00,0x00,0x00,0x00,0x00,0x00,0x00,0x00,0x00,0x00,0x00,
    0x00,0x00,0x00,0x00,0x00,0x00,0x00,0x00,0x00,0x00,0x00,0x00,0x00,0x00,0x00,0x00,
    0x00,0x00,0x00,0x00,0x00,0x00,0x00,0x00,0x7F,0xE0,0x7F,0xE0,0x00,0x00,0x00,0x00,
};

static const uint8_t kAtlas2GlyphBits64[48] = {
    0x00,0x00,0x00,0x00,0x00,0x00,0x18,0x00,0x08,0x00,0x04,0x00,0x06,0x00,0x00,0x00,
    0x00,0x00,0x00,0x00,0x00,0x00,0x00,0x00,0x00,0x00,0x00,0x00,0x00,0x00,0x00,0x00,
    0x00,0x00,0x00,0x00,0x00,0x00,0x00,0x00,0x00,0x00,0x00,0x00,0x00,0x00,0x00,0x00,
};

static const uint8_t kAtlas2GlyphBits65[48] = {
    0x00,0x00,0x00,0x00,0x00,0x00,0x00,0x00,0x00,0x00,0x00,0x00,0x00,0x00,0x00,0x00,
    0x1F,0x00,0x3F,0xC0,0x00,0xC0,0x00,0x40,0x1F,0xC0,0x3F,0xC0,0x60,0x40,0x60,0xC0,
    0x60,0xC0,0x3F,0x60,0x1E,0x60,0x00,0x00,0x00,0x00,0x00,0x00,0x00,0x00,0x00,0x00,
};

static const uint8_t kAtlas2GlyphBits66[48] = {
    0x00,0x00,0x00,0x00,0x00,0x00,0x00,0x00,0x30,0x00,0x30,0x00,0x30,0x00,0x30,0x00,
    0x37,0x80,0x3F,0xC0,0x30,0xC0,0x30,0x60,0x30,0x60,0x30,0x60,0x30,0x60,0x30,0x60,
    0x30,0xC0,0x3F,0xC0,0x37,0x80,0x00,0x00,0x00,0x00,0x00,0x00,0x00,0x00,0x00,0x00,
};

static const uint8_t kAtlas2GlyphBits67[48] = {
    0x00,0x00,0x00,0x00,0x00,0x00,0x00,0x00,0x00,0x00,0x00,0x00,0x00,0x00,0x00,0x00,
    0x0F,0x80,0x1F,0xC0,0x30,0x40,0x30,0x00,0x30,0x00,0x30,0x00,0x30,0x00,0x30,0x00,
    0x30,0x40,0x1F,0xC0,0x0F,0x80,0x00,0x00,0x00,0x00,0x00,0x00,0x00,0x00,0x00,0x00,
};

static const uint8_t kAtlas2GlyphBits68[48] = {
    0x00,0x00,0x00,0x00,0x00,0x00,0x00,0x00,0x00,0xC0,0x00,0xC0,0x00,0xC0,0x00,0xC0,
    0x1E,0xC0,0x3F,0xC0,0x30,0xC0,0x60,0xC0,0x60,0xC0,0x60,0xC0,0x60,0xC0,0x60,0xC0,
    0x30,0xC0,0x3F,0xC0,0x1E,0x40,0x00,0x00,0x00,0x00,0x00,0x00,0x00,0x00,0x00,0x00,
};

static const uint8_t kAtlas2GlyphBits69[48] = {
    0x00,0x00,0x00,0x00,0x00,0x00,0x00,0x00,0x00,0x00,0x00,0x00,0x00,0x00,0x00,0x00,
    0x0F,0x80,0x1F,0xC0,0x30,0x40,0x20,0x60,0x7F,0xE0,0x7F,0xE0,0x60,0x00,0x60,0x00,
    0x30,0x20,0x1F,0xC0,0x0F,0xC0,0x00,0x00,0x00,0x00,0x00,0x00,0x00,0x00,0x00,0x00,
};

static const uint8_t kAtlas2GlyphBits70[48] = {
    0x00,0x00,0x00,0x00,0x00,0x00,0x00,0x00,0x03,0xC0,0x07,0xC0,0x04,0x00,0x04,0x00,
    0x3F,0xC0,0x3F,0xC0,0x04,0x00,0x04,0x00,0x04,0x00,0x04,0x00,0x04,0x00,0x04,0x00,
    0x04,0x00,0x04,0x00,0x04,0x00,0x00,0x00,0x00,0x00,0x00,0x00,0x00,0x00,0x00,0x00,
};

static const uint8_t kAtlas2GlyphBits71[48] = {
    0x00,0x00,0x00,0x00,0x00,0x00,0x00,0x00,0x00,0x00,0x00,0x00,0x00,0x00,0x00,0x00,
    0x0F,0x40,0x1F,0xC0,0x30,0xC0,0x30,0xC0,0x20,0x40,0x60,0x40,0x20,0x40,0x30,0xC0,
    0x30,0xC0,0x1F,0x40,0x0F,0x40,0x00,0x40,0x00,0xC0,0x1F,0x80,0x1F,0x00,0x00,0x00,
};

static const uint8_t kAtlas2GlyphBits72[48] = {
    0x00,0x00,0x00,0x00,0x00,0x00,0x00,0x00,0x30,0x00,0x30,0x00,0x30,0x00,0x30,0x00,
    0x37,0x80,0x3F,0xC0,0x30,0xC0,0x30,0xC0,0x30,0xC0,0x30,0xC0,0x30,0xC0,0x30,0xC0,
    0x30,0xC0,0x30,0xC0,0x30,0xC0,0x00,0x00,0x00,0x00,0x00,0x00,0x00,0x00,0x00,0x00,
};

static const uint8_t kAtlas2GlyphBits73[48] = {
    0x00,0x00,0x00,0x00,0x00,0x00,0x00,0x00,0x06,0x00,0x06,0x00,0x00,0x00,0x00,0x00,
    0x1E,0x00,0x1E,0x00,0x06,0x00,0x06,0x00,0x06,0x00,0x06,0x00,0x06,0x00,0x06,0x00,
    0x06,0x00,0x03,0xE0,0x01,0xE0,0x00,0x00,0x00,0x00,0x00,0x00,0x00,0x00,0x00,0x00,
};

static const uint8_t kAtlas2GlyphBits74[48] = {
    0x00,0x00,0x00,0x00,0x00,0x00,0x00,0x00,0x03,0x00,0x03,0x00,0x00,0x00,0x00,0x00,
    0x1F,0x00,0x1F,0x00,0x03,0x00,0x03,0x00,0x03,0x00,0x03,0x00,0x03,0x00,0x03,0x00,
    0x03,0x00,0x03,0x00,0x03,0x00,0x03,0x00,0x03,0x00,0x3F,0x00,0x3E,0x00,0x00,0x00,
};

static const uint8_t kAtlas2GlyphBits75[48] = {
    0x00,0x00,0x00,0x00,0x00,0x00,0x00,0x00,0x30,0x00,0x30,0x00,0x30,0x00,0x30,0x00,
    0x30,0xE0,0x31,0x80,0x33,0x00,0x36,0x00,0x3E,0x00,0x3B,0x00,0x33,0x00,0x31,0x80,
    0x30,0xC0,0x30,0xE0,0x30,0x70,0x00,0x00,0x00,0x00,0x00,0x00,0x00,0x00,0x00,0x00,
};

static const uint8_t kAtlas2GlyphBits76[48] = {
    0x00,0x00,0x00,0x00,0x00,0x00,0x00,0x00,0x3C,0x00,0x3C,0x00,0x04,0x00,0x04,0x00,
    0x04,0x00,0x04,0x00,0x04,0x00,0x04,0x00,0x04,0x00,0x04,0x00,0x04,0x00,0x04,0x00,
    0x06,0x00,0x07,0xC0,0x03,0xC0,0x00,0x00,0x00,0x00,0x00,0x00,0x00,0x00,0x00,0x00,
};

static const uint8_t kAtlas2GlyphBits77[48] = {
    0x00,0x00,0x00,0x00,0x00,0x00,0x00,0x00,0x00,0x00,0x00,0x00,0x00,0x00,0x00,0x00,
    0x7D,0xC0,0x7F,0xE0,0x66,0x60,0x66,0x60,0x66,0x60,0x66,0x60,0x66,0x60,0x66,0x60,
    0x66,0x60,0x66,0x60,0x66,0x60,0x00,0x00,0x00,0x00,0x00,0x00,0x00,0x00,0x00,0x00,
};

static const uint8_t kAtlas2GlyphBits78[48] = {
    0x00,0x00,0x00,0x00,0x00,0x00,0x00,0x00,0x00,0x00,0x00,0x00,0x00,0x00,0x00,0x00,
    0x37,0x80,0x3F,0xC0,0x30,0xC0,0x30,0xC0,0x30,0xC0,0x30,0xC0,0x30,0xC0,0x30,0xC0,
    0x30,0xC0,0x30,0xC0,0x30,0xC0,0x00,0x00,0x00,0x00,0x00,0x00,0x00,0x00,0x00,0x00,
};

static const uint8_t kAtlas2GlyphBits79[48] = {
    0x00,0x00,0x00,0x00,0x00,0x00,0x00,0x00,0x00,0x00,0x00,0x00,0x00,0x00,0x00,0x00,
    0x0F,0x00,0x3F,0xC0,0x30,0xC0,0x30,0x40,0x60,0x60,0x60,0x60,0x60,0x60,0x30,0x40,
    0x30,0xC0,0x3F,0xC0,0x0F,0x00,0x00,0x00,0x00,0x00,0x00,0x00,0x00,0x00,0x00,0x00,
};

static const uint8_t kAtlas2GlyphBits80[48] = {
    0x00,0x00,0x00,0x00,0x00,0x00,0x00,0x00,0x00,0x00,0x00,0x00,0x00,0x00,0x00,0x00,
    0x37,0x80,0x3F,0xC0,0x30,0xC0,0x30,0x60,0x30,0x60,0x30,0x60,0x30,0x60,0x30,0x60,
    0x30,0xC0,0x3F,0xC0,0x37,0x80,0x30,0x00,0x30,0x00,0x30,0x00,0x30,0x00,0x00,0x00,
};

static const uint8_t kAtlas2GlyphBits81[48] = {
    0x00,0x00,0x00,0x00,0x00,0x00,0x00,0x00,0x00,0x00,0x00,0x00,0x00,0x00,0x00,0x00,
    0x0E,0x40,0x3F,0x40,0x30,0xC0,0x20,0xC0,0x60,0xC0,0x60,0xC0,0x60,0xC0,0x20,0xC0,
    0x30,0xC0,0x3F,0xC0,0x0E,0xC0,0x00,0xC0,0x00,0xC0,0x00,0xC0,0x00,0xC0,0x00,0x00,
};

static const uint8_t kAtlas2GlyphBits82[48] = {
    0x00,0x00,0x00,0x00,0x00,0x00,0x00,0x00,0x00,0x00,0x00,0x00,0x00,0x00,0x00,0x00,
    0x1B,0xE0,0x1F,0xE0,0x1C,0x00,0x18,0x00,0x18,0x00,0x18,0x00,0x18,0x00,0x18,0x00,
    0x18,0x00,0x18,0x00,0x18,0x00,0x00,0x00,0x00,0x00,0x00,0x00,0x00,0x00,0x00,0x00,
};

static const uint8_t kAtlas2GlyphBits83[48] = {
    0x00,0x00,0x00,0x00,0x00,0x00,0x00,0x00,0x00,0x00,0x00,0x00,0x00,0x00,0x00,0x00,
    0x0F,0x80,0x1F,0xC0,0x30,0x00,0x30,0x00,0x38,0x00,0x0F,0x80,0x01,0xC0,0x00,0xC0,
    0x00,0xC0,0x3F,0xC0,0x1F,0x00,0x00,0x00,0x00,0x00,0x00,0x00,0x00,0x00,0x00,0x00,
};

static const uint8_t kAtlas2GlyphBits84[48] = {
    0x00,0x00,0x00,0x00,0x00,0x00,0x00,0x00,0x04,0x00,0x0C,0x00,0x0C,0x00,0x0C,0x00,
    0x7F,0xC0,0x7F,0xC0,0x0C,0x00,0x0C,0x00,0x0C,0x00,0x0C,0x00,0x0C,0x00,0x0C,0x00,
    0x0C,0x00,0x07,0xC0,0x07,0xC0,0x00,0x00,0x00,0x00,0x00,0x00,0x00,0x00,0x00,0x00,
};

static const uint8_t kAtlas2GlyphBits85[48] = {
    0x00,0x00,0x00,0x00,0x00,0x00,0x00,0x00,0x00,0x00,0x00,0x00,0x00,0x00,0x00,0x00,
    0x30,0xC0,0x30,0xC0,0x30,0xC0,0x30,0xC0,0x30,0xC0,0x30,0xC0,0x30,0xC0,0x30,0xC0,
    0x30,0xC0,0x3F,0xC0,0x1E,0x40,0x00,0x00,0x00,0x00,0x00,0x00,0x00,0x00,0x00,0x00,
};

static const uint8_t kAtlas2GlyphBits86[48] = {
    0x00,0x00,0x00,0x00,0x00,0x00,0x00,0x00,0x00,0x00,0x00,0x00,0x00,0x00,0x00,0x00,
    0x60,0x60,0x20,0x60,0x30,0xC0,0x30,0xC0,0x10,0x80,0x19,0x80,0x19,0x80,0x09,0x00,
    0x0F,0x00,0x0F,0x00,0x06,0x00,0x00,0x00,0x00,0x00,0x00,0x00,0x00,0x00,0x00,0x00,
};

static const uint8_t kAtlas2GlyphBits87[48] = {
    0x00,0x00,0x00,0x00,0x00,0x00,0x00,0x00,0x00,0x00,0x00,0x00,0x00,0x00,0x00,0x00,
    0xC0,0x30,0xC0,0x30,0x40,0x20,0x66,0x20,0x66,0x60,0x66,0x60,0x2F,0x60,0x29,0x40,
    0x39,0xC0,0x39,0xC0,0x30,0xC0,0x00,0x00,0x00,0x00,0x00,0x00,0x00,0x00,0x00,0x00,
};

static const uint8_t kAtlas2GlyphBits88[48] = {
    0x00,0x00,0x00,0x00,0x00,0x00,0x00,0x00,0x00,0x00,0x00,0x00,0x00,0x00,0x00,0x00,
    0x60,0x60,0x30,0xC0,0x19,0x80,0x0F,0x00,0x0F,0x00,0x06,0x00,0x0F,0x00,0x19,0x80,
    0x19,0x80,0x30,0xC0,0x60,0x60,0x00,0x00,0x00,0x00,0x00,0x00,0x00,0x00,0x00,0x00,
};

static const uint8_t kAtlas2GlyphBits89[48] = {
    0x00,0x00,0x00,0x00,0x00,0x00,0x00,0x00,0x00,0x00,0x00,0x00,0x00,0x00,0x00,0x00,
    0x60,0x60,0x20,0x60,0x30,0xC0,0x30,0xC0,0x18,0xC0,0x19,0x80,0x09,0x80,0x0D,0x00,
    0x0F,0x00,0x07,0x00,0x06,0x00,0x06,0x00,0x0C,0x00,0x1C,0x00,0x38,0x00,0x00,0x00,
};

static const uint8_t kAtlas2GlyphBits90[48] = {
    0x00,0x00,0x00,0x00,0x00,0x00,0x00,0x00,0x00,0x00,0x00,0x00,0x00,0x00,0x00,0x00,
    0x3F,0xC0,0x3F,0xC0,0x01,0xC0,0x01,0x80,0x03,0x00,0x06,0x00,0x0C,0x00,0x18,0x00,
    0x18,0x00,0x3F,0xC0,0x3F,0xC0,0x00,0x00,0x00,0x00,0x00,0x00,0x00,0x00,0x00,0x00,
};

static const uint8_t kAtlas2GlyphBits91[48] = {
    0x00,0x00,0x00,0x00,0x00,0x00,0x03,0xC0,0x07,0xC0,0x06,0x00,0x06,0x00,0x06,0x00,
    0x06,0x00,0x06,0x00,0x0C,0x00,0x78,0x00,0x7C,0x00,0x04,0x00,0x06,0x00,0x06,0x00,
    0x06,0x00,0x06,0x00,0x06,0x00,0x07,0xC0,0x03,0xC0,0x00,0x00,0x00,0x00,0x00,0x00,
};

static const uint8_t kAtlas2GlyphBits92[48] = {
    0x00,0x00,0x00,0x00,0x00,0x00,0x00,0x00,0x06,0x00,0x06,0x00,0x06,0x00,0x06,0x00,
    0x06,0x00,0x06,0x00,0x06,0x00,0x06,0x00,0x06,0x00,0x06,0x00,0x06,0x00,0x06,0x00,
    0x06,0x00,0x06,0x00,0x06,0x00,0x06,0x00,0x06,0x00,0x06,0x00,0x06,0x00,0x06,0x00,
};

static const uint8_t kAtlas2GlyphBits93[48] = {
    0x00,0x00,0x00,0x00,0x00,0x00,0x00,0x00,0x1C,0x00,0x1E,0x00,0x06,0x00,0x06,0x00,
    0x06,0x00,0x06,0x00,0x06,0x00,0x03,0x00,0x01,0xE0,0x03,0xE0,0x03,0x00,0x06,0x00,
    0x06,0x00,0x06,0x00,0x06,0x00,0x06,0x00,0x1E,0x00,0x1C,0x00,0x00,0x00,0x00,0x00,
};

static const uint8_t kAtlas2GlyphBits94[48] = {
    0x00,0x00,0x00,0x00,0x00,0x00,0x00,0x00,0x00,0x00,0x00,0x00,0x00,0x00,0x00,0x00,
    0x00,0x00,0x00,0x00,0x00,0x00,0x10,0x20,0x3C,0x20,0x66,0x60,0x63,0xE0,0x41,0xC0,
    0x00,0x00,0x00,0x00,0x00,0x00,0x00,0x00,0x00,0x00,0x00,0x00,0x00,0x00,0x00,0x00,
};

static const uint8_t kAtlas2GlyphBits95[48] = {
    0x00,0x00,0x00,0x00,0x00,0x00,0x00,0x00,0x00,0x00,0x00,0x00,0x00,0x00,0x00,0x00,
    0x06,0x00,0x0F,0x00,0x1F,0x80,0x16,0x80,0x06,0x00,0x06,0x00,0x06,0x00,0x06,0x00,
    0x06,0x00,0x06,0x00,0x06,0x00,0x00,0x00,0x00,0x00,0x00,0x00,0x00,0x00,0x00,0x00,
};

static const uint8_t kAtlas2GlyphBits96[48] = {
    0x00,0x00,0x00,0x00,0x00,0x00,0x00,0x00,0x00,0x00,0x00,0x00,0x00,0x00,0x00,0x00,
    0x00,0x00,0x00,0x80,0x00,0xC0,0xFF,0xE0,0xFF,0xE0,0x00,0x40,0x00,0x80,0x00,0x00,
    0x00,0x00,0x00,0x00,0x00,0x00,0x00,0x00,0x00,0x00,0x00,0x00,0x00,0x00,0x00,0x00,
};

static const Glyph kAtlas2Glyphs[97] = {
    { 0x20, kAtlas2GlyphBits0 },
    { 0x21, kAtlas2GlyphBits1 },
    { 0x22, kAtlas2GlyphBits2 },
    { 0x23, kAtlas2GlyphBits3 },
    { 0x24, kAtlas2GlyphBits4 },
    { 0x25, kAtlas2GlyphBits5 },
    { 0x26, kAtlas2GlyphBits6 },
    { 0x27, kAtlas2GlyphBits7 },
    { 0x28, kAtlas2GlyphBits8 },
    { 0x29, kAtlas2GlyphBits9 },
    { 0x2a, kAtlas2GlyphBits10 },
    { 0x2b, kAtlas2GlyphBits11 },
    { 0x2c, kAtlas2GlyphBits12 },
    { 0x2d, kAtlas2GlyphBits13 },
    { 0x2e, kAtlas2GlyphBits14 },
    { 0x2f, kAtlas2GlyphBits15 },
    { 0x30, kAtlas2GlyphBits16 },
    { 0x31, kAtlas2GlyphBits17 },
    { 0x32, kAtlas2GlyphBits18 },
    { 0x33, kAtlas2GlyphBits19 },
    { 0x34, kAtlas2GlyphBits20 },
    { 0x35, kAtlas2GlyphBits21 },
    { 0x36, kAtlas2GlyphBits22 },
    { 0x37, kAtlas2GlyphBits23 },
    { 0x38, kAtlas2GlyphBits24 },
    { 0x39, kAtlas2GlyphBits25 },
    { 0x3a, kAtlas2GlyphBits26 },
    { 0x3b, kAtlas2GlyphBits27 },
    { 0x3c, kAtlas2GlyphBits28 },
    { 0x3d, kAtlas2GlyphBits29 },
    { 0x3e, kAtlas2GlyphBits30 },
    { 0x3f, kAtlas2GlyphBits31 },
    { 0x40, kAtlas2GlyphBits32 },
    { 0x41, kAtlas2GlyphBits33 },
    { 0x42, kAtlas2GlyphBits34 },
    { 0x43, kAtlas2GlyphBits35 },
    { 0x44, kAtlas2GlyphBits36 },
    { 0x45, kAtlas2GlyphBits37 },
    { 0x46, kAtlas2GlyphBits38 },
    { 0x47, kAtlas2GlyphBits39 },
    { 0x48, kAtlas2GlyphBits40 },
    { 0x49, kAtlas2GlyphBits41 },
    { 0x4a, kAtlas2GlyphBits42 },
    { 0x4b, kAtlas2GlyphBits43 },
    { 0x4c, kAtlas2GlyphBits44 },
    { 0x4d, kAtlas2GlyphBits45 },
    { 0x4e, kAtlas2GlyphBits46 },
    { 0x4f, kAtlas2GlyphBits47 },
    { 0x50, kAtlas2GlyphBits48 },
    { 0x51, kAtlas2GlyphBits49 },
    { 0x52, kAtlas2GlyphBits50 },
    { 0x53, kAtlas2GlyphBits51 },
    { 0x54, kAtlas2GlyphBits52 },
    { 0x55, kAtlas2GlyphBits53 },
    { 0x56, kAtlas2GlyphBits54 },
    { 0x57, kAtlas2GlyphBits55 },
    { 0x58, kAtlas2GlyphBits56 },
    { 0x59, kAtlas2GlyphBits57 },
    { 0x5a, kAtlas2GlyphBits58 },
    { 0x5b, kAtlas2GlyphBits59 },
    { 0x5c, kAtlas2GlyphBits60 },
    { 0x5d, kAtlas2GlyphBits61 },
    { 0x5e, kAtlas2GlyphBits62 },
    { 0x5f, kAtlas2GlyphBits63 },
    { 0x60, kAtlas2GlyphBits64 },
    { 0x61, kAtlas2GlyphBits65 },
    { 0x62, kAtlas2GlyphBits66 },
    { 0x63, kAtlas2GlyphBits67 },
    { 0x64, kAtlas2GlyphBits68 },
    { 0x65, kAtlas2GlyphBits69 },
    { 0x66, kAtlas2GlyphBits70 },
    { 0x67, kAtlas2GlyphBits71 },
    { 0x68, kAtlas2GlyphBits72 },
    { 0x69, kAtlas2GlyphBits73 },
    { 0x6a, kAtlas2GlyphBits74 },
    { 0x6b, kAtlas2GlyphBits75 },
    { 0x6c, kAtlas2GlyphBits76 },
    { 0x6d, kAtlas2GlyphBits77 },
    { 0x6e, kAtlas2GlyphBits78 },
    { 0x6f, kAtlas2GlyphBits79 },
    { 0x70, kAtlas2GlyphBits80 },
    { 0x71, kAtlas2GlyphBits81 },
    { 0x72, kAtlas2GlyphBits82 },
    { 0x73, kAtlas2GlyphBits83 },
    { 0x74, kAtlas2GlyphBits84 },
    { 0x75, kAtlas2GlyphBits85 },
    { 0x76, kAtlas2GlyphBits86 },
    { 0x77, kAtlas2GlyphBits87 },
    { 0x78, kAtlas2GlyphBits88 },
    { 0x79, kAtlas2GlyphBits89 },
    { 0x7a, kAtlas2GlyphBits90 },
    { 0x7b, kAtlas2GlyphBits91 },
    { 0x7c, kAtlas2GlyphBits92 },
    { 0x7d, kAtlas2GlyphBits93 },
    { 0x7e, kAtlas2GlyphBits94 },
    { 0x2191, kAtlas2GlyphBits95 },
    { 0x2192, kAtlas2GlyphBits96 },
};

static const uint8_t kAtlas3GlyphBits0[48] = {
    0x00,0x00,0x00,0x00,0x00,0x00,0x00,0x00,0x00,0x00,0x00,0x00,0x00,0x00,0x00,0x00,
    0x00,0x00,0x00,0x00,0x00,0x00,0x00,0x00,0x00,0x00,0x00,0x00,0x00,0x00,0x00,0x00,
    0x00,0x00,0x00,0x00,0x00,0x00,0x00,0x00,0x00,0x00,0x00,0x00,0x00,0x00,0x00,0x00,
};

static const uint8_t kAtlas3GlyphBits1[48] = {
    0x00,0x00,0x00,0x00,0x00,0x00,0x07,0x00,0x07,0x00,0x07,0x00,0x07,0x00,0x07,0x00,
    0x07,0x00,0x06,0x00,0x06,0x00,0x06,0x00,0x02,0x00,0x02,0x00,0x00,0x00,0x00,0x00,
    0x07,0x00,0x07,0x00,0x07,0x00,0x00,0x00,0x00,0x00,0x00,0x00,0x00,0x00,0x00,0x00,
};

static const uint8_t kAtlas3GlyphBits2[48] = {
    0x00,0x00,0x00,0x00,0x00,0x00,0x19,0x80,0x19,0x80,0x19,0x80,0x19,0x80,0x19,0x80,
    0x19,0x80,0x00,0x00,0x00,0x00,0x00,0x00,0x00,0x00,0x00,0x00,0x00,0x00,0x00,0x00,
    0x00,0x00,0x00,0x00,0x00,0x00,0x00,0x00,0x00,0x00,0x00,0x00,0x00,0x00,0x00,0x00,
};

static const uint8_t kAtlas3GlyphBits3[48] = {
    0x00,0x00,0x00,0x00,0x00,0x00,0x06,0x60,0x06,0x60,0x04,0x60,0x04,0x40,0x0C,0x40,
    0x7F,0xF8,0x7F,0xF8,0x08,0x80,0x18,0x80,0x19,0x80,0xFF,0xE0,0xFF,0xE0,0x31,0x00,
    0x33,0x00,0x33,0x00,0x23,0x00,0x00,0x00,0x00,0x00,0x00,0x00,0x00,0x00,0x00,0x00,
};

static const uint8_t kAtlas3GlyphBits4[48] = {
    0x00,0x00,0x00,0x00,0x00,0x00,0x03,0x00,0x03,0x00,0x03,0x00,0x1F,0xC0,0x32,0x40,
    0x32,0x00,0x32,0x00,0x32,0x00,0x1F,0x00,0x07,0xC0,0x02,0x60,0x02,0x60,0x02,0x60,
    0x22,0x60,0x3F,0xE0,0x1F,0x80,0x03,0x00,0x03,0x00,0x03,0x00,0x00,0x00,0x00,0x00,
};

static const uint8_t kAtlas3GlyphBits5[48] = {
    0x00,0x00,0x00,0x00,0x00,0x00,0x00,0x00,0x38,0x00,0x7C,0x00,0xC6,0x00,0xC6,0x00,
    0xC6,0x00,0x7C,0x30,0x38,0xE0,0x07,0x00,0x1C,0xC0,0xE1,0xE0,0x83,0x30,0x02,0x10,
    0x02,0x10,0x03,0xF0,0x01,0xE0,0x00,0x00,0x00,0x00,0x00,0x00,0x00,0x00,0x00,0x00,
};

static const uint8_t kAtlas3GlyphBits6[48] = {
    0x00,0x00,0x00,0x00,0x00,0x00,0x0F,0x80,0x1F,0x80,0x10,0x00,0x30,0x00,0x10,0x00,
    0x18,0x00,0x1C,0x00,0x3C,0x00,0x66,0x10,0x63,0x10,0x43,0x90,0x41,0xB0,0x60,0xE0,
    0x70,0x60,0x3F,0xF0,0x1F,0x38,0x00,0x00,0x00,0x00,0x00,0x00,0x00,0x00,0x00,0x00,
};

static const uint8_t kAtlas3GlyphBits7[48] = {
    0x00,0x00,0x00,0x00,0x00,0x00,0x06,0x00,0x06,0x00,0x06,0x00,0x06,0x00,0x06,0x00,
    0x06,0x00,0x00,0x00,0x00,0x00,0x00,0x00,0x00,0x00,0x00,0x00,0x00,0x00,0x00,0x00,
    0x00,0x00,0x00,0x00,0x00,0x00,0x00,0x00,0x00,0x00,0x00,0x00,0x00,0x00,0x00,0x00,
};

static const uint8_t kAtlas3GlyphBits8[48] = {
    0x00,0x00,0x00,0x00,0x00,0x00,0x03,0x00,0x06,0x00,0x04,0x00,0x0C,0x00,0x0C,0x00,
    0x0C,0x00,0x18,0x00,0x18,0x00,0x18,0x00,0x18,0x00,0x18,0x00,0x18,0x00,0x18,0x00,
    0x0C,0x00,0x0C,0x00,0x0C,0x00,0x06,0x00,0x06,0x00,0x03,0x00,0x00,0x00,0x00,0x00,
};

static const uint8_t kAtlas3GlyphBits9[48] = {
    0x00,0x00,0x00,0x00,0x00,0x00,0x06,0x00,0x02,0x00,0x03,0x00,0x01,0x00,0x01,0x80,
    0x01,0x80,0x01,0x80,0x01,0x80,0x00,0xC0,0x00,0xC0,0x00,0xC0,0x01,0x80,0x01,0x80,
    0x01,0x80,0x01,0x80,0x01,0x00,0x03,0x00,0x02,0x00,0x06,0x00,0x00,0x00,0x00,0x00,
};

static const uint8_t kAtlas3GlyphBits10[48] = {
    0x00,0x00,0x00,0x00,0x00,0x00,0x00,0x00,0x02,0x00,0x02,0x00,0x02,0x00,0x22,0x20,
    0x7F,0xE0,0x0F,0x00,0x07,0x00,0x0D,0x80,0x18,0x80,0x10,0xC0,0x00,0x00,0x00,0x00,
    0x00,0x00,0x00,0x00,0x00,0x00,0x00,0x00,0x00,0x00,0x00,0x00,0x00,0x00,0x00,0x00,
};

static const uint8_t kAtlas3GlyphBits11[48] = {
    0x00,0x00,0x00,0x00,0x00,0x00,0x00,0x00,0x00,0x00,0x00,0x00,0x00,0x00,0x06,0x00,
    0x06,0x00,0x06,0x00,0x06,0x00,0x7F,0xF0,0x7F,0xF0,0x06,0x00,0x06,0x00,0x06,0x00,
    0x06,0x00,0x06,0x00,0x00,0x00,0x00,0x00,0x00,0x00,0x00,0x00,0x00,0x00,0x00,0x00,
};

static const uint8_t kAtlas3GlyphBits12[48] = {
    0x00,0x00,0x00,0x00,0x00,0x00,0x00,0x00,0x00,0x00,0x00,0x00,0x00,0x00,0x00,0x00,
    0x00,0x00,0x00,0x00,0x00,0x00,0x00,0x00,0x00,0x00,0x00,0x00,0x00,0x00,0x00,0x00,
    0x07,0x00,0x07,0x00,0x07,0x00,0x01,0x00,0x03,0x00,0x02,0x00,0x0C,0x00,0x08,0x00,
};

static const uint8_t kAtlas3GlyphBits13[48] = {
    0x00,0x00,0x00,0x00,0x00,0x00,0x00,0x00,0x00,0x00,0x00,0x00,0x00,0x00,0x00,0x00,
    0x00,0x00,0x00,0x00,0x00,0x00,0x00,0x00,0x3F,0xE0,0x3F,0xE0,0x00,0x00,0x00,0x00,
    0x00,0x00,0x00,0x00,0x00,0x00,0x00,0x00,0x00,0x00,0x00,0x00,0x00,0x00,0x00,0x00,
};

static const uint8_t kAtlas3GlyphBits14[48] = {
    0x00,0x00,0x00,0x00,0x00,0x00,0x00,0x00,0x00,0x00,0x00,0x00,0x00,0x00,0x00,0x00,
    0x00,0x00,0x00,0x00,0x00,0x00,0x00,0x00,0x00,0x00,0x00,0x00,0x00,0x00,0x00,0x00,
    0x07,0x00,0x07,0x00,0x07,0x00,0x00,0x00,0x00,0x00,0x00,0x00,0x00,0x00,0x00,0x00,
};

static const uint8_t kAtlas3GlyphBits15[48] = {
    0x00,0x00,0x00,0x00,0x00,0x00,0x00,0x60,0x00,0xC0,0x00,0xC0,0x01,0x80,0x01,0x80,
    0x01,0x80,0x03,0x00,0x03,0x00,0x06,0x00,0x06,0x00,0x0C,0x00,0x0C,0x00,0x18,0x00,
    0x18,0x00,0x30,0x00,0x30,0x00,0x60,0x00,0x00,0x00,0x00,0x00,0x00,0x00,0x00,0x00,
};

static const uint8_t kAtlas3GlyphBits16[48] = {
    0x00,0x00,0x00,0x00,0x00,0x00,0x0F,0x00,0x1F,0xC0,0x38,0xC0,0x30,0x60,0x32,0x60,
    0x36,0x60,0x66,0x60,0x66,0x60,0x66,0x60,0x62,0x60,0x32,0x60,0x30,0x60,0x30,0x60,
    0x38,0xC0,0x1F,0xC0,0x0F,0x00,0x00,0x00,0x00,0x00,0x00,0x00,0x00,0x00,0x00,0x00,
};

static const uint8_t kAtlas3GlyphBits17[48] = {
    0x00,0x00,0x00,0x00,0x00,0x00,0x03,0x00,0x07,0x00,0x0F,0x00,0x1B,0x00,0x3B,0x00,
    0x13,0x00,0x03,0x00,0x03,0x00,0x03,0x00,0x03,0x00,0x03,0x00,0x03,0x00,0x03,0x00,
    0x03,0x00,0x1F,0xE0,0x1F,0xE0,0x00,0x00,0x00,0x00,0x00,0x00,0x00,0x00,0x00,0x00,
};

static const uint8_t kAtlas3GlyphBits18[48] = {
    0x00,0x00,0x00,0x00,0x00,0x00,0x1F,0x00,0x3F,0xC0,0x20,0xC0,0x00,0x60,0x00,0x60,
    0x00,0xE0,0x00,0xC0,0x01,0xC0,0x01,0x80,0x03,0x00,0x06,0x00,0x0C,0x00,0x18,0x00,
    0x38,0x00,0x3F,0xE0,0x3F,0xE0,0x00,0x00,0x00,0x00,0x00,0x00,0x00,0x00,0x00,0x00,
};

static const uint8_t kAtlas3GlyphBits19[48] = {
    0x00,0x00,0x00,0x00,0x00,0x00,0x3F,0x80,0x3F,0xC0,0x20,0xE0,0x00,0x60,0x00,0x60,
    0x00,0xC0,0x0F,0xC0,0x0F,0x80,0x00,0xC0,0x00,0x60,0x00,0x60,0x00,0x60,0x00,0x60,
    0x20,0xE0,0x3F,0xC0,0x3F,0x80,0x00,0x00,0x00,0x00,0x00,0x00,0x00,0x00,0x00,0x00,
};

static const uint8_t kAtlas3GlyphBits20[48] = {
    0x00,0x00,0x00,0x00,0x00,0x00,0x01,0xC0,0x03,0xC0,0x02,0xC0,0x06,0xC0,0x0C,0xC0,
    0x0C,0xC0,0x18,0xC0,0x10,0xC0,0x30,0xC0,0x60,0xC0,0x7F,0xF0,0x7F,0xF0,0x00,0xC0,
    0x00,0xC0,0x00,0xC0,0x00,0xC0,0x00,0x00,0x00,0x00,0x00,0x00,0x00,0x00,0x00,0x00,
};

static const uint8_t kAtlas3GlyphBits21[48] = {
    0x00,0x00,0x00,0x00,0x00,0x00,0x3F,0xC0,0x3F,0xC0,0x30,0x00,0x30,0x00,0x30,0x00,
    0x36,0x00,0x3F,0x80,0x21,0xC0,0x00,0xE0,0x00,0x60,0x00,0x60,0x00,0x60,0x00,0x60,
    0x40,0xC0,0x7F,0xC0,0x3F,0x00,0x00,0x00,0x00,0x00,0x00,0x00,0x00,0x00,0x00,0x00,
};

static const uint8_t kAtlas3GlyphBits22[48] = {
    0x00,0x00,0x00,0x00,0x00,0x00,0x07,0xC0,0x1F,0xC0,0x18,0x00,0x30,0x00,0x30,0x00,
    0x23,0x00,0x6F,0xC0,0x78,0xE0,0x70,0x60,0x70,0x60,0x70,0x60,0x30,0x60,0x30,0x60,
    0x30,0xE0,0x1F,0xC0,0x0F,0x80,0x00,0x00,0x00,0x00,0x00,0x00,0x00,0x00,0x00,0x00,
};

static const uint8_t kAtlas3GlyphBits23[48] = {
    0x00,0x00,0x00,0x00,0x00,0x00,0x7F,0xE0,0x7F,0xE0,0x00,0xC0,0x00,0xC0,0x00,0xC0,
    0x01,0x80,0x01,0x80,0x01,0x80,0x03,0x00,0x03,0x00,0x07,0x00,0x06,0x00,0x06,0x00,
    0x0C,0x00,0x0C,0x00,0x1C,0x00,0x00,0x00,0x00,0x00,0x00,0x00,0x00,0x00,0x00,0x00,
};

static const uint8_t kAtlas3GlyphBits24[48] = {
    0x00,0x00,0x00,0x00,0x00,0x00,0x0F,0x80,0x3F,0xC0,0x30,0xE0,0x30,0x60,0x30,0x60,
    0x30,0xE0,0x1F,0xC0,0x0F,0x80,0x38,0xC0,0x30,0x60,0x60,0x60,0x60,0x60,0x70,0x60,
    0x30,0xE0,0x3F,0xC0,0x0F,0x80,0x00,0x00,0x00,0x00,0x00,0x00,0x00,0x00,0x00,0x00,
};

static const uint8_t kAtlas3GlyphBits25[48] = {
    0x00,0x00,0x00,0x00,0x00,0x00,0x0F,0x00,0x3F,0xC0,0x30,0xC0,0x70,0x60,0x60,0x60,
    0x60,0x60,0x60,0x60,0x30,0x60,0x30,0xE0,0x1F,0xE0,0x06,0x60,0x00,0x60,0x00,0x60,
    0x00,0xC0,0x3F,0x80,0x1F,0x00,0x00,0x00,0x00,0x00,0x00,0x00,0x00,0x00,0x00,0x00,
};

static const uint8_t kAtlas3GlyphBits26[48] = {
    0x00,0x00,0x00,0x00,0x00,0x00,0x00,0x00,0x00,0x00,0x00,0x00,0x00,0x00,0x07,0x00,
    0x07,0x00,0x07,0x00,0x06,0x00,0x00,0x00,0x00,0x00,0x00,0x00,0x00,0x00,0x07,0x00,
    0x07,0x00,0x07,0x00,0x06,0x00,0x00,0x00,0x00,0x00,0x00,0x00,0x00,0x00,0x00,0x00,
};

static const uint8_t kAtlas3GlyphBits27[48] = {
    0x00,0x00,0x00,0x00,0x00,0x00,0x00,0x00,0x00,0x00,0x00,0x00,0x00,0x00,0x00,0x00,
    0x06,0x00,0x07,0x00,0x07,0x00,0x06,0x00,0x00,0x00,0x00,0x00,0x00,0x00,0x00,0x00,
    0x07,0x00,0x07,0x00,0x07,0x00,0x01,0x00,0x03,0x00,0x03,0x00,0x0E,0x00,0x08,0x00,
};

static const uint8_t kAtlas3GlyphBits28[48] = {
    0x00,0x00,0x00,0x00,0x00,0x00,0x00,0x00,0x00,0x00,0x00,0x00,0x00,0x00,0x00,0x10,
    0x00,0xF0,0x03,0xC0,0x1F,0x00,0x78,0x00,0x70,0x00,0x3C,0x00,0x0F,0x80,0x01,0xE0,
    0x00,0x70,0x00,0x10,0x00,0x00,0x00,0x00,0x00,0x00,0x00,0x00,0x00,0x00,0x00,0x00,
};

static const uint8_t kAtlas3GlyphBits29[48] = {
    0x00,0x00,0x00,0x00,0x00,0x00,0x00,0x00,0x00,0x00,0x00,0x00,0x00,0x00,0x00,0x00,
    0x00,0x00,0x7F,0xF0,0x7F,0xF0,0x00,0x00,0x00,0x00,0x7F,0xF0,0x7F,0xF0,0x00,0x00,
    0x00,0x00,0x00,0x00,0x00,0x00,0x00,0x00,0x00,0x00,0x00,0x00,0x00,0x00,0x00,0x00,
};

static const uint8_t kAtlas3GlyphBits30[48] = {
    0x00,0x00,0x00,0x00,0x00,0x00,0x00,0x00,0x00,0x00,0x00,0x00,0x00,0x00,0x40,0x00,
    0x70,0x00,0x3E,0x00,0x07,0x80,0x00,0xF0,0x00,0x70,0x03,0xE0,0x0F,0x00,0x7C,0x00,
    0x60,0x00,0x40,0x00,0x00,0x00,0x00,0x00,0x00,0x00,0x00,0x00,0x00,0x00,0x00,0x00,
};

static const uint8_t kAtlas3GlyphBits31[48] = {
    0x00,0x00,0x00,0x00,0x00,0x00,0x0F,0x80,0x3F,0xC0,0x20,0xE0,0x00,0x60,0x00,0xE0,
    0x00,0xC0,0x01,0x80,0x03,0x00,0x06,0x00,0x06,0x00,0x06,0x00,0x00,0x00,0x00,0x00,
    0x06,0x00,0x07,0x00,0x06,0x00,0x00,0x00,0x00,0x00,0x00,0x00,0x00,0x00,0x00,0x00,
};

static const uint8_t kAtlas3GlyphBits32[48] = {
    0x00,0x00,0x00,0x00,0x00,0x00,0x00,0x00,0x07,0xC0,0x1F,0xE0,0x30,0x30,0x60,0x30,
    0x61,0x90,0x47,0xD0,0xC6,0x30,0xCC,0x30,0xCC,0x10,0xCC,0x10,0xCC,0x30,0x46,0x30,
    0x47,0xD0,0x61,0x90,0x30,0x00,0x38,0x00,0x1F,0xC0,0x07,0xE0,0x00,0x00,0x00,0x00,
};

static const uint8_t kAtlas3GlyphBits33[48] = {
    0x00,0x00,0x00,0x00,0x00,0x00,0x07,0x00,0x07,0x00,0x0F,0x00,0x0D,0x80,0x0D,0x80,
    0x19,0x80,0x19,0x80,0x18,0xC0,0x18,0xC0,0x30,0xC0,0x3F,0xE0,0x3F,0xE0,0x60,0x60,
    0x60,0x70,0x60,0x30,0xE0,0x30,0x00,0x00,0x00,0x00,0x00,0x00,0x00,0x00,0x00,0x00,
};

static const uint8_t kAtlas3GlyphBits34[48] = {
    0x00,0x00,0x00,0x00,0x00,0x00,0x3F,0x80,0x3F,0xC0,0x30,0x60,0x30,0x60,0x30,0x60,
    0x30,0x60,0x30,0xE0,0x3F,0x80,0x3F,0xC0,0x30,0x60,0x30,0x70,0x30,0x30,0x30,0x70,
    0x30,0x60,0x3F,0xE0,0x3F,0x80,0x00,0x00,0x00,0x00,0x00,0x00,0x00,0x00,0x00,0x00,
};

static const uint8_t kAtlas3GlyphBits35[48] = {
    0x00,0x00,0x00,0x00,0x00,0x00,0x07,0xC0,0x0F,0xE0,0x18,0x20,0x30,0x00,0x30,0x00,
    0x30,0x00,0x70,0x00,0x70,0x00,0x70,0x00,0x70,0x00,0x30,0x00,0x30,0x00,0x30,0x00,
    0x18,0x20,0x0F,0xE0,0x07,0xC0,0x00,0x00,0x00,0x00,0x00,0x00,0x00,0x00,0x00,0x00,
};

static const uint8_t kAtlas3GlyphBits36[48] = {
    0x00,0x00,0x00,0x00,0x00,0x00,0x7F,0x00,0x7F,0x80,0x60,0xC0,0x60,0xE0,0x60,0x60,
    0x60,0x60,0x60,0x60,0x60,0x60,0x60,0x60,0x60,0x60,0x60,0x60,0x60,0x60,0x60,0xE0,
    0x60,0xC0,0x7F,0x80,0x7F,0x00,0x00,0x00,0x00,0x00,0x00,0x00,0x00,0x00,0x00,0x00,
};

static const uint8_t kAtlas3GlyphBits37[48] = {
    0x00,0x00,0x00,0x00,0x00,0x00,0x3F,0xE0,0x3F,0xE0,0x30,0x00,0x30,0x00,0x30,0x00,
    0x30,0x00,0x30,0x00,0x3F,0xE0,0x3F,0xE0,0x30,0x00,0x30,0x00,0x30,0x00,0x30,0x00,
    0x30,0x00,0x3F,0xE0,0x3F,0xE0,0x00,0x00,0x00,0x00,0x00,0x00,0x00,0x00,0x00,0x00,
};

static const uint8_t kAtlas3GlyphBits38[48] = {
    0x00,0x00,0x00,0x00,0x00,0x00,0x3F,0xE0,0x3F,0xE0,0x30,0x00,0x30,0x00,0x30,0x00,
    0x30,0x00,0x30,0x00,0x3F,0xE0,0x3F,0xE0,0x30,0x00,0x30,0x00,0x30,0x00,0x30,0x00,
    0x30,0x00,0x30,0x00,0x30,0x00,0x00,0x00,0x00,0x00,0x00,0x00,0x00,0x00,0x00,0x00,
};

static const uint8_t kAtlas3GlyphBits39[48] = {
    0x00,0x00,0x00,0x00,0x00,0x00,0x07,0xC0,0x1F,0xE0,0x38,0x20,0x30,0x00,0x70,0x00,
    0x60,0x00,0x60,0x00,0x60,0x00,0x61,0xE0,0x61,0xE0,0x60,0x60,0x70,0x60,0x30,0x60,
    0x38,0x60,0x1F,0xE0,0x07,0xC0,0x00,0x00,0x00,0x00,0x00,0x00,0x00,0x00,0x00,0x00,
};

static const uint8_t kAtlas3GlyphBits40[48] = {
    0x00,0x00,0x00,0x00,0x00,0x00,0x60,0x60,0x60,0x60,0x60,0x60,0x60,0x60,0x60,0x60,
    0x60,0x60,0x60,0x60,0x7F,0xE0,0x7F,0xE0,0x60,0x60,0x60,0x60,0x60,0x60,0x60,0x60,
    0x60,0x60,0x60,0x60,0x60,0x60,0x00,0x00,0x00,0x00,0x00,0x00,0x00,0x00,0x00,0x00,
};

static const uint8_t kAtlas3GlyphBits41[48] = {
    0x00,0x00,0x00,0x00,0x00,0x00,0x3F,0xE0,0x3F,0xE0,0x06,0x00,0x06,0x00,0x06,0x00,
    0x06,0x00,0x06,0x00,0x06,0x00,0x06,0x00,0x06,0x00,0x06,0x00,0x06,0x00,0x06,0x00,
    0x06,0x00,0x3F,0xE0,0x3F,0xE0,0x00,0x00,0x00,0x00,0x00,0x00,0x00,0x00,0x00,0x00,
};

static const uint8_t kAtlas3GlyphBits42[48] = {
    0x00,0x00,0x00,0x00,0x00,0x00,0x0F,0xC0,0x0F,0xC0,0x00,0xC0,0x00,0xC0,0x00,0xC0,
    0x00,0xC0,0x00,0xC0,0x00,0xC0,0x00,0xC0,0x00,0xC0,0x00,0xC0,0x00,0xC0,0x00,0xC0,
    0x41,0x80,0x7F,0x80,0x3F,0x00,0x00,0x00,0x00,0x00,0x00,0x00,0x00,0x00,0x00,0x00,
};

static const uint8_t kAtlas3GlyphBits43[48] = {
    0x00,0x00,0x00,0x00,0x00,0x00,0x60,0x30,0x60,0x60,0x60,0xC0,0x61,0x80,0x63,0x00,
    0x66,0x00,0x6E,0x00,0x7E,0x00,0x7F,0x00,0x73,0x00,0x61,0x80,0x61,0xC0,0x60,0xC0,
    0x60,0xE0,0x60,0x70,0x60,0x38,0x00,0x00,0x00,0x00,0x00,0x00,0x00,0x00,0x00,0x00,
};

static const uint8_t kAtlas3GlyphBits44[48] = {
    0x00,0x00,0x00,0x00,0x00,0x00,0x30,0x00,0x30,0x00,0x30,0x00,0x30,0x00,0x30,0x00,
    0x30,0x00,0x30,0x00,0x30,0x00,0x30,0x00,0x30,0x00,0x30,0x00,0x30,0x00,0x30,0x00,
    0x30,0x00,0x3F,0xF0,0x3F,0xF0,0x00,0x00,0x00,0x00,0x00,0x00,0x00,0x00,0x00,0x00,
};

static const uint8_t kAtlas3GlyphBits45[48] = {
    0x00,0x00,0x00,0x00,0x00,0x00,0x70,0x70,0x70,0xF0,0x70,0xF0,0x78,0xB0,0x68,0xB0,
    0x69,0xB0,0x6D,0x30,0x65,0x30,0x67,0x30,0x66,0x30,0x60,0x30,0x60,0x30,0x60,0x30,
    0x60,0x30,0x60,0x30,0x60,0x30,0x00,0x00,0x00,0x00,0x00,0x00,0x00,0x00,0x00,0x00,
};

static const uint8_t kAtlas3GlyphBits46[48] = {
    0x00,0x00,0x00,0x00,0x00,0x00,0x70,0x60,0x78,0x60,0x78,0x60,0x68,0x60,0x6C,0x60,
    0x6C,0x60,0x66,0x60,0x66,0x60,0x62,0x60,0x63,0x60,0x63,0x60,0x61,0xE0,0x61,0xE0,
    0x60,0xE0,0x60,0xE0,0x60,0xE0,0x00,0x00,0x00,0x00,0x00,0x00,0x00,0x00,0x00,0x00,
};

static const uint8_t kAtlas3GlyphBits47[48] = {
    0x00,0x00,0x00,0x00,0x00,0x00,0x0F,0x80,0x1F,0xC0,0x30,0xC0,0x30,0x60,0x30,0x60,
    0x60,0x60,0x60,0x60,0x60,0x60,0x60,0x60,0x60,0x60,0x60,0x60,0x30,0x60,0x30,0x60,
    0x30,0xC0,0x1F,0xC0,0x0F,0x80,0x00,0x00,0x00,0x00,0x00,0x00,0x00,0x00,0x00,0x00,
};

static const uint8_t kAtlas3GlyphBits48[48] = {
    0x00,0x00,0x00,0x00,0x00,0x00,0x3F,0x80,0x3F,0xC0,0x30,0x60,0x30,0x60,0x30,0x60,
    0x30,0x60,0x30,0x60,0x30,0xE0,0x3F,0xC0,0x3F,0x00,0x30,0x00,0x30,0x00,0x30,0x00,
    0x30,0x00,0x30,0x00,0x30,0x00,0x00,0x00,0x00,0x00,0x00,0x00,0x00,0x00,0x00,0x00,
};

static const uint8_t kAtlas3GlyphBits49[48] = {
    0x00,0x00,0x00,0x00,0x00,0x00,0x0F,0x80,0x1F,0xC0,0x30,0xC0,0x30,0x60,0x30,0x60,
    0x60,0x60,0x60,0x60,0x60,0x60,0x60,0x60,0x60,0x60,0x60,0x60,0x30,0x60,0x30,0x60,
    0x30,0xC0,0x1F,0xC0,0x0F,0x80,0x01,0xC0,0x00,0xC0,0x00,0x70,0x00,0x00,0x00,0x00,
};

static const uint8_t kAtlas3GlyphBits50[48] = {
    0x00,0x00,0x00,0x00,0x00,0x00,0x7F,0x00,0x7F,0xC0,0x70,0xC0,0x70,0x60,0x70,0x60,
    0x70,0x60,0x70,0xE0,0x70,0xC0,0x7F,0x80,0x7F,0x80,0x70,0xC0,0x70,0xC0,0x70,0x60,
    0x70,0x60,0x70,0x30,0x70,0x38,0x00,0x00,0x00,0x00,0x00,0x00,0x00,0x00,0x00,0x00,
};

static const uint8_t kAtlas3GlyphBits51[48] = {
    0x00,0x00,0x00,0x00,0x00,0x00,0x0F,0xC0,0x1F,0xC0,0x30,0x40,0x20,0x00,0x60,0x00,
    0x30,0x00,0x38,0x00,0x1F,0x80,0x07,0xC0,0x00,0xE0,0x00,0x60,0x00,0x60,0x00,0x60,
    0x20,0x60,0x3F,0xC0,0x1F,0x80,0x00,0x00,0x00,0x00,0x00,0x00,0x00,0x00,0x00,0x00,
};

static const uint8_t kAtlas3GlyphBits52[48] = {
    0x00,0x00,0x00,0x00,0x00,0x00,0xFF,0xF0,0xFF,0xF0,0x06,0x00,0x06,0x00,0x06,0x00,
    0x06,0x00,0x06,0x00,0x06,0x00,0x06,0x00,0x06,0x00,0x06,0x00,0x06,0x00,0x06,0x00,
    0x06,0x00,0x06,0x00,0x06,0x00,0x00,0x00,0x00,0x00,0x00,0x00,0x00,0x00,0x00,0x00,
};

static const uint8_t kAtlas3GlyphBits53[48] = {
    0x00,0x00,0x00,0x00,0x00,0x00,0x70,0x60,0x70,0x60,0x70,0x60,0x70,0x60,0x70,0x60,
    0x70,0x60,0x70,0x60,0x70,0x60,0x70,0x60,0x70,0x60,0x30,0x60,0x30,0x60,0x30,0x60,
    0x30,0x60,0x1F,0xC0,0x0F,0x80,0x00,0x00,0x00,0x00,0x00,0x00,0x00,0x00,0x00,0x00,
};

static const uint8_t kAtlas3GlyphBits54[48] = {
    0x00,0x00,0x00,0x00,0x00,0x00,0x60,0x30,0x60,0x30,0x60,0x60,0x30,0x60,0x30,0x60,
    0x30,0x60,0x30,0xC0,0x18,0xC0,0x18,0xC0,0x18,0x80,0x09,0x80,0x0D,0x80,0x0D,0x80,
    0x0F,0x00,0x07,0x00,0x07,0x00,0x00,0x00,0x00,0x00,0x00,0x00,0x00,0x00,0x00,0x00,
};

static const uint8_t kAtlas3GlyphBits55[48] = {
    0x00,0x00,0x00,0x00,0x00,0x00,0xC0,0x18,0xC0,0x30,0xC0,0x30,0xC0,0x30,0x66,0x30,
    0x67,0x30,0x67,0x30,0x65,0x30,0x6D,0x20,0x6D,0x20,0x69,0xE0,0x29,0xE0,0x28,0xE0,
    0x38,0xE0,0x38,0xE0,0x30,0xC0,0x00,0x00,0x00,0x00,0x00,0x00,0x00,0x00,0x00,0x00,
};

static const uint8_t kAtlas3GlyphBits56[48] = {
    0x00,0x00,0x00,0x00,0x00,0x00,0x60,0x30,0x30,0x60,0x30,0xE0,0x18,0xC0,0x0D,0x80,
    0x0D,0x80,0x07,0x00,0x07,0x00,0x07,0x00,0x0D,0x80,0x0D,0x80,0x18,0xC0,0x30,0xC0,
    0x30,0x60,0x60,0x70,0xE0,0x30,0x00,0x00,0x00,0x00,0x00,0x00,0x00,0x00,0x00,0x00,
};

static const uint8_t kAtlas3GlyphBits57[48] = {
    0x00,0x00,0x00,0x00,0x00,0x00,0xE0,0x30,0x60,0x60,0x30,0x60,0x30,0xC0,0x18,0xC0,
    0x19,0x80,0x0D,0x80,0x07,0x00,0x07,0x00,0x06,0x00,0x06,0x00,0x06,0x00,0x06,0x00,
    0x06,0x00,0x06,0x00,0x06,0x00,0x00,0x00,0x00,0x00,0x00,0x00,0x00,0x00,0x00,0x00,
};

static const uint8_t kAtlas3GlyphBits58[48] = {
    0x00,0x00,0x00,0x00,0x00,0x00,0x7F,0xE0,0x7F,0xE0,0x00,0xE0,0x00,0xC0,0x01,0x80,
    0x01,0x80,0x03,0x00,0x07,0x00,0x06,0x00,0x0C,0x00,0x0C,0x00,0x18,0x00,0x30,0x00,
    0x30,0x00,0x7F,0xF0,0x7F,0xF0,0x00,0x00,0x00,0x00,0x00,0x00,0x00,0x00,0x00,0x00,
};

static const uint8_t kAtlas3GlyphBits59[48] = {
    0x00,0x00,0x00,0x00,0x1F,0xC0,0x1F,0xC0,0x18,0x00,0x18,0x00,0x18,0x00,0x18,0x00,
    0x18,0x00,0x18,0x00,0x18,0x00,0x18,0x00,0x18,0x00,0x18,0x00,0x18,0x00,0x18,0x00,
    0x18,0x00,0x18,0x00,0x18,0x00,0x18,0x00,0x1F,0xC0,0x1F,0xC0,0x00,0x00,0x00,0x00,
};

static const uint8_t kAtlas3GlyphBits60[48] = {
    0x00,0x00,0x00,0x00,0x00,0x00,0x60,0x00,0x30,0x00,0x30,0x00,0x18,0x00,0x18,0x00,
    0x0C,0x00,0x0C,0x00,0x06,0x00,0x06,0x00,0x03,0x00,0x03,0x00,0x01,0x80,0x01,0x80,
    0x00,0x80,0x00,0xC0,0x00,0xC0,0x00,0x60,0x00,0x00,0x00,0x00,0x00,0x00,0x00,0x00,
};

static const uint8_t kAtlas3GlyphBits61[48] = {
    0x00,0x00,0x00,0x00,0x1F,0x80,0x1F,0x80,0x01,0x80,0x01,0x80,0x01,0x80,0x01,0x80,
    0x01,0x80,0x01,0x80,0x01,0x80,0x01,0x80,0x01,0x80,0x01,0x80,0x01,0x80,0x01,0x80,
    0x01,0x80,0x01,0x80,0x01,0x80,0x01,0x80,0x1F,0x80,0x1F,0x80,0x00,0x00,0x00,0x00,
};

static const uint8_t kAtlas3GlyphBits62[48] = {
    0x00,0x00,0x00,0x00,0x00,0x00,0x07,0x00,0x0F,0x00,0x1D,0x80,0x18,0xC0,0x30,0x60,
    0x60,0x30,0x00,0x00,0x00,0x00,0x00,0x00,0x00,0x00,0x00,0x00,0x00,0x00,0x00,0x00,
    0x00,0x00,0x00,0x00,0x00,0x00,0x00,0x00,0x00,0x00,0x00,0x00,0x00,0x00,0x00,0x00,
};

static const uint8_t kAtlas3GlyphBits63[48] = {
    0x00,0x00,0x00,0x00,0x00,0x00,0x00,0x00,0x00,0x00,0x00,0x00,0x00,0x00,0x00,0x00,
    0x00,0x00,0x00,0x00,0x00,0x00,0x00,0x00,0x00,0x00,0x00,0x00,0x00,0x00,0x00,0x00,
    0x00,0x00,0x00,0x00,0x00,0x00,0x00,0x00,0x7F,0xF0,0x7F,0xF0,0x00,0x00,0x00,0x00,
};

static const uint8_t kAtlas3GlyphBits64[48] = {
    0x00,0x00,0x00,0x00,0x18,0x00,0x0C,0x00,0x06,0x00,0x03,0x00,0x00,0x00,0x00,0x00,
    0x00,0x00,0x00,0x00,0x00,0x00,0x00,0x00,0x00,0x00,0x00,0x00,0x00,0x00,0x00,0x00,
    0x00,0x00,0x00,0x00,0x00,0x00,0x00,0x00,0x00,0x00,0x00,0x00,0x00,0x00,0x00,0x00,
};

static const uint8_t kAtlas3GlyphBits65[48] = {
    0x00,0x00,0x00,0x00,0x00,0x00,0x00,0x00,0x00,0x00,0x00,0x00,0x00,0x00,0x1F,0x80,
    0x3F,0xC0,0x20,0x60,0x00,0x60,0x07,0xE0,0x1F,0xE0,0x30,0x60,0x60,0x60,0x60,0x60,
    0x30,0xE0,0x3F,0xE0,0x1E,0x70,0x00,0x00,0x00,0x00,0x00,0x00,0x00,0x00,0x00,0x00,
};

static const uint8_t kAtlas3GlyphBits66[48] = {
    0x00,0x00,0x00,0x00,0x00,0x00,0x30,0x00,0x30,0x00,0x30,0x00,0x30,0x00,0x37,0x80,
    0x3F,0xC0,0x38,0x60,0x30,0x60,0x30,0x60,0x30,0x60,0x30,0x60,0x30,0x60,0x30,0x60,
    0x38,0x60,0x3F,0xC0,0x37,0x80,0x00,0x00,0x00,0x00,0x00,0x00,0x00,0x00,0x00,0x00,
};

static const uint8_t kAtlas3GlyphBits67[48] = {
    0x00,0x00,0x00,0x00,0x00,0x00,0x00,0x00,0x00,0x00,0x00,0x00,0x00,0x00,0x07,0xC0,
    0x1F,0xE0,0x18,0x20,0x30,0x00,0x30,0x00,0x30,0x00,0x30,0x00,0x30,0x00,0x30,0x00,
    0x18,0x20,0x1F,0xE0,0x07,0xC0,0x00,0x00,0x00,0x00,0x00,0x00,0x00,0x00,0x00,0x00,
};

static const uint8_t kAtlas3GlyphBits68[48] = {
    0x00,0x00,0x00,0x00,0x00,0x00,0x00,0x60,0x00,0x60,0x00,0x60,0x00,0x60,0x0F,0x60,
    0x1F,0xE0,0x30,0xE0,0x30,0xE0,0x60,0x60,0x60,0x60,0x60,0x60,0x60,0x60,0x30,0xE0,
    0x30,0xE0,0x1F,0xE0,0x0F,0x60,0x00,0x00,0x00,0x00,0x00,0x00,0x00,0x00,0x00,0x00,
};

static const uint8_t kAtlas3GlyphBits69[48] = {
    0x00,0x00,0x00,0x00,0x00,0x00,0x00,0x00,0x00,0x00,0x00,0x00,0x00,0x00,0x0F,0x80,
    0x1F,0xC0,0x30,0x60,0x30,0x60,0x60,0x20,0x7F,0xE0,0x7F,0xE0,0x60,0x00,0x30,0x00,
    0x30,0x20,0x1F,0xE0,0x0F,0xC0,0x00,0x00,0x00,0x00,0x00,0x00,0x00,0x00,0x00,0x00,
};

static const uint8_t kAtlas3GlyphBits70[48] = {
    0x00,0x00,0x00,0x00,0x00,0x00,0x03,0xE0,0x07,0xE0,0x06,0x00,0x06,0x00,0x3F,0xE0,
    0x3F,0xE0,0x06,0x00,0x06,0x00,0x06,0x00,0x06,0x00,0x06,0x00,0x06,0x00,0x06,0x00,
    0x06,0x00,0x06,0x00,0x06,0x00,0x00,0x00,0x00,0x00,0x00,0x00,0x00,0x00,0x00,0x00,
};

static const uint8_t kAtlas3GlyphBits71[48] = {
    0x00,0x00,0x00,0x00,0x00,0x00,0x00,0x00,0x00,0x00,0x00,0x00,0x00,0x00,0x0F,0x60,
    0x1F,0xE0,0x30,0xE0,0x30,0x60,0x30,0x60,0x30,0x60,0x30,0x60,0x30,0x60,0x30,0x60,
    0x30,0xE0,0x1F,0xE0,0x0F,0x60,0x00,0x60,0x00,0xC0,0x1F,0xC0,0x1F,0x80,0x00,0x00,
};

static const uint8_t kAtlas3GlyphBits72[48] = {
    0x00,0x00,0x00,0x00,0x00,0x00,0x30,0x00,0x30,0x00,0x30,0x00,0x30,0x00,0x37,0x80,
    0x3F,0xC0,0x38,0xE0,0x30,0x60,0x30,0x60,0x30,0x60,0x30,0x60,0x30,0x60,0x30,0x60,
    0x30,0x60,0x30,0x60,0x30,0x60,0x00,0x00,0x00,0x00,0x00,0x00,0x00,0x00,0x00,0x00,
};

static const uint8_t kAtlas3GlyphBits73[48] = {
    0x00,0x00,0x00,0x00,0x00,0x00,0x06,0x00,0x06,0x00,0x00,0x00,0x00,0x00,0x1E,0x00,
    0x1E,0x00,0x06,0x00,0x06,0x00,0x06,0x00,0x06,0x00,0x06,0x00,0x06,0x00,0x06,0x00,
    0x07,0x00,0x03,0xE0,0x01,0xE0,0x00,0x00,0x00,0x00,0x00,0x00,0x00,0x00,0x00,0x00,
};

static const uint8_t kAtlas3GlyphBits74[48] = {
    0x00,0x00,0x00,0x00,0x00,0x00,0x03,0x00,0x03,0x00,0x00,0x00,0x00,0x00,0x1F,0x80,
    0x1F,0x80,0x01,0x80,0x01,0x80,0x01,0x80,0x01,0x80,0x01,0x80,0x01,0x80,0x01,0x80,
    0x01,0x80,0x01,0x80,0x01,0x80,0x01,0x80,0x03,0x00,0x3F,0x00,0x3E,0x00,0x00,0x00,
};

static const uint8_t kAtlas3GlyphBits75[48] = {
    0x00,0x00,0x00,0x00,0x00,0x00,0x30,0x00,0x30,0x00,0x30,0x00,0x30,0x00,0x30,0x70,
    0x30,0xC0,0x31,0x80,0x33,0x00,0x36,0x00,0x3F,0x00,0x3B,0x00,0x31,0x80,0x31,0xC0,
    0x30,0xC0,0x30,0x60,0x30,0x30,0x00,0x00,0x00,0x00,0x00,0x00,0x00,0x00,0x00,0x00,
};

static const uint8_t kAtlas3GlyphBits76[48] = {
    0x00,0x00,0x00,0x00,0x00,0x00,0x3E,0x00,0x3E,0x00,0x06,0x00,0x06,0x00,0x06,0x00,
    0x06,0x00,0x06,0x00,0x06,0x00,0x06,0x00,0x06,0x00,0x06,0x00,0x06,0x00,0x06,0x00,
    0x06,0x00,0x03,0xE0,0x03,0xE0,0x00,0x00,0x00,0x00,0x00,0x00,0x00,0x00,0x00,0x00,
};

static const uint8_t kAtlas3GlyphBits77[48] = {
    0x00,0x00,0x00,0x00,0x00,0x00,0x00,0x00,0x00,0x00,0x00,0x00,0x00,0x00,0x7C,0xE0,
    0x7F,0xE0,0x66,0x20,0x66,0x30,0x66,0x30,0x66,0x30,0x66,0x30,0x66,0x30,0x66,0x30,
    0x66,0x30,0x66,0x30,0x66,0x30,0x00,0x00,0x00,0x00,0x00,0x00,0x00,0x00,0x00,0x00,
};

static const uint8_t kAtlas3GlyphBits78[48] = {
    0x00,0x00,0x00,0x00,0x00,0x00,0x00,0x00,0x00,0x00,0x00,0x00,0x00,0x00,0x37,0x80,
    0x3F,0xC0,0x38,0xE0,0x30,0x60,0x30,0x60,0x30,0x60,0x30,0x60,0x30,0x60,0x30,0x60,
    0x30,0x60,0x30,0x60,0x30,0x60,0x00,0x00,0x00,0x00,0x00,0x00,0x00,0x00,0x00,0x00,
};

static const uint8_t kAtlas3GlyphBits79[48] = {
    0x00,0x00,0x00,0x00,0x00,0x00,0x00,0x00,0x00,0x00,0x00,0x00,0x00,0x00,0x0F,0x80,
    0x1F,0xC0,0x30,0xE0,0x30,0x60,0x30,0x60,0x60,0x60,0x60,0x60,0x30,0x60,0x30,0x60,
    0x30,0xE0,0x1F,0xC0,0x0F,0x80,0x00,0x00,0x00,0x00,0x00,0x00,0x00,0x00,0x00,0x00,
};

static const uint8_t kAtlas3GlyphBits80[48] = {
    0x00,0x00,0x00,0x00,0x00,0x00,0x00,0x00,0x00,0x00,0x00,0x00,0x00,0x00,0x37,0x80,
    0x3F,0xC0,0x38,0x60,0x30,0x60,0x30,0x60,0x30,0x60,0x30,0x60,0x30,0x60,0x30,0x60,
    0x38,0x60,0x3F,0xC0,0x37,0x80,0x30,0x00,0x30,0x00,0x30,0x00,0x30,0x00,0x00,0x00,
};

static const uint8_t kAtlas3GlyphBits81[48] = {
    0x00,0x00,0x00,0x00,0x00,0x00,0x00,0x00,0x00,0x00,0x00,0x00,0x00,0x00,0x0F,0x60,
    0x1F,0xE0,0x30,0xE0,0x30,0x60,0x30,0x60,0x60,0x60,0x60,0x60,0x30,0x60,0x30,0x60,
    0x30,0xE0,0x1F,0xE0,0x0F,0x60,0x00,0x60,0x00,0x60,0x00,0x60,0x00,0x60,0x00,0x00,
};

static const uint8_t kAtlas3GlyphBits82[48] = {
    0x00,0x00,0x00,0x00,0x00,0x00,0x00,0x00,0x00,0x00,0x00,0x00,0x00,0x00,0x19,0xE0,
    0x1B,0xE0,0x1C,0x20,0x18,0x00,0x18,0x00,0x18,0x00,0x18,0x00,0x18,0x00,0x18,0x00,
    0x18,0x00,0x18,0x00,0x18,0x00,0x00,0x00,0x00,0x00,0x00,0x00,0x00,0x00,0x00,0x00,
};

static const uint8_t kAtlas3GlyphBits83[48] = {
    0x00,0x00,0x00,0x00,0x00,0x00,0x00,0x00,0x00,0x00,0x00,0x00,0x00,0x00,0x0F,0x80,
    0x1F,0xC0,0x30,0x40,0x30,0x00,0x38,0x00,0x1F,0x00,0x07,0xC0,0x00,0xC0,0x00,0x60,
    0x20,0xC0,0x3F,0xC0,0x1F,0x80,0x00,0x00,0x00,0x00,0x00,0x00,0x00,0x00,0x00,0x00,
};

static const uint8_t kAtlas3GlyphBits84[48] = {
    0x00,0x00,0x00,0x00,0x00,0x00,0x04,0x00,0x0C,0x00,0x0C,0x00,0x0C,0x00,0x7F,0xE0,
    0x7F,0xE0,0x0C,0x00,0x0C,0x00,0x0C,0x00,0x0C,0x00,0x0C,0x00,0x0C,0x00,0x0C,0x00,
    0x06,0x00,0x07,0xE0,0x03,0xE0,0x00,0x00,0x00,0x00,0x00,0x00,0x00,0x00,0x00,0x00,
};

static const uint8_t kAtlas3GlyphBits85[48] = {
    0x00,0x00,0x00,0x00,0x00,0x00,0x00,0x00,0x00,0x00,0x00,0x00,0x00,0x00,0x30,0x60,
    0x30,0x60,0x30,0x60,0x30,0x60,0x30,0x60,0x30,0x60,0x30,0x60,0x30,0x60,0x30,0x60,
    0x30,0xE0,0x1F,0xE0,0x0F,0x60,0x00,0x00,0x00,0x00,0x00,0x00,0x00,0x00,0x00,0x00,
};

static const uint8_t kAtlas3GlyphBits86[48] = {
    0x00,0x00,0x00,0x00,0x00,0x00,0x00,0x00,0x00,0x00,0x00,0x00,0x00,0x00,0x60,0x70,
    0x20,0x60,0x30,0x60,0x30,0xC0,0x10,0xC0,0x18,0xC0,0x18,0x80,0x09,0x80,0x0D,0x80,
    0x0D,0x00,0x07,0x00,0x07,0x00,0x00,0x00,0x00,0x00,0x00,0x00,0x00,0x00,0x00,0x00,
};

static const uint8_t kAtlas3GlyphBits87[48] = {
    0x00,0x00,0x00,0x00,0x00,0x00,0x00,0x00,0x00,0x00,0x00,0x00,0x00,0x00,0xC0,0x18,
    0xC0,0x30,0x40,0x30,0x60,0x30,0x66,0x30,0x67,0x20,0x65,0x60,0x2D,0x60,0x39,0x60,
    0x39,0xE0,0x38,0xC0,0x18,0xC0,0x00,0x00,0x00,0x00,0x00,0x00,0x00,0x00,0x00,0x00,
};

static const uint8_t kAtlas3GlyphBits88[48] = {
    0x00,0x00,0x00,0x00,0x00,0x00,0x00,0x00,0x00,0x00,0x00,0x00,0x00,0x00,0x70,0x60,
    0x30,0xC0,0x18,0xC0,0x0D,0x80,0x0F,0x00,0x07,0x00,0x07,0x00,0x0D,0x80,0x19,0x80,
    0x18,0xC0,0x30,0x60,0x60,0x70,0x00,0x00,0x00,0x00,0x00,0x00,0x00,0x00,0x00,0x00,
};

static const uint8_t kAtlas3GlyphBits89[48] = {
    0x00,0x00,0x00,0x00,0x00,0x00,0x00,0x00,0x00,0x00,0x00,0x00,0x00,0x00,0x60,0x30,
    0x30,0x60,0x30,0x60,0x30,0x40,0x18,0xC0,0x18,0xC0,0x09,0x80,0x0D,0x80,0x0D,0x80,
    0x07,0x00,0x07,0x00,0x06,0x00,0x06,0x00,0x06,0x00,0x3C,0x00,0x38,0x00,0x00,0x00,
};

static const uint8_t kAtlas3GlyphBits90[48] = {
    0x00,0x00,0x00,0x00,0x00,0x00,0x00,0x00,0x00,0x00,0x00,0x00,0x00,0x00,0x3F,0xE0,
    0x3F,0xE0,0x00,0xC0,0x01,0x80,0x03,0x80,0x03,0x00,0x06,0x00,0x0C,0x00,0x1C,0x00,
    0x18,0x00,0x3F,0xE0,0x3F,0xE0,0x00,0x00,0x00,0x00,0x00,0x00,0x00,0x00,0x00,0x00,
};

static const uint8_t kAtlas3GlyphBits91[48] = {
    0x00,0x00,0x00,0x00,0x01,0xC0,0x03,0xC0,0x06,0x00,0x06,0x00,0x06,0x00,0x06,0x00,
    0x06,0x00,0x06,0x00,0x06,0x00,0x7C,0x00,0x7C,0x00,0x0E,0x00,0x06,0x00,0x06,0x00,
    0x06,0x00,0x06,0x00,0x06,0x00,0x06,0x00,0x07,0xC0,0x03,0xC0,0x00,0x00,0x00,0x00,
};

static const uint8_t kAtlas3GlyphBits92[48] = {
    0x00,0x00,0x00,0x00,0x00,0x00,0x06,0x00,0x06,0x00,0x06,0x00,0x06,0x00,0x06,0x00,
    0x06,0x00,0x06,0x00,0x06,0x00,0x06,0x00,0x06,0x00,0x06,0x00,0x06,0x00,0x06,0x00,
    0x06,0x00,0x06,0x00,0x06,0x00,0x06,0x00,0x06,0x00,0x06,0x00,0x06,0x00,0x06,0x00,
};

static const uint8_t kAtlas3GlyphBits93[48] = {
    0x00,0x00,0x00,0x00,0x18,0x00,0x1E,0x00,0x06,0x00,0x03,0x00,0x03,0x00,0x03,0x00,
    0x03,0x00,0x03,0x00,0x03,0x00,0x03,0xE0,0x01,0xE0,0x03,0x80,0x03,0x00,0x03,0x00,
    0x03,0x00,0x03,0x00,0x03,0x00,0x03,0x00,0x1E,0x00,0x1C,0x00,0x00,0x00,0x00,0x00,
};

static const uint8_t kAtlas3GlyphBits94[48] = {
    0x00,0x00,0x00,0x00,0x00,0x00,0x00,0x00,0x00,0x00,0x00,0x00,0x00,0x00,0x00,0x00,
    0x00,0x00,0x00,0x00,0x3C,0x30,0x3E,0x30,0x66,0x30,0x63,0xE0,0x41,0xC0,0x00,0x00,
    0x00,0x00,0x00,0x00,0x00,0x00,0x00,0x00,0x00,0x00,0x00,0x00,0x00,0x00,0x00,0x00,
};

static const uint8_t kAtlas3GlyphBits95[48] = {
    0x00,0x00,0x00,0x00,0x00,0x00,0x00,0x00,0x00,0x00,0x00,0x00,0x00,0x00,0x06,0x00,
    0x07,0x00,0x0F,0x80,0x1E,0xC0,0x06,0x00,0x06,0x00,0x06,0x00,0x06,0x00,0x06,0x00,
    0x06,0x00,0x06,0x00,0x06,0x00,0x00,0x00,0x00,0x00,0x00,0x00,0x00,0x00,0x00,0x00,
};

static const uint8_t kAtlas3GlyphBits96[48] = {
    0x00,0x00,0x00,0x00,0x00,0x00,0x00,0x00,0x00,0x00,0x00,0x00,0x00,0x00,0x00,0x00,
    0x00,0x00,0x00,0xC0,0x00,0x60,0xFF,0xF0,0xFF,0xF0,0x00,0x60,0x00,0xC0,0x00,0x80,
    0x00,0x00,0x00,0x00,0x00,0x00,0x00,0x00,0x00,0x00,0x00,0x00,0x00,0x00,0x00,0x00,
};

static const Glyph kAtlas3Glyphs[97] = {
    { 0x20, kAtlas3GlyphBits0 },
    { 0x21, kAtlas3GlyphBits1 },
    { 0x22, kAtlas3GlyphBits2 },
    { 0x23, kAtlas3GlyphBits3 },
    { 0x24, kAtlas3GlyphBits4 },
    { 0x25, kAtlas3GlyphBits5 },
    { 0x26, kAtlas3GlyphBits6 },
    { 0x27, kAtlas3GlyphBits7 },
    { 0x28, kAtlas3GlyphBits8 },
    { 0x29, kAtlas3GlyphBits9 },
    { 0x2a, kAtlas3GlyphBits10 },
    { 0x2b, kAtlas3GlyphBits11 },
    { 0x2c, kAtlas3GlyphBits12 },
    { 0x2d, kAtlas3GlyphBits13 },
    { 0x2e, kAtlas3GlyphBits14 },
    { 0x2f, kAtlas3GlyphBits15 },
    { 0x30, kAtlas3GlyphBits16 },
    { 0x31, kAtlas3GlyphBits17 },
    { 0x32, kAtlas3GlyphBits18 },
    { 0x33, kAtlas3GlyphBits19 },
    { 0x34, kAtlas3GlyphBits20 },
    { 0x35, kAtlas3GlyphBits21 },
    { 0x36, kAtlas3GlyphBits22 },
    { 0x37, kAtlas3GlyphBits23 },
    { 0x38, kAtlas3GlyphBits24 },
    { 0x39, kAtlas3GlyphBits25 },
    { 0x3a, kAtlas3GlyphBits26 },
    { 0x3b, kAtlas3GlyphBits27 },
    { 0x3c, kAtlas3GlyphBits28 },
    { 0x3d, kAtlas3GlyphBits29 },
    { 0x3e, kAtlas3GlyphBits30 },
    { 0x3f, kAtlas3GlyphBits31 },
    { 0x40, kAtlas3GlyphBits32 },
    { 0x41, kAtlas3GlyphBits33 },
    { 0x42, kAtlas3GlyphBits34 },
    { 0x43, kAtlas3GlyphBits35 },
    { 0x44, kAtlas3GlyphBits36 },
    { 0x45, kAtlas3GlyphBits37 },
    { 0x46, kAtlas3GlyphBits38 },
    { 0x47, kAtlas3GlyphBits39 },
    { 0x48, kAtlas3GlyphBits40 },
    { 0x49, kAtlas3GlyphBits41 },
    { 0x4a, kAtlas3GlyphBits42 },
    { 0x4b, kAtlas3GlyphBits43 },
    { 0x4c, kAtlas3GlyphBits44 },
    { 0x4d, kAtlas3GlyphBits45 },
    { 0x4e, kAtlas3GlyphBits46 },
    { 0x4f, kAtlas3GlyphBits47 },
    { 0x50, kAtlas3GlyphBits48 },
    { 0x51, kAtlas3GlyphBits49 },
    { 0x52, kAtlas3GlyphBits50 },
    { 0x53, kAtlas3GlyphBits51 },
    { 0x54, kAtlas3GlyphBits52 },
    { 0x55, kAtlas3GlyphBits53 },
    { 0x56, kAtlas3GlyphBits54 },
    { 0x57, kAtlas3GlyphBits55 },
    { 0x58, kAtlas3GlyphBits56 },
    { 0x59, kAtlas3GlyphBits57 },
    { 0x5a, kAtlas3GlyphBits58 },
    { 0x5b, kAtlas3GlyphBits59 },
    { 0x5c, kAtlas3GlyphBits60 },
    { 0x5d, kAtlas3GlyphBits61 },
    { 0x5e, kAtlas3GlyphBits62 },
    { 0x5f, kAtlas3GlyphBits63 },
    { 0x60, kAtlas3GlyphBits64 },
    { 0x61, kAtlas3GlyphBits65 },
    { 0x62, kAtlas3GlyphBits66 },
    { 0x63, kAtlas3GlyphBits67 },
    { 0x64, kAtlas3GlyphBits68 },
    { 0x65, kAtlas3GlyphBits69 },
    { 0x66, kAtlas3GlyphBits70 },
    { 0x67, kAtlas3GlyphBits71 },
    { 0x68, kAtlas3GlyphBits72 },
    { 0x69, kAtlas3GlyphBits73 },
    { 0x6a, kAtlas3GlyphBits74 },
    { 0x6b, kAtlas3GlyphBits75 },
    { 0x6c, kAtlas3GlyphBits76 },
    { 0x6d, kAtlas3GlyphBits77 },
    { 0x6e, kAtlas3GlyphBits78 },
    { 0x6f, kAtlas3GlyphBits79 },
    { 0x70, kAtlas3GlyphBits80 },
    { 0x71, kAtlas3GlyphBits81 },
    { 0x72, kAtlas3GlyphBits82 },
    { 0x73, kAtlas3GlyphBits83 },
    { 0x74, kAtlas3GlyphBits84 },
    { 0x75, kAtlas3GlyphBits85 },
    { 0x76, kAtlas3GlyphBits86 },
    { 0x77, kAtlas3GlyphBits87 },
    { 0x78, kAtlas3GlyphBits88 },
    { 0x79, kAtlas3GlyphBits89 },
    { 0x7a, kAtlas3GlyphBits90 },
    { 0x7b, kAtlas3GlyphBits91 },
    { 0x7c, kAtlas3GlyphBits92 },
    { 0x7d, kAtlas3GlyphBits93 },
    { 0x7e, kAtlas3GlyphBits94 },
    { 0x2191, kAtlas3GlyphBits95 },
    { 0x2192, kAtlas3GlyphBits96 },
};

static const uint8_t kAtlas4GlyphBits0[58] = {
    0x00,0x00,0x00,0x00,0x00,0x00,0x00,0x00,0x00,0x00,0x00,0x00,0x00,0x00,0x00,0x00,
    0x00,0x00,0x00,0x00,0x00,0x00,0x00,0x00,0x00,0x00,0x00,0x00,0x00,0x00,0x00,0x00,
    0x00,0x00,0x00,0x00,0x00,0x00,0x00,0x00,0x00,0x00,0x00,0x00,0x00,0x00,0x00,0x00,
    0x00,0x00,0x00,0x00,0x00,0x00,0x00,0x00,0x00,0x00,
};

static const uint8_t kAtlas4GlyphBits1[58] = {
    0x00,0x00,0x00,0x00,0x00,0x00,0x00,0x00,0x00,0x00,0x03,0x80,0x03,0x80,0x03,0x80,
    0x03,0x80,0x03,0x80,0x03,0x80,0x03,0x80,0x03,0x80,0x03,0x80,0x03,0x80,0x01,0x00,
    0x01,0x00,0x00,0x00,0x00,0x00,0x03,0x80,0x03,0xC0,0x03,0x80,0x03,0x80,0x00,0x00,
    0x00,0x00,0x00,0x00,0x00,0x00,0x00,0x00,0x00,0x00,
};

static const uint8_t kAtlas4GlyphBits2[58] = {
    0x00,0x00,0x00,0x00,0x00,0x00,0x00,0x00,0x00,0x00,0x0C,0x60,0x0C,0x60,0x0C,0x60,
    0x0C,0x60,0x0C,0x60,0x0C,0x60,0x0C,0x60,0x00,0x00,0x00,0x00,0x00,0x00,0x00,0x00,
    0x00,0x00,0x00,0x00,0x00,0x00,0x00,0x00,0x00,0x00,0x00,0x00,0x00,0x00,0x00,0x00,
    0x00,0x00,0x00,0x00,0x00,0x00,0x00,0x00,0x00,0x00,
};

static const uint8_t kAtlas4GlyphBits3[58] = {
    0x00,0x00,0x00,0x00,0x00,0x00,0x00,0x00,0x00,0x00,0x03,0x18,0x03,0x18,0x03,0x18,
    0x02,0x30,0x06,0x30,0x7F,0xFE,0x7F,0xFE,0x06,0x20,0x0C,0x60,0x0C,0x60,0x0C,0x60,
    0xFF,0xFC,0xFF,0xFC,0x18,0xC0,0x18,0xC0,0x11,0x80,0x31,0x80,0x31,0x80,0x00,0x00,
    0x00,0x00,0x00,0x00,0x00,0x00,0x00,0x00,0x00,0x00,
};

static const uint8_t kAtlas4GlyphBits4[58] = {
    0x00,0x00,0x00,0x00,0x00,0x00,0x00,0x00,0x01,0x80,0x01,0x80,0x01,0x80,0x07,0xE0,
    0x0F,0xF0,0x19,0x90,0x39,0x80,0x39,0x80,0x39,0x80,0x1D,0x80,0x0F,0xC0,0x03,0xF0,
    0x01,0xB8,0x01,0x98,0x01,0x9C,0x01,0x9C,0x31,0xB8,0x3F,0xF0,0x0F,0xE0,0x01,0x80,
    0x01,0x80,0x01,0x80,0x00,0x00,0x00,0x00,0x00,0x00,
};

static const uint8_t kAtlas4GlyphBits5[58] = {
    0x00,0x00,0x00,0x00,0x00,0x00,0x00,0x00,0x00,0x00,0x1C,0x00,0x7E,0x00,0x63,0x00,
    0xC3,0x00,0xC1,0x00,0xC3,0x00,0x63,0x06,0x7E,0x1E,0x1C,0xF0,0x07,0x80,0x3C,0x70,
    0x70,0xFC,0x81,0x8C,0x01,0x86,0x01,0x86,0x01,0x8C,0x00,0xFC,0x00,0x78,0x00,0x00,
    0x00,0x00,0x00,0x00,0x00,0x00,0x00,0x00,0x00,0x00,
};

static const uint8_t kAtlas4GlyphBits6[58] = {
    0x00,0x00,0x00,0x00,0x00,0x00,0x00,0x00,0x00,0x00,0x07,0xC0,0x0F,0xE0,0x1C,0x20,
    0x18,0x00,0x18,0x00,0x1C,0x00,0x0C,0x00,0x0E,0x00,0x3F,0x00,0x33,0x06,0x61,0x86,
    0x61,0xC4,0x60,0xEC,0x60,0x7C,0x70,0x38,0x38,0x78,0x3F,0xFC,0x0F,0x8E,0x00,0x00,
    0x00,0x00,0x00,0x00,0x00,0x00,0x00,0x00,0x00,0x00,
};

static const uint8_t kAtlas4GlyphBits7[58] = {
    0x00,0x00,0x00,0x00,0x00,0x00,0x00,0x00,0x00,0x00,0x03,0x80,0x03,0x80,0x03,0x80,
    0x03,0x80,0x03,0x80,0x03,0x80,0x03,0x80,0x00,0x00,0x00,0x00,0x00,0x00,0x00,0x00,
    0x00,0x00,0x00,0x00,0x00,0x00,0x00,0x00,0x00,0x00,0x00,0x00,0x00,0x00,0x00,0x00,
    0x00,0x00,0x00,0x00,0x00,0x00,0x00,0x00,0x00,0x00,
};

static const uint8_t kAtlas4GlyphBits8[58] = {
    0x00,0x00,0x00,0x00,0x00,0x00,0x00,0x00,0x01,0x80,0x03,0x00,0x03,0x00,0x06,0x00,
    0x06,0x00,0x06,0x00,0x0E,0x00,0x0C,0x00,0x0C,0x00,0x0C,0x00,0x0C,0x00,0x0C,0x00,
    0x0C,0x00,0x0C,0x00,0x0C,0x00,0x0E,0x00,0x06,0x00,0x06,0x00,0x07,0x00,0x03,0x00,
    0x03,0x00,0x01,0x80,0x00,0x00,0x00,0x00,0x00,0x00,
};

static const uint8_t kAtlas4GlyphBits9[58] = {
    0x00,0x00,0x00,0x00,0x00,0x00,0x00,0x00,0x03,0x00,0x01,0x80,0x01,0x80,0x00,0xC0,
    0x00,0xC0,0x00,0xE0,0x00,0x60,0x00,0x60,0x00,0x60,0x00,0x60,0x00,0x60,0x00,0x60,
    0x00,0x60,0x00,0x60,0x00,0x60,0x00,0x60,0x00,0xE0,0x00,0xC0,0x00,0xC0,0x01,0x80,
    0x01,0x80,0x03,0x00,0x00,0x00,0x00,0x00,0x00,0x00,
};

static const uint8_t kAtlas4GlyphBits10[58] = {
    0x00,0x00,0x00,0x00,0x00,0x00,0x00,0x00,0x00,0x00,0x00,0x00,0x01,0x00,0x01,0x00,
    0x01,0x00,0x01,0x00,0x31,0x18,0x1F,0xF0,0x07,0xC0,0x03,0x80,0x06,0xC0,0x0C,0x60,
    0x0C,0x60,0x18,0x30,0x00,0x00,0x00,0x00,0x00,0x00,0x00,0x00,0x00,0x00,0x00,0x00,
    0x00,0x00,0x00,0x00,0x00,0x00,0x00,0x00,0x00,0x00,
};

static const uint8_t kAtlas4GlyphBits11[58] = {
    0x00,0x00,0x00,0x00,0x00,0x00,0x00,0x00,0x00,0x00,0x00,0x00,0x00,0x00,0x00,0x00,
    0x00,0x00,0x03,0x80,0x03,0x80,0x03,0x80,0x03,0x80,0x03,0x80,0x03,0x80,0x7F,0xFC,
    0x7F,0xFC,0x03,0x80,0x03,0x80,0x03,0x80,0x03,0x80,0x03,0x80,0x00,0x00,0x00,0x00,
    0x00,0x00,0x00,0x00,0x00,0x00,0x00,0x00,0x00,0x00,
};

static const uint8_t kAtlas4GlyphBits12[58] = {
    0x00,0x00,0x00,0x00,0x00,0x00,0x00,0x00,0x00,0x00,0x00,0x00,0x00,0x00,0x00,0x00,
    0x00,0x00,0x00,0x00,0x00,0x00,0x00,0x00,0x00,0x00,0x00,0x00,0x00,0x00,0x00,0x00,
    0x00,0x00,0x00,0x00,0x03,0x80,0x03,0x80,0x03,0xC0,0x03,0xC0,0x00,0xC0,0x00,0x80,
    0x01,0x80,0x03,0x00,0x06,0x00,0x00,0x00,0x00,0x00,
};

static const uint8_t kAtlas4GlyphBits13[58] = {
    0x00,0x00,0x00,0x00,0x00,0x00,0x00,0x00,0x00,0x00,0x00,0x00,0x00,0x00,0x00,0x00,
    0x00,0x00,0x00,0x00,0x00,0x00,0x00,0x00,0x00,0x00,0x00,0x00,0x00,0x00,0x1F,0xF8,
    0x1F,0xF8,0x00,0x00,0x00,0x00,0x00,0x00,0x00,0x00,0x00,0x00,0x00,0x00,0x00,0x00,
    0x00,0x00,0x00,0x00,0x00,0x00,0x00,0x00,0x00,0x00,
};

static const uint8_t kAtlas4GlyphBits14[58] = {
    0x00,0x00,0x00,0x00,0x00,0x00,0x00,0x00,0x00,0x00,0x00,0x00,0x00,0x00,0x00,0x00,
    0x00,0x00,0x00,0x00,0x00,0x00,0x00,0x00,0x00,0x00,0x00,0x00,0x00,0x00,0x00,0x00,
    0x00,0x00,0x00,0x00,0x00,0x00,0x03,0x80,0x03,0x80,0x07,0x80,0x03,0x80,0x00,0x00,
    0x00,0x00,0x00,0x00,0x00,0x00,0x00,0x00,0x00,0x00,
};

static const uint8_t kAtlas4GlyphBits15[58] = {
    0x00,0x00,0x00,0x00,0x00,0x00,0x00,0x00,0x00,0x00,0x00,0x18,0x00,0x30,0x00,0x30,
    0x00,0x70,0x00,0x60,0x00,0xE0,0x00,0xC0,0x01,0xC0,0x01,0x80,0x03,0x80,0x03,0x00,
    0x07,0x00,0x06,0x00,0x06,0x00,0x0C,0x00,0x0C,0x00,0x18,0x00,0x18,0x00,0x38,0x00,
    0x70,0x00,0x00,0x00,0x00,0x00,0x00,0x00,0x00,0x00,
};

static const uint8_t kAtlas4GlyphBits16[58] = {
    0x00,0x00,0x00,0x00,0x00,0x00,0x00,0x00,0x00,0x00,0x07,0xC0,0x0F,0xE0,0x1C,0x70,
    0x38,0x38,0x39,0x38,0x31,0x18,0x33,0x98,0x33,0x98,0x33,0x98,0x33,0x98,0x33,0x98,
    0x31,0x18,0x31,0x18,0x38,0x38,0x38,0x38,0x1C,0x70,0x0F,0xE0,0x07,0xC0,0x00,0x00,
    0x00,0x00,0x00,0x00,0x00,0x00,0x00,0x00,0x00,0x00,
};

static const uint8_t kAtlas4GlyphBits17[58] = {
    0x00,0x00,0x00,0x00,0x00,0x00,0x00,0x00,0x00,0x00,0x01,0xC0,0x03,0xC0,0x07,0xC0,
    0x0F,0xC0,0x1D,0xC0,0x09,0xC0,0x01,0xC0,0x01,0xC0,0x01,0xC0,0x01,0xC0,0x01,0xC0,
    0x01,0xC0,0x01,0xC0,0x01,0xC0,0x01,0xC0,0x01,0xC0,0x1F,0xF8,0x1F,0xF8,0x00,0x00,
    0x00,0x00,0x00,0x00,0x00,0x00,0x00,0x00,0x00,0x00,
};

static const uint8_t kAtlas4GlyphBits18[58] = {
    0x00,0x00,0x00,0x00,0x00,0x00,0x00,0x00,0x00,0x00,0x0F,0xC0,0x3F,0xE0,0x30,0x70,
    0x20,0x38,0x00,0x38,0x00,0x38,0x00,0x38,0x00,0x30,0x00,0x70,0x00,0xE0,0x01,0xC0,
    0x03,0x80,0x07,0x00,0x0E,0x00,0x1C,0x00,0x38,0x00,0x3F,0xF8,0x3F,0xF8,0x00,0x00,
    0x00,0x00,0x00,0x00,0x00,0x00,0x00,0x00,0x00,0x00,
};

static const uint8_t kAtlas4GlyphBits19[58] = {
    0x00,0x00,0x00,0x00,0x00,0x00,0x00,0x00,0x00,0x00,0x1F,0xC0,0x3F,0xF0,0x20,0x70,
    0x00,0x38,0x00,0x38,0x00,0x38,0x00,0x70,0x07,0xE0,0x07,0xE0,0x00,0x70,0x00,0x38,
    0x00,0x18,0x00,0x18,0x00,0x18,0x00,0x38,0x20,0x78,0x3F,0xF0,0x1F,0xC0,0x00,0x00,
    0x00,0x00,0x00,0x00,0x00,0x00,0x00,0x00,0x00,0x00,
};

static const uint8_t kAtlas4GlyphBits20[58] = {
    0x00,0x00,0x00,0x00,0x00,0x00,0x00,0x00,0x00,0x00,0x00,0xE0,0x00,0xE0,0x01,0xE0,
    0x03,0x60,0x03,0x60,0x06,0x60,0x0C,0x60,0x0C,0x60,0x18,0x60,0x18,0x60,0x30,0x60,
    0x70,0x60,0x7F,0xFC,0x7F,0xFC,0x00,0x60,0x00,0x60,0x00,0x60,0x00,0x60,0x00,0x00,
    0x00,0x00,0x00,0x00,0x00,0x00,0x00,0x00,0x00,0x00,
};

static const uint8_t kAtlas4GlyphBits21[58] = {
    0x00,0x00,0x00,0x00,0x00,0x00,0x00,0x00,0x00,0x00,0x1F,0xF0,0x1F,0xF0,0x18,0x00,
    0x18,0x00,0x18,0x00,0x18,0x00,0x1F,0xC0,0x1F,0xE0,0x20,0x70,0x00,0x38,0x00,0x38,
    0x00,0x18,0x00,0x18,0x00,0x38,0x00,0x38,0x20,0x70,0x3F,0xE0,0x3F,0xC0,0x00,0x00,
    0x00,0x00,0x00,0x00,0x00,0x00,0x00,0x00,0x00,0x00,
};

static const uint8_t kAtlas4GlyphBits22[58] = {
    0x00,0x00,0x00,0x00,0x00,0x00,0x00,0x00,0x00,0x00,0x03,0xF0,0x0F,0xF0,0x1C,0x10,
    0x18,0x00,0x38,0x00,0x30,0x00,0x33,0xE0,0x37,0xF0,0x3C,0x38,0x38,0x18,0x30,0x18,
    0x30,0x18,0x30,0x18,0x30,0x18,0x38,0x18,0x1C,0x38,0x0F,0xF0,0x07,0xC0,0x00,0x00,
    0x00,0x00,0x00,0x00,0x00,0x00,0x00,0x00,0x00,0x00,
};

static const uint8_t kAtlas4GlyphBits23[58] = {
    0x00,0x00,0x00,0x00,0x00,0x00,0x00,0x00,0x00,0x00,0x3F,0xF8,0x3F,0xF8,0x00,0x38,
    0x00,0x30,0x00,0x70,0x00,0x60,0x00,0x60,0x00,0xE0,0x00,0xC0,0x01,0xC0,0x01,0xC0,
    0x01,0x80,0x03,0x80,0x03,0x00,0x07,0x00,0x07,0x00,0x06,0x00,0x0E,0x00,0x00,0x00,
    0x00,0x00,0x00,0x00,0x00,0x00,0x00,0x00,0x00,0x00,
};

static const uint8_t kAtlas4GlyphBits24[58] = {
    0x00,0x00,0x00,0x00,0x00,0x00,0x00,0x00,0x00,0x00,0x07,0xC0,0x1F,0xF0,0x38,0x38,
    0x38,0x38,0x30,0x18,0x38,0x38,0x18,0x30,0x0F,0xE0,0x0F,0xE0,0x1C,0x30,0x38,0x18,
    0x30,0x18,0x30,0x18,0x30,0x18,0x38,0x18,0x38,0x38,0x1F,0xF0,0x07,0xC0,0x00,0x00,
    0x00,0x00,0x00,0x00,0x00,0x00,0x00,0x00,0x00,0x00,
};

static const uint8_t kAtlas4GlyphBits25[58] = {
    0x00,0x00,0x00,0x00,0x00,0x00,0x00,0x00,0x00,0x00,0x07,0xC0,0x1F,0xE0,0x38,0x70,
    0x30,0x38,0x30,0x38,0x30,0x18,0x30,0x18,0x30,0x38,0x30,0x38,0x38,0x78,0x1F,0xD8,
    0x07,0x98,0x00,0x18,0x00,0x38,0x00,0x30,0x10,0x70,0x1F,0xE0,0x1F,0x80,0x00,0x00,
    0x00,0x00,0x00,0x00,0x00,0x00,0x00,0x00,0x00,0x00,
};

static const uint8_t kAtlas4GlyphBits26[58] = {
    0x00,0x00,0x00,0x00,0x00,0x00,0x00,0x00,0x00,0x00,0x00,0x00,0x00,0x00,0x00,0x00,
    0x00,0x00,0x03,0x80,0x03,0x80,0x03,0xC0,0x03,0x80,0x00,0x00,0x00,0x00,0x00,0x00,
    0x00,0x00,0x00,0x00,0x03,0x80,0x03,0x80,0x03,0xC0,0x03,0x80,0x00,0x00,0x00,0x00,
    0x00,0x00,0x00,0x00,0x00,0x00,0x00,0x00,0x00,0x00,
};

static const uint8_t kAtlas4GlyphBits27[58] = {
    0x00,0x00,0x00,0x00,0x00,0x00,0x00,0x00,0x00,0x00,0x00,0x00,0x00,0x00,0x00,0x00,
    0x00,0x00,0x00,0x00,0x03,0x80,0x07,0x80,0x07,0xC0,0x03,0x80,0x00,0x00,0x00,0x00,
    0x00,0x00,0x00,0x00,0x00,0x00,0x03,0x80,0x03,0xC0,0x03,0xC0,0x03,0xC0,0x00,0xC0,
    0x00,0xC0,0x01,0x80,0x03,0x00,0x06,0x00,0x04,0x00,
};

static const uint8_t kAtlas4GlyphBits28[58] = {
    0x00,0x00,0x00,0x00,0x00,0x00,0x00,0x00,0x00,0x00,0x00,0x00,0x00,0x00,0x00,0x00,
    0x00,0x00,0x00,0x04,0x00,0x3C,0x00,0xF8,0x07,0xE0,0x1F,0x00,0x78,0x00,0x70,0x00,
    0x3E,0x00,0x0F,0xC0,0x01,0xF8,0x00,0x7C,0x00,0x0C,0x00,0x00,0x00,0x00,0x00,0x00,
    0x00,0x00,0x00,0x00,0x00,0x00,0x00,0x00,0x00,0x00,
};

static const uint8_t kAtlas4GlyphBits29[58] = {
    0x00,0x00,0x00,0x00,0x00,0x00,0x00,0x00,0x00,0x00,0x00,0x00,0x00,0x00,0x00,0x00,
    0x00,0x00,0x00,0x00,0x00,0x00,0x00,0x00,0x7F,0xFC,0x7F,0xFC,0x00,0x00,0x00,0x00,
    0x00,0x00,0x7F,0xFC,0x7F,0xFC,0x00,0x00,0x00,0x00,0x00,0x00,0x00,0x00,0x00,0x00,
    0x00,0x00,0x00,0x00,0x00,0x00,0x00,0x00,0x00,0x00,
};

static const uint8_t kAtlas4GlyphBits30[58] = {
    0x00,0x00,0x00,0x00,0x00,0x00,0x00,0x00,0x00,0x00,0x00,0x00,0x00,0x00,0x00,0x00,
    0x00,0x00,0x40,0x00,0x78,0x00,0x3E,0x00,0x0F,0xC0,0x01,0xF0,0x00,0x3C,0x00,0x1C,
    0x00,0xF8,0x07,0xE0,0x1F,0x00,0x7C,0x00,0x60,0x00,0x00,0x00,0x00,0x00,0x00,0x00,
    0x00,0x00,0x00,0x00,0x00,0x00,0x00,0x00,0x00,0x00,
};

static const uint8_t kAtlas4GlyphBits31[58] = {
    0x00,0x00,0x00,0x00,0x00,0x00,0x00,0x00,0x00,0x00,0x07,0xC0,0x1F,0xF0,0x18,0x70,
    0x10,0x38,0x00,0x38,0x00,0x30,0x00,0x60,0x01,0xC0,0x01,0x80,0x03,0x80,0x03,0x00,
    0x03,0x00,0x00,0x00,0x00,0x00,0x03,0x00,0x07,0x80,0x07,0x80,0x03,0x00,0x00,0x00,
    0x00,0x00,0x00,0x00,0x00,0x00,0x00,0x00,0x00,0x00,
};

static const uint8_t kAtlas4GlyphBits32[58] = {
    0x00,0x00,0x00,0x00,0x00,0x00,0x00,0x00,0x00,0x00,0x00,0x00,0x03,0xE0,0x0F,0xF8,
    0x1C,0x1C,0x38,0x0C,0x30,0x0C,0x60,0xE4,0x63,0xF4,0x43,0x1C,0xC6,0x0C,0xC6,0x04,
    0xC6,0x04,0xC6,0x04,0xC6,0x0C,0x63,0x1C,0x63,0xF4,0x60,0xE4,0x30,0x00,0x38,0x00,
    0x1E,0x00,0x0F,0xF0,0x01,0xF8,0x00,0x00,0x00,0x00,
};

static const uint8_t kAtlas4GlyphBits33[58] = {
    0x00,0x00,0x00,0x00,0x00,0x00,0x00,0x00,0x00,0x00,0x03,0x80,0x03,0x80,0x06,0xC0,
    0x06,0xC0,0x06,0xC0,0x0E,0x60,0x0C,0x60,0x0C,0x60,0x1C,0x70,0x18,0x30,0x18,0x30,
    0x3F,0xF8,0x3F,0xF8,0x30,0x18,0x30,0x1C,0x70,0x1C,0x60,0x0C,0xE0,0x0E,0x00,0x00,
    0x00,0x00,0x00,0x00,0x00,0x00,0x00,0x00,0x00,0x00,
};

static const uint8_t kAtlas4GlyphBits34[58] = {
    0x00,0x00,0x00,0x00,0x00,0x00,0x00,0x00,0x00,0x00,0x3F,0xE0,0x3F,0xF0,0x38,0x38,
    0x38,0x18,0x38,0x18,0x38,0x18,0x38,0x38,0x3F,0xF0,0x3F,0xF0,0x38,0x38,0x38,0x18,
    0x38,0x1C,0x38,0x1C,0x38,0x1C,0x38,0x1C,0x38,0x38,0x3F,0xF0,0x3F,0xE0,0x00,0x00,
    0x00,0x00,0x00,0x00,0x00,0x00,0x00,0x00,0x00,0x00,
};

static const uint8_t kAtlas4GlyphBits35[58] = {
    0x00,0x00,0x00,0x00,0x00,0x00,0x00,0x00,0x00,0x00,0x03,0xF0,0x07,0xF8,0x0E,0x08,
    0x1C,0x08,0x38,0x00,0x38,0x00,0x30,0x00,0x30,0x00,0x30,0x00,0x30,0x00,0x30,0x00,
    0x30,0x00,0x38,0x00,0x38,0x00,0x1C,0x00,0x0E,0x08,0x0F,0xF8,0x03,0xF0,0x00,0x00,
    0x00,0x00,0x00,0x00,0x00,0x00,0x00,0x00,0x00,0x00,
};

static const uint8_t kAtlas4GlyphBits36[58] = {
    0x00,0x00,0x00,0x00,0x00,0x00,0x00,0x00,0x00,0x00,0x3F,0x80,0x3F,0xE0,0x30,0xF0,
    0x30,0x30,0x30,0x38,0x30,0x18,0x30,0x18,0x30,0x18,0x30,0x18,0x30,0x1C,0x30,0x18,
    0x30,0x18,0x30,0x18,0x30,0x38,0x30,0x30,0x30,0xF0,0x3F,0xE0,0x3F,0x80,0x00,0x00,
    0x00,0x00,0x00,0x00,0x00,0x00,0x00,0x00,0x00,0x00,
};

static const uint8_t kAtlas4GlyphBits37[58] = {
    0x00,0x00,0x00,0x00,0x00,0x00,0x00,0x00,0x00,0x00,0x3F,0xF8,0x3F,0xF8,0x38,0x00,
    0x38,0x00,0x38,0x00,0x38,0x00,0x38,0x00,0x3F,0xF8,0x3F,0xF8,0x38,0x00,0x38,0x00,
    0x38,0x00,0x38,0x00,0x38,0x00,0x38,0x00,0x38,0x00,0x3F,0xF8,0x3F,0xF8,0x00,0x00,
    0x00,0x00,0x00,0x00,0x00,0x00,0x00,0x00,0x00,0x00,
};

static const uint8_t kAtlas4GlyphBits38[58] = {
    0x00,0x00,0x00,0x00,0x00,0x00,0x00,0x00,0x00,0x00,0x1F,0xFC,0x1F,0xFC,0x18,0x00,
    0x18,0x00,0x18,0x00,0x18,0x00,0x18,0x00,0x18,0x00,0x1F,0xF8,0x1F,0xF8,0x18,0x00,
    0x18,0x00,0x18,0x00,0x18,0x00,0x18,0x00,0x18,0x00,0x18,0x00,0x18,0x00,0x00,0x00,
    0x00,0x00,0x00,0x00,0x00,0x00,0x00,0x00,0x00,0x00,
};

static const uint8_t kAtlas4GlyphBits39[58] = {
    0x00,0x00,0x00,0x00,0x00,0x00,0x00,0x00,0x00,0x00,0x03,0xE0,0x0F,0xF8,0x1C,0x18,
    0x38,0x08,0x38,0x00,0x30,0x00,0x70,0x00,0x70,0x00,0x70,0xF8,0x70,0xF8,0x70,0x18,
    0x70,0x18,0x30,0x18,0x38,0x18,0x38,0x18,0x1C,0x18,0x0F,0xF8,0x03,0xE0,0x00,0x00,
    0x00,0x00,0x00,0x00,0x00,0x00,0x00,0x00,0x00,0x00,
};

static const uint8_t kAtlas4GlyphBits40[58] = {
    0x00,0x00,0x00,0x00,0x00,0x00,0x00,0x00,0x00,0x00,0x30,0x18,0x30,0x18,0x30,0x18,
    0x30,0x18,0x30,0x18,0x30,0x18,0x30,0x18,0x3F,0xF8,0x3F,0xF8,0x30,0x18,0x30,0x18,
    0x30,0x18,0x30,0x18,0x30,0x18,0x30,0x18,0x30,0x18,0x30,0x18,0x30,0x18,0x00,0x00,
    0x00,0x00,0x00,0x00,0x00,0x00,0x00,0x00,0x00,0x00,
};

static const uint8_t kAtlas4GlyphBits41[58] = {
    0x00,0x00,0x00,0x00,0x00,0x00,0x00,0x00,0x00,0x00,0x3F,0xF8,0x3F,0xF8,0x03,0x80,
    0x03,0x80,0x03,0x80,0x03,0x80,0x03,0x80,0x03,0x80,0x03,0x80,0x03,0x80,0x03,0x80,
    0x03,0x80,0x03,0x80,0x03,0x80,0x03,0x80,0x03,0x80,0x3F,0xF8,0x3F,0xF8,0x00,0x00,
    0x00,0x00,0x00,0x00,0x00,0x00,0x00,0x00,0x00,0x00,
};

static const uint8_t kAtlas4GlyphBits42[58] = {
    0x00,0x00,0x00,0x00,0x00,0x00,0x00,0x00,0x00,0x00,0x07,0xF0,0x07,0xF0,0x00,0x70,
    0x00,0x70,0x00,0x70,0x00,0x70,0x00,0x70,0x00,0x70,0x00,0x70,0x00,0x70,0x00,0x70,
    0x00,0x70,0x00,0x70,0x00,0x70,0x40,0x60,0x60,0xE0,0x7F,0xC0,0x1F,0x80,0x00,0x00,
    0x00,0x00,0x00,0x00,0x00,0x00,0x00,0x00,0x00,0x00,
};

static const uint8_t kAtlas4GlyphBits43[58] = {
    0x00,0x00,0x00,0x00,0x00,0x00,0x00,0x00,0x00,0x00,0x30,0x1E,0x30,0x38,0x30,0x70,
    0x30,0x60,0x30,0xC0,0x31,0x80,0x33,0x80,0x37,0x00,0x3F,0x00,0x3F,0x80,0x39,0xC0,
    0x30,0xC0,0x30,0xE0,0x30,0x70,0x30,0x38,0x30,0x38,0x30,0x1C,0x30,0x0E,0x00,0x00,
    0x00,0x00,0x00,0x00,0x00,0x00,0x00,0x00,0x00,0x00,
};

static const uint8_t kAtlas4GlyphBits44[58] = {
    0x00,0x00,0x00,0x00,0x00,0x00,0x00,0x00,0x00,0x00,0x18,0x00,0x18,0x00,0x18,0x00,
    0x18,0x00,0x18,0x00,0x18,0x00,0x18,0x00,0x18,0x00,0x18,0x00,0x18,0x00,0x18,0x00,
    0x18,0x00,0x18,0x00,0x18,0x00,0x18,0x00,0x18,0x00,0x1F,0xFC,0x1F,0xFC,0x00,0x00,
    0x00,0x00,0x00,0x00,0x00,0x00,0x00,0x00,0x00,0x00,
};

static const uint8_t kAtlas4GlyphBits45[58] = {
    0x00,0x00,0x00,0x00,0x00,0x00,0x00,0x00,0x00,0x00,0x78,0x3C,0x78,0x3C,0x78,0x3C,
    0x6C,0x6C,0x6C,0x6C,0x6C,0x6C,0x66,0xCC,0x66,0xCC,0x62,0xCC,0x63,0x8C,0x63,0x8C,
    0x61,0x0C,0x60,0x0C,0x60,0x0C,0x60,0x0C,0x60,0x0C,0x60,0x0C,0x60,0x0C,0x00,0x00,
    0x00,0x00,0x00,0x00,0x00,0x00,0x00,0x00,0x00,0x00,
};

static const uint8_t kAtlas4GlyphBits46[58] = {
    0x00,0x00,0x00,0x00,0x00,0x00,0x00,0x00,0x00,0x00,0x38,0x18,0x38,0x18,0x3C,0x18,
    0x3C,0x18,0x36,0x18,0x36,0x18,0x37,0x18,0x33,0x18,0x33,0x18,0x31,0x98,0x31,0x98,
    0x30,0xD8,0x30,0xD8,0x30,0xD8,0x30,0x78,0x30,0x78,0x30,0x38,0x30,0x38,0x00,0x00,
    0x00,0x00,0x00,0x00,0x00,0x00,0x00,0x00,0x00,0x00,
};

static const uint8_t kAtlas4GlyphBits47[58] = {
    0x00,0x00,0x00,0x00,0x00,0x00,0x00,0x00,0x00,0x00,0x07,0xC0,0x0F,0xF0,0x1C,0x70,
    0x38,0x38,0x30,0x18,0x30,0x18,0x30,0x18,0x70,0x1C,0x70,0x1C,0x70,0x1C,0x70,0x1C,
    0x30,0x18,0x30,0x18,0x30,0x18,0x38,0x38,0x1C,0x70,0x0F,0xF0,0x07,0xC0,0x00,0x00,
    0x00,0x00,0x00,0x00,0x00,0x00,0x00,0x00,0x00,0x00,
};

static const uint8_t kAtlas4GlyphBits48[58] = {
    0x00,0x00,0x00,0x00,0x00,0x00,0x00,0x00,0x00,0x00,0x3F,0xE0,0x3F,0xF0,0x38,0x38,
    0x38,0x18,0x38,0x1C,0x38,0x1C,0x38,0x1C,0x38,0x18,0x38,0x38,0x3F,0xF0,0x3F,0xC0,
    0x38,0x00,0x38,0x00,0x38,0x00,0x38,0x00,0x38,0x00,0x38,0x00,0x38,0x00,0x00,0x00,
    0x00,0x00,0x00,0x00,0x00,0x00,0x00,0x00,0x00,0x00,
};

static const uint8_t kAtlas4GlyphBits49[58] = {
    0x00,0x00,0x00,0x00,0x00,0x00,0x00,0x00,0x00,0x00,0x07,0xC0,0x0F,0xF0,0x1C,0x70,
    0x38,0x38,0x30,0x18,0x30,0x18,0x30,0x18,0x70,0x1C,0x70,0x1C,0x70,0x1C,0x70,0x1C,
    0x30,0x18,0x30,0x18,0x30,0x18,0x38,0x38,0x1C,0x70,0x0F,0xF0,0x07,0xC0,0x00,0xE0,
    0x00,0x70,0x00,0x38,0x00,0x1E,0x00,0x00,0x00,0x00,
};

static const uint8_t kAtlas4GlyphBits50[58] = {
    0x00,0x00,0x00,0x00,0x00,0x00,0x00,0x00,0x00,0x00,0x3F,0xC0,0x3F,0xF0,0x30,0x70,
    0x30,0x38,0x30,0x38,0x30,0x38,0x30,0x38,0x30,0x70,0x3F,0xE0,0x3F,0xC0,0x30,0xE0,
    0x30,0x70,0x30,0x30,0x30,0x38,0x30,0x18,0x30,0x1C,0x30,0x0C,0x30,0x0E,0x00,0x00,
    0x00,0x00,0x00,0x00,0x00,0x00,0x00,0x00,0x00,0x00,
};

static const uint8_t kAtlas4GlyphBits51[58] = {
    0x00,0x00,0x00,0x00,0x00,0x00,0x00,0x00,0x00,0x00,0x07,0xE0,0x1F,0xF0,0x38,0x10,
    0x30,0x00,0x30,0x00,0x30,0x00,0x38,0x00,0x3E,0x00,0x1F,0xE0,0x03,0xF0,0x00,0x78,
    0x00,0x18,0x00,0x18,0x00,0x18,0x20,0x18,0x30,0x38,0x3F,0xF0,0x0F,0xC0,0x00,0x00,
    0x00,0x00,0x00,0x00,0x00,0x00,0x00,0x00,0x00,0x00,
};

static const uint8_t kAtlas4GlyphBits52[58] = {
    0x00,0x00,0x00,0x00,0x00,0x00,0x00,0x00,0x00,0x00,0x7F,0xFC,0x7F,0xFC,0x03,0x80,
    0x03,0x80,0x03,0x80,0x03,0x80,0x03,0x80,0x03,0x80,0x03,0x80,0x03,0x80,0x03,0x80,
    0x03,0x80,0x03,0x80,0x03,0x80,0x03,0x80,0x03,0x80,0x03,0x80,0x03,0x80,0x00,0x00,
    0x00,0x00,0x00,0x00,0x00,0x00,0x00,0x00,0x00,0x00,
};

static const uint8_t kAtlas4GlyphBits53[58] = {
    0x00,0x00,0x00,0x00,0x00,0x00,0x00,0x00,0x00,0x00,0x30,0x18,0x30,0x18,0x30,0x18,
    0x30,0x18,0x30,0x18,0x30,0x18,0x30,0x18,0x30,0x18,0x30,0x18,0x30,0x18,0x30,0x18,
    0x30,0x18,0x30,0x18,0x30,0x18,0x38,0x18,0x38,0x38,0x1F,0xF0,0x07,0xC0,0x00,0x00,
    0x00,0x00,0x00,0x00,0x00,0x00,0x00,0x00,0x00,0x00,
};

static const uint8_t kAtlas4GlyphBits54[58] = {
    0x00,0x00,0x00,0x00,0x00,0x00,0x00,0x00,0x00,0x00,0x60,0x0C,0x70,0x1C,0x70,0x1C,
    0x30,0x18,0x30,0x18,0x38,0x38,0x18,0x30,0x18,0x30,0x1C,0x30,0x0C,0x70,0x0C,0x60,
    0x0C,0x60,0x0E,0xE0,0x06,0xC0,0x06,0xC0,0x06,0xC0,0x03,0x80,0x03,0x80,0x00,0x00,
    0x00,0x00,0x00,0x00,0x00,0x00,0x00,0x00,0x00,0x00,
};

static const uint8_t kAtlas4GlyphBits55[58] = {
    0x00,0x00,0x00,0x00,0x00,0x00,0x00,0x00,0x00,0x00,0xC0,0x06,0xE0,0x0E,0xE0,0x0E,
    0x60,0x0E,0x63,0x8C,0x63,0x8C,0x63,0x8C,0x62,0xCC,0x66,0xCC,0x76,0xDC,0x36,0xD8,
    0x34,0x58,0x34,0x78,0x3C,0x78,0x3C,0x78,0x3C,0x78,0x38,0x38,0x18,0x30,0x00,0x00,
    0x00,0x00,0x00,0x00,0x00,0x00,0x00,0x00,0x00,0x00,
};

static const uint8_t kAtlas4GlyphBits56[58] = {
    0x00,0x00,0x00,0x00,0x00,0x00,0x00,0x00,0x00,0x00,0x70,0x1C,0x38,0x18,0x18,0x38,
    0x1C,0x30,0x0C,0x70,0x0E,0xE0,0x07,0xC0,0x03,0xC0,0x03,0x80,0x03,0xC0,0x07,0xC0,
    0x0E,0xE0,0x0C,0x60,0x1C,0x30,0x38,0x38,0x30,0x18,0x70,0x1C,0xE0,0x0E,0x00,0x00,
    0x00,0x00,0x00,0x00,0x00,0x00,0x00,0x00,0x00,0x00,
};

static const uint8_t kAtlas4GlyphBits57[58] = {
    0x00,0x00,0x00,0x00,0x00,0x00,0x00,0x00,0x00,0x00,0xE0,0x0E,0x70,0x1C,0x30,0x18,
    0x18,0x38,0x1C,0x70,0x0C,0x60,0x0E,0xE0,0x06,0xC0,0x07,0xC0,0x03,0x80,0x03,0x80,
    0x03,0x80,0x03,0x80,0x03,0x80,0x03,0x80,0x03,0x80,0x03,0x80,0x03,0x80,0x00,0x00,
    0x00,0x00,0x00,0x00,0x00,0x00,0x00,0x00,0x00,0x00,
};

static const uint8_t kAtlas4GlyphBits58[58] = {
    0x00,0x00,0x00,0x00,0x00,0x00,0x00,0x00,0x00,0x00,0x3F,0xF8,0x3F,0xF8,0x00,0x38,
    0x00,0x30,0x00,0x70,0x00,0xE0,0x00,0xC0,0x01,0xC0,0x03,0x80,0x03,0x00,0x07,0x00,
    0x0E,0x00,0x0C,0x00,0x1C,0x00,0x18,0x00,0x30,0x00,0x7F,0xFC,0x7F,0xFC,0x00,0x00,
    0x00,0x00,0x00,0x00,0x00,0x00,0x00,0x00,0x00,0x00,
};

static const uint8_t kAtlas4GlyphBits59[58] = {
    0x00,0x00,0x00,0x00,0x00,0x00,0x0F,0xF0,0x0F,0xF0,0x0C,0x00,0x0C,0x00,0x0C,0x00,
    0x0C,0x00,0x0C,0x00,0x0C,0x00,0x0C,0x00,0x0C,0x00,0x0C,0x00,0x0C,0x00,0x0C,0x00,
    0x0C,0x00,0x0C,0x00,0x0C,0x00,0x0C,0x00,0x0C,0x00,0x0C,0x00,0x0C,0x00,0x0C,0x00,
    0x0F,0xF0,0x0F,0xF0,0x00,0x00,0x00,0x00,0x00,0x00,
};

static const uint8_t kAtlas4GlyphBits60[58] = {
    0x00,0x00,0x00,0x00,0x00,0x00,0x00,0x00,0x00,0x00,0x30,0x00,0x38,0x00,0x18,0x00,
    0x1C,0x00,0x0C,0x00,0x0C,0x00,0x06,0x00,0x06,0x00,0x03,0x00,0x03,0x00,0x03,0x80,
    0x01,0x80,0x01,0xC0,0x00,0xC0,0x00,0xE0,0x00,0x60,0x00,0x70,0x00,0x30,0x00,0x38,
    0x00,0x18,0x00,0x00,0x00,0x00,0x00,0x00,0x00,0x00,
};

static const uint8_t kAtlas4GlyphBits61[58] = {
    0x00,0x00,0x00,0x00,0x00,0x00,0x1F,0xE0,0x1F,0xE0,0x00,0x60,0x00,0x60,0x00,0x60,
    0x00,0x60,0x00,0x60,0x00,0x60,0x00,0x60,0x00,0x60,0x00,0x60,0x00,0x60,0x00,0x60,
    0x00,0x60,0x00,0x60,0x00,0x60,0x00,0x60,0x00,0x60,0x00,0x60,0x00,0x60,0x00,0x60,
    0x1F,0xE0,0x1F,0xE0,0x00,0x00,0x00,0x00,0x00,0x00,
};

static const uint8_t kAtlas4GlyphBits62[58] = {
    0x00,0x00,0x00,0x00,0x00,0x00,0x00,0x00,0x00,0x00,0x03,0x80,0x07,0xC0,0x0E,0xE0,
    0x0C,0x60,0x18,0x30,0x30,0x18,0x70,0x0C,0x00,0x00,0x00,0x00,0x00,0x00,0x00,0x00,
    0x00,0x00,0x00,0x00,0x00,0x00,0x00,0x00,0x00,0x00,0x00,0x00,0x00,0x00,0x00,0x00,
    0x00,0x00,0x00,0x00,0x00,0x00,0x00,0x00,0x00,0x00,
};

static const uint8_t kAtlas4GlyphBits63[58] = {
    0x00,0x00,0x00,0x00,0x00,0x00,0x00,0x00,0x00,0x00,0x00,0x00,0x00,0x00,0x00,0x00,
    0x00,0x00,0x00,0x00,0x00,0x00,0x00,0x00,0x00,0x00,0x00,0x00,0x00,0x00,0x00,0x00,
    0x00,0x00,0x00,0x00,0x00,0x00,0x00,0x00,0x00,0x00,0x00,0x00,0x00,0x00,0x00,0x00,
    0x00,0x00,0x7F,0xFC,0x7F,0xFC,0x00,0x00,0x00,0x00,
};

static const uint8_t kAtlas4GlyphBits64[58] = {
    0x00,0x00,0x00,0x00,0x00,0x00,0x1C,0x00,0x0E,0x00,0x06,0x00,0x03,0x00,0x01,0x80,
    0x00,0x00,0x00,0x00,0x00,0x00,0x00,0x00,0x00,0x00,0x00,0x00,0x00,0x00,0x00,0x00,
    0x00,0x00,0x00,0x00,0x00,0x00,0x00,0x00,0x00,0x00,0x00,0x00,0x00,0x00,0x00,0x00,
    0x00,0x00,0x00,0x00,0x00,0x00,0x00,0x00,0x00,0x00,
};

static const uint8_t kAtlas4GlyphBits65[58] = {
    0x00,0x00,0x00,0x00,0x00,0x00,0x00,0x00,0x00,0x00,0x00,0x00,0x00,0x00,0x00,0x00,
    0x00,0x00,0x0F,0xC0,0x1F,0xF0,0x10,0x30,0x00,0x18,0x00,0x18,0x0F,0xF8,0x1F,0xF8,
    0x38,0x18,0x30,0x18,0x30,0x38,0x30,0x38,0x38,0x78,0x1F,0xD8,0x0F,0x9C,0x00,0x00,
    0x00,0x00,0x00,0x00,0x00,0x00,0x00,0x00,0x00,0x00,
};

static const uint8_t kAtlas4GlyphBits66[58] = {
    0x00,0x00,0x00,0x00,0x00,0x00,0x00,0x00,0x38,0x00,0x38,0x00,0x38,0x00,0x38,0x00,
    0x38,0x00,0x3B,0xE0,0x3F,0xF0,0x3C,0x38,0x38,0x18,0x38,0x18,0x38,0x18,0x38,0x1C,
    0x38,0x1C,0x38,0x18,0x38,0x18,0x38,0x18,0x3C,0x38,0x3F,0xF0,0x33,0xE0,0x00,0x00,
    0x00,0x00,0x00,0x00,0x00,0x00,0x00,0x00,0x00,0x00,
};

static const uint8_t kAtlas4GlyphBits67[58] = {
    0x00,0x00,0x00,0x00,0x00,0x00,0x00,0x00,0x00,0x00,0x00,0x00,0x00,0x00,0x00,0x00,
    0x00,0x00,0x03,0xE0,0x0F,0xF8,0x1C,0x18,0x18,0x00,0x38,0x00,0x38,0x00,0x30,0x00,
    0x30,0x00,0x38,0x00,0x38,0x00,0x18,0x00,0x1C,0x18,0x0F,0xF8,0x03,0xE0,0x00,0x00,
    0x00,0x00,0x00,0x00,0x00,0x00,0x00,0x00,0x00,0x00,
};

static const uint8_t kAtlas4GlyphBits68[58] = {
    0x00,0x00,0x00,0x00,0x00,0x00,0x00,0x00,0x00,0x38,0x00,0x38,0x00,0x38,0x00,0x38,
    0x00,0x38,0x07,0xB8,0x1F,0xF8,0x18,0x78,0x38,0x38,0x30,0x38,0x30,0x38,0x70,0x38,
    0x30,0x38,0x30,0x38,0x30,0x38,0x38,0x38,0x18,0x78,0x1F,0xD8,0x0F,0x98,0x00,0x00,
    0x00,0x00,0x00,0x00,0x00,0x00,0x00,0x00,0x00,0x00,
};

static const uint8_t kAtlas4GlyphBits69[58] = {
    0x00,0x00,0x00,0x00,0x00,0x00,0x00,0x00,0x00,0x00,0x00,0x00,0x00,0x00,0x00,0x00,
    0x00,0x00,0x07,0xE0,0x0F,0xF0,0x1C,0x38,0x38,0x18,0x30,0x18,0x3F,0xFC,0x3F,0xFC,
    0x30,0x00,0x30,0x00,0x30,0x00,0x38,0x00,0x1C,0x18,0x0F,0xF8,0x07,0xE0,0x00,0x00,
    0x00,0x00,0x00,0x00,0x00,0x00,0x00,0x00,0x00,0x00,
};

static const uint8_t kAtlas4GlyphBits70[58] = {
    0x00,0x00,0x00,0x00,0x00,0x00,0x00,0x00,0x01,0xF8,0x03,0xF8,0x03,0x00,0x03,0x00,
    0x03,0x00,0x3F,0xF8,0x3F,0xF8,0x03,0x00,0x03,0x00,0x03,0x00,0x03,0x00,0x03,0x00,
    0x03,0x00,0x03,0x00,0x03,0x00,0x03,0x00,0x03,0x00,0x03,0x00,0x03,0x00,0x00,0x00,
    0x00,0x00,0x00,0x00,0x00,0x00,0x00,0x00,0x00,0x00,
};

static const uint8_t kAtlas4GlyphBits71[58] = {
    0x00,0x00,0x00,0x00,0x00,0x00,0x00,0x00,0x00,0x00,0x00,0x00,0x00,0x00,0x00,0x00,
    0x00,0x00,0x07,0x98,0x0F,0xD8,0x1C,0x78,0x38,0x38,0x30,0x18,0x30,0x18,0x30,0x18,
    0x30,0x18,0x30,0x18,0x38,0x18,0x38,0x38,0x1C,0x78,0x0F,0xD8,0x07,0x98,0x00,0x18,
    0x00,0x38,0x10,0x30,0x1F,0xF0,0x0F,0xC0,0x00,0x00,
};

static const uint8_t kAtlas4GlyphBits72[58] = {
    0x00,0x00,0x00,0x00,0x00,0x00,0x00,0x00,0x38,0x00,0x38,0x00,0x38,0x00,0x38,0x00,
    0x38,0x00,0x3B,0xE0,0x3F,0xF0,0x3C,0x30,0x38,0x38,0x38,0x18,0x38,0x18,0x38,0x18,
    0x38,0x18,0x38,0x18,0x38,0x18,0x38,0x18,0x38,0x18,0x38,0x18,0x38,0x18,0x00,0x00,
    0x00,0x00,0x00,0x00,0x00,0x00,0x00,0x00,0x00,0x00,
};

static const uint8_t kAtlas4GlyphBits73[58] = {
    0x00,0x00,0x00,0x00,0x00,0x00,0x00,0x00,0x03,0x80,0x03,0x80,0x03,0x80,0x00,0x00,
    0x00,0x00,0x1F,0x80,0x1F,0x80,0x03,0x80,0x03,0x80,0x03,0x80,0x03,0x80,0x03,0x80,
    0x03,0x80,0x03,0x80,0x03,0x80,0x03,0x80,0x01,0x80,0x01,0xF8,0x00,0xF8,0x00,0x00,
    0x00,0x00,0x00,0x00,0x00,0x00,0x00,0x00,0x00,0x00,
};

static const uint8_t kAtlas4GlyphBits74[58] = {
    0x00,0x00,0x00,0x00,0x00,0x00,0x00,0x00,0x00,0xC0,0x00,0xC0,0x00,0xC0,0x00,0x00,
    0x00,0x00,0x0F,0xC0,0x0F,0xC0,0x00,0xC0,0x00,0xC0,0x00,0xC0,0x00,0xC0,0x00,0xC0,
    0x00,0xC0,0x00,0xC0,0x00,0xC0,0x00,0xC0,0x00,0xC0,0x00,0xC0,0x00,0xC0,0x00,0xC0,
    0x00,0xC0,0x01,0xC0,0x1F,0x80,0x1F,0x00,0x00,0x00,
};

static const uint8_t kAtlas4GlyphBits75[58] = {
    0x00,0x00,0x00,0x00,0x00,0x00,0x00,0x00,0x18,0x00,0x18,0x00,0x18,0x00,0x18,0x00,
    0x18,0x00,0x18,0x3C,0x18,0x70,0x18,0xE0,0x19,0xC0,0x1B,0x80,0x1F,0x00,0x1F,0x80,
    0x1D,0xC0,0x18,0xE0,0x18,0x60,0x18,0x70,0x18,0x38,0x18,0x18,0x18,0x1E,0x00,0x00,
    0x00,0x00,0x00,0x00,0x00,0x00,0x00,0x00,0x00,0x00,
};

static const uint8_t kAtlas4GlyphBits76[58] = {
    0x00,0x00,0x00,0x00,0x00,0x00,0x00,0x00,0x3F,0x00,0x3F,0x00,0x03,0x00,0x03,0x00,
    0x03,0x00,0x03,0x00,0x03,0x00,0x03,0x00,0x03,0x00,0x03,0x00,0x03,0x00,0x03,0x00,
    0x03,0x00,0x03,0x00,0x03,0x00,0x03,0x00,0x03,0x80,0x01,0xF8,0x00,0xF8,0x00,0x00,
    0x00,0x00,0x00,0x00,0x00,0x00,0x00,0x00,0x00,0x00,
};

static const uint8_t kAtlas4GlyphBits77[58] = {
    0x00,0x00,0x00,0x00,0x00,0x00,0x00,0x00,0x00,0x00,0x00,0x00,0x00,0x00,0x00,0x00,
    0x00,0x00,0x6E,0x78,0x7F,0xF8,0x73,0x9C,0x73,0x8C,0x61,0x8C,0x61,0x8C,0x61,0x8C,
    0x61,0x8C,0x61,0x8C,0x61,0x8C,0x61,0x8C,0x61,0x8C,0x61,0x8C,0x61,0x8C,0x00,0x00,
    0x00,0x00,0x00,0x00,0x00,0x00,0x00,0x00,0x00,0x00,
};

static const uint8_t kAtlas4GlyphBits78[58] = {
    0x00,0x00,0x00,0x00,0x00,0x00,0x00,0x00,0x00,0x00,0x00,0x00,0x00,0x00,0x00,0x00,
    0x00,0x00,0x33,0xE0,0x3F,0xF0,0x3C,0x30,0x38,0x38,0x38,0x18,0x38,0x18,0x38,0x18,
    0x38,0x18,0x38,0x18,0x38,0x18,0x38,0x18,0x38,0x18,0x38,0x18,0x38,0x18,0x00,0x00,
    0x00,0x00,0x00,0x00,0x00,0x00,0x00,0x00,0x00,0x00,
};

static const uint8_t kAtlas4GlyphBits79[58] = {
    0x00,0x00,0x00,0x00,0x00,0x00,0x00,0x00,0x00,0x00,0x00,0x00,0x00,0x00,0x00,0x00,
    0x00,0x00,0x07,0xC0,0x1F,0xF0,0x1C,0x70,0x38,0x38,0x30,0x18,0x30,0x18,0x30,0x18,
    0x30,0x18,0x30,0x18,0x30,0x18,0x38,0x38,0x1C,0x70,0x1F,0xF0,0x07,0xC0,0x00,0x00,
    0x00,0x00,0x00,0x00,0x00,0x00,0x00,0x00,0x00,0x00,
};

static const uint8_t kAtlas4GlyphBits80[58] = {
    0x00,0x00,0x00,0x00,0x00,0x00,0x00,0x00,0x00,0x00,0x00,0x00,0x00,0x00,0x00,0x00,
    0x00,0x00,0x33,0xE0,0x3F,0xF0,0x3C,0x38,0x38,0x18,0x38,0x18,0x38,0x18,0x38,0x1C,
    0x38,0x1C,0x38,0x18,0x38,0x18,0x38,0x18,0x3C,0x38,0x3F,0xF0,0x3B,0xC0,0x38,0x00,
    0x38,0x00,0x38,0x00,0x38,0x00,0x38,0x00,0x00,0x00,
};

static const uint8_t kAtlas4GlyphBits81[58] = {
    0x00,0x00,0x00,0x00,0x00,0x00,0x00,0x00,0x00,0x00,0x00,0x00,0x00,0x00,0x00,0x00,
    0x00,0x00,0x07,0x98,0x1F,0xD8,0x1C,0x78,0x38,0x38,0x30,0x38,0x30,0x18,0x30,0x18,
    0x30,0x18,0x30,0x18,0x30,0x38,0x38,0x38,0x1C,0x78,0x1F,0xD8,0x07,0x98,0x00,0x18,
    0x00,0x18,0x00,0x18,0x00,0x18,0x00,0x18,0x00,0x00,
};

static const uint8_t kAtlas4GlyphBits82[58] = {
    0x00,0x00,0x00,0x00,0x00,0x00,0x00,0x00,0x00,0x00,0x00,0x00,0x00,0x00,0x00,0x00,
    0x00,0x00,0x0C,0xF8,0x0D,0xF8,0x0F,0x08,0x0E,0x00,0x0C,0x00,0x0C,0x00,0x0C,0x00,
    0x0C,0x00,0x0C,0x00,0x0C,0x00,0x0C,0x00,0x0C,0x00,0x0C,0x00,0x0C,0x00,0x00,0x00,
    0x00,0x00,0x00,0x00,0x00,0x00,0x00,0x00,0x00,0x00,
};

static const uint8_t kAtlas4GlyphBits83[58] = {
    0x00,0x00,0x00,0x00,0x00,0x00,0x00,0x00,0x00,0x00,0x00,0x00,0x00,0x00,0x00,0x00,
    0x00,0x00,0x07,0xE0,0x1F,0xF0,0x1C,0x10,0x18,0x00,0x18,0x00,0x1C,0x00,0x0F,0xC0,
    0x03,0xF0,0x00,0x70,0x00,0x38,0x00,0x38,0x10,0x70,0x1F,0xF0,0x0F,0xC0,0x00,0x00,
    0x00,0x00,0x00,0x00,0x00,0x00,0x00,0x00,0x00,0x00,
};

static const uint8_t kAtlas4GlyphBits84[58] = {
    0x00,0x00,0x00,0x00,0x00,0x00,0x00,0x00,0x01,0x00,0x07,0x00,0x07,0x00,0x07,0x00,
    0x07,0x00,0x3F,0xF8,0x3F,0xF8,0x07,0x00,0x07,0x00,0x07,0x00,0x07,0x00,0x07,0x00,
    0x07,0x00,0x07,0x00,0x07,0x00,0x07,0x00,0x07,0x00,0x03,0xF8,0x01,0xF8,0x00,0x00,
    0x00,0x00,0x00,0x00,0x00,0x00,0x00,0x00,0x00,0x00,
};

static const uint8_t kAtlas4GlyphBits85[58] = {
    0x00,0x00,0x00,0x00,0x00,0x00,0x00,0x00,0x00,0x00,0x00,0x00,0x00,0x00,0x00,0x00,
    0x00,0x00,0x38,0x18,0x38,0x18,0x38,0x18,0x38,0x18,0x38,0x18,0x38,0x18,0x38,0x18,
    0x38,0x18,0x38,0x18,0x38,0x38,0x18,0x38,0x1C,0x78,0x1F,0xD8,0x0F,0x98,0x00,0x00,
    0x00,0x00,0x00,0x00,0x00,0x00,0x00,0x00,0x00,0x00,
};

static const uint8_t kAtlas4GlyphBits86[58] = {
    0x00,0x00,0x00,0x00,0x00,0x00,0x00,0x00,0x00,0x00,0x00,0x00,0x00,0x00,0x00,0x00,
    0x00,0x00,0x70,0x1C,0x30,0x18,0x30,0x18,0x38,0x38,0x18,0x30,0x18,0x30,0x1C,0x70,
    0x0C,0x60,0x0C,0x60,0x06,0xE0,0x06,0xC0,0x06,0xC0,0x03,0x80,0x03,0x80,0x00,0x00,
    0x00,0x00,0x00,0x00,0x00,0x00,0x00,0x00,0x00,0x00,
};

static const uint8_t kAtlas4GlyphBits87[58] = {
    0x00,0x00,0x00,0x00,0x00,0x00,0x00,0x00,0x00,0x00,0x00,0x00,0x00,0x00,0x00,0x00,
    0x00,0x00,0xC0,0x06,0xE0,0x06,0x60,0x0C,0x60,0x0C,0x63,0x8C,0x63,0x8C,0x72,0x9C,
    0x32,0x98,0x36,0xD8,0x36,0xD8,0x34,0x58,0x1C,0x70,0x1C,0x70,0x18,0x30,0x00,0x00,
    0x00,0x00,0x00,0x00,0x00,0x00,0x00,0x00,0x00,0x00,
};

static const uint8_t kAtlas4GlyphBits88[58] = {
    0x00,0x00,0x00,0x00,0x00,0x00,0x00,0x00,0x00,0x00,0x00,0x00,0x00,0x00,0x00,0x00,
    0x00,0x00,0x70,0x1C,0x18,0x38,0x1C,0x70,0x0C,0x60,0x06,0xC0,0x07,0xC0,0x03,0x80,
    0x03,0x80,0x06,0xC0,0x0E,0xE0,0x0C,0x70,0x18,0x30,0x38,0x38,0x70,0x1C,0x00,0x00,
    0x00,0x00,0x00,0x00,0x00,0x00,0x00,0x00,0x00,0x00,
};

static const uint8_t kAtlas4GlyphBits89[58] = {
    0x00,0x00,0x00,0x00,0x00,0x00,0x00,0x00,0x00,0x00,0x00,0x00,0x00,0x00,0x00,0x00,
    0x00,0x00,0x70,0x0C,0x30,0x18,0x38,0x18,0x18,0x38,0x18,0x30,0x1C,0x30,0x0C,0x70,
    0x0C,0x60,0x06,0x60,0x06,0xC0,0x07,0xC0,0x03,0xC0,0x03,0x80,0x01,0x80,0x03,0x80,
    0x03,0x00,0x07,0x00,0x3E,0x00,0x3C,0x00,0x00,0x00,
};

static const uint8_t kAtlas4GlyphBits90[58] = {
    0x00,0x00,0x00,0x00,0x00,0x00,0x00,0x00,0x00,0x00,0x00,0x00,0x00,0x00,0x00,0x00,
    0x00,0x00,0x1F,0xF8,0x1F,0xF8,0x00,0x38,0x00,0x70,0x00,0xE0,0x01,0xC0,0x01,0x80,
    0x03,0x80,0x07,0x00,0x0E,0x00,0x0C,0x00,0x18,0x00,0x3F,0xF8,0x3F,0xF8,0x00,0x00,
    0x00,0x00,0x00,0x00,0x00,0x00,0x00,0x00,0x00,0x00,
};

static const uint8_t kAtlas4GlyphBits91[58] = {
    0x00,0x00,0x00,0x00,0x00,0x00,0x00,0xF0,0x03,0xF0,0x03,0x80,0x03,0x00,0x03,0x00,
    0x03,0x00,0x03,0x00,0x03,0x00,0x03,0x00,0x07,0x00,0x3E,0x00,0x3E,0x00,0x07,0x00,
    0x03,0x00,0x03,0x00,0x03,0x00,0x03,0x00,0x03,0x00,0x03,0x00,0x03,0x00,0x03,0x80,
    0x01,0xF0,0x00,0xF0,0x00,0x00,0x00,0x00,0x00,0x00,
};

static const uint8_t kAtlas4GlyphBits92[58] = {
    0x00,0x00,0x00,0x00,0x00,0x00,0x00,0x00,0x03,0x80,0x03,0x80,0x03,0x80,0x03,0x80,
    0x03,0x80,0x03,0x80,0x03,0x80,0x03,0x80,0x03,0x80,0x03,0x80,0x03,0x80,0x03,0x80,
    0x03,0x80,0x03,0x80,0x03,0x80,0x03,0x80,0x03,0x80,0x03,0x80,0x03,0x80,0x03,0x80,
    0x03,0x80,0x03,0x80,0x03,0x80,0x03,0x80,0x03,0x80,
};

static const uint8_t kAtlas4GlyphBits93[58] = {
    0x00,0x00,0x00,0x00,0x00,0x00,0x1E,0x00,0x1F,0x80,0x03,0x80,0x01,0x80,0x01,0x80,
    0x01,0x80,0x01,0x80,0x01,0x80,0x01,0x80,0x01,0xC0,0x00,0xFC,0x00,0xFC,0x01,0xC0,
    0x01,0x80,0x01,0x80,0x01,0x80,0x01,0x80,0x01,0x80,0x01,0x80,0x01,0x80,0x03,0x80,
    0x1F,0x00,0x1E,0x00,0x00,0x00,0x00,0x00,0x00,0x00,
};

static const uint8_t kAtlas4GlyphBits94[58] = {
    0x00,0x00,0x00,0x00,0x00,0x00,0x00,0x00,0x00,0x00,0x00,0x00,0x00,0x00,0x00,0x00,
    0x00,0x00,0x00,0x00,0x00,0x00,0x00,0x00,0x00,0x00,0x1C,0x0C,0x3F,0x0C,0x33,0x0C,
    0x61,0x9C,0x60,0xF8,0x60,0x70,0x00,0x00,0x00,0x00,0x00,0x00,0x00,0x00,0x00,0x00,
    0x00,0x00,0x00,0x00,0x00,0x00,0x00,0x00,0x00,0x00,
};

static const uint8_t kAtlas4GlyphBits95[58] = {
    0x00,0x00,0x00,0x00,0x00,0x00,0x00,0x00,0x00,0x00,0x00,0x00,0x00,0x00,0x00,0x00,
    0x00,0x00,0x01,0x00,0x03,0x80,0x07,0xC0,0x1D,0xF0,0x09,0xA0,0x01,0x80,0x01,0x80,
    0x01,0x80,0x01,0x80,0x01,0x80,0x01,0x80,0x01,0x80,0x01,0x80,0x01,0x80,0x00,0x00,
    0x00,0x00,0x00,0x00,0x00,0x00,0x00,0x00,0x00,0x00,
};

static const uint8_t kAtlas4GlyphBits96[58] = {
    0x00,0x00,0x00,0x00,0x00,0x00,0x00,0x00,0x00,0x00,0x00,0x00,0x00,0x00,0x00,0x00,
    0x00,0x00,0x00,0x00,0x00,0x20,0x00,0x30,0x00,0x18,0xFF,0xFC,0xFF,0xFC,0x00,0x18,
    0x00,0x30,0x00,0x20,0x00,0x00,0x00,0x00,0x00,0x00,0x00,0x00,0x00,0x00,0x00,0x00,
    0x00,0x00,0x00,0x00,0x00,0x00,0x00,0x00,0x00,0x00,
};

static const Glyph kAtlas4Glyphs[97] = {
    { 0x20, kAtlas4GlyphBits0 },
    { 0x21, kAtlas4GlyphBits1 },
    { 0x22, kAtlas4GlyphBits2 },
    { 0x23, kAtlas4GlyphBits3 },
    { 0x24, kAtlas4GlyphBits4 },
    { 0x25, kAtlas4GlyphBits5 },
    { 0x26, kAtlas4GlyphBits6 },
    { 0x27, kAtlas4GlyphBits7 },
    { 0x28, kAtlas4GlyphBits8 },
    { 0x29, kAtlas4GlyphBits9 },
    { 0x2a, kAtlas4GlyphBits10 },
    { 0x2b, kAtlas4GlyphBits11 },
    { 0x2c, kAtlas4GlyphBits12 },
    { 0x2d, kAtlas4GlyphBits13 },
    { 0x2e, kAtlas4GlyphBits14 },
    { 0x2f, kAtlas4GlyphBits15 },
    { 0x30, kAtlas4GlyphBits16 },
    { 0x31, kAtlas4GlyphBits17 },
    { 0x32, kAtlas4GlyphBits18 },
    { 0x33, kAtlas4GlyphBits19 },
    { 0x34, kAtlas4GlyphBits20 },
    { 0x35, kAtlas4GlyphBits21 },
    { 0x36, kAtlas4GlyphBits22 },
    { 0x37, kAtlas4GlyphBits23 },
    { 0x38, kAtlas4GlyphBits24 },
    { 0x39, kAtlas4GlyphBits25 },
    { 0x3a, kAtlas4GlyphBits26 },
    { 0x3b, kAtlas4GlyphBits27 },
    { 0x3c, kAtlas4GlyphBits28 },
    { 0x3d, kAtlas4GlyphBits29 },
    { 0x3e, kAtlas4GlyphBits30 },
    { 0x3f, kAtlas4GlyphBits31 },
    { 0x40, kAtlas4GlyphBits32 },
    { 0x41, kAtlas4GlyphBits33 },
    { 0x42, kAtlas4GlyphBits34 },
    { 0x43, kAtlas4GlyphBits35 },
    { 0x44, kAtlas4GlyphBits36 },
    { 0x45, kAtlas4GlyphBits37 },
    { 0x46, kAtlas4GlyphBits38 },
    { 0x47, kAtlas4GlyphBits39 },
    { 0x48, kAtlas4GlyphBits40 },
    { 0x49, kAtlas4GlyphBits41 },
    { 0x4a, kAtlas4GlyphBits42 },
    { 0x4b, kAtlas4GlyphBits43 },
    { 0x4c, kAtlas4GlyphBits44 },
    { 0x4d, kAtlas4GlyphBits45 },
    { 0x4e, kAtlas4GlyphBits46 },
    { 0x4f, kAtlas4GlyphBits47 },
    { 0x50, kAtlas4GlyphBits48 },
    { 0x51, kAtlas4GlyphBits49 },
    { 0x52, kAtlas4GlyphBits50 },
    { 0x53, kAtlas4GlyphBits51 },
    { 0x54, kAtlas4GlyphBits52 },
    { 0x55, kAtlas4GlyphBits53 },
    { 0x56, kAtlas4GlyphBits54 },
    { 0x57, kAtlas4GlyphBits55 },
    { 0x58, kAtlas4GlyphBits56 },
    { 0x59, kAtlas4GlyphBits57 },
    { 0x5a, kAtlas4GlyphBits58 },
    { 0x5b, kAtlas4GlyphBits59 },
    { 0x5c, kAtlas4GlyphBits60 },
    { 0x5d, kAtlas4GlyphBits61 },
    { 0x5e, kAtlas4GlyphBits62 },
    { 0x5f, kAtlas4GlyphBits63 },
    { 0x60, kAtlas4GlyphBits64 },
    { 0x61, kAtlas4GlyphBits65 },
    { 0x62, kAtlas4GlyphBits66 },
    { 0x63, kAtlas4GlyphBits67 },
    { 0x64, kAtlas4GlyphBits68 },
    { 0x65, kAtlas4GlyphBits69 },
    { 0x66, kAtlas4GlyphBits70 },
    { 0x67, kAtlas4GlyphBits71 },
    { 0x68, kAtlas4GlyphBits72 },
    { 0x69, kAtlas4GlyphBits73 },
    { 0x6a, kAtlas4GlyphBits74 },
    { 0x6b, kAtlas4GlyphBits75 },
    { 0x6c, kAtlas4GlyphBits76 },
    { 0x6d, kAtlas4GlyphBits77 },
    { 0x6e, kAtlas4GlyphBits78 },
    { 0x6f, kAtlas4GlyphBits79 },
    { 0x70, kAtlas4GlyphBits80 },
    { 0x71, kAtlas4GlyphBits81 },
    { 0x72, kAtlas4GlyphBits82 },
    { 0x73, kAtlas4GlyphBits83 },
    { 0x74, kAtlas4GlyphBits84 },
    { 0x75, kAtlas4GlyphBits85 },
    { 0x76, kAtlas4GlyphBits86 },
    { 0x77, kAtlas4GlyphBits87 },
    { 0x78, kAtlas4GlyphBits88 },
    { 0x79, kAtlas4GlyphBits89 },
    { 0x7a, kAtlas4GlyphBits90 },
    { 0x7b, kAtlas4GlyphBits91 },
    { 0x7c, kAtlas4GlyphBits92 },
    { 0x7d, kAtlas4GlyphBits93 },
    { 0x7e, kAtlas4GlyphBits94 },
    { 0x2191, kAtlas4GlyphBits95 },
    { 0x2192, kAtlas4GlyphBits96 },
};

static const uint8_t kAtlas5GlyphBits0[99] = {
    0x00,0x00,0x00,0x00,0x00,0x00,0x00,0x00,0x00,0x00,0x00,0x00,0x00,0x00,0x00,0x00,
    0x00,0x00,0x00,0x00,0x00,0x00,0x00,0x00,0x00,0x00,0x00,0x00,0x00,0x00,0x00,0x00,
    0x00,0x00,0x00,0x00,0x00,0x00,0x00,0x00,0x00,0x00,0x00,0x00,0x00,0x00,0x00,0x00,
    0x00,0x00,0x00,0x00,0x00,0x00,0x00,0x00,0x00,0x00,0x00,0x00,0x00,0x00,0x00,0x00,
    0x00,0x00,0x00,0x00,0x00,0x00,0x00,0x00,0x00,0x00,0x00,0x00,0x00,0x00,0x00,0x00,
    0x00,0x00,0x00,0x00,0x00,0x00,0x00,0x00,0x00,0x00,0x00,0x00,0x00,0x00,0x00,0x00,
    0x00,0x00,0x00,
};

static const uint8_t kAtlas5GlyphBits1[99] = {
    0x00,0x00,0x00,0x00,0x00,0x00,0x00,0x00,0x00,0x00,0x00,0x00,0x00,0x00,0x00,0x01,
    0xC0,0x00,0x01,0xC0,0x00,0x01,0xC0,0x00,0x01,0xC0,0x00,0x01,0xC0,0x00,0x01,0xC0,
    0x00,0x01,0xC0,0x00,0x01,0xC0,0x00,0x01,0xC0,0x00,0x01,0xC0,0x00,0x01,0xC0,0x00,
    0x01,0xC0,0x00,0x01,0x80,0x00,0x00,0x80,0x00,0x00,0x00,0x00,0x00,0x00,0x00,0x01,
    0xC0,0x00,0x03,0xC0,0x00,0x03,0xE0,0x00,0x03,0xC0,0x00,0x01,0xC0,0x00,0x00,0x00,
    0x00,0x00,0x00,0x00,0x00,0x00,0x00,0x00,0x00,0x00,0x00,0x00,0x00,0x00,0x00,0x00,
    0x00,0x00,0x00,
};

static const uint8_t kAtlas5GlyphBits2[99] = {
    0x00,0x00,0x00,0x00,0x00,0x00,0x00,0x00,0x00,0x00,0x00,0x00,0x00,0x00,0x00,0x06,
    0x30,0x00,0x06,0x30,0x00,0x06,0x30,0x00,0x06,0x30,0x00,0x06,0x30,0x00,0x06,0x30,
    0x00,0x06,0x30,0x00,0x06,0x30,0x00,0x00,0x00,0x00,0x00,0x00,0x00,0x00,0x00,0x00,
    0x00,0x00,0x00,0x00,0x00,0x00,0x00,0x00,0x00,0x00,0x00,0x00,0x00,0x00,0x00,0x00,
    0x00,0x00,0x00,0x00,0x00,0x00,0x00,0x00,0x00,0x00,0x00,0x00,0x00,0x00,0x00,0x00,
    0x00,0x00,0x00,0x00,0x00,0x00,0x00,0x00,0x00,0x00,0x00,0x00,0x00,0x00,0x00,0x00,
    0x00,0x00,0x00,
};

static const uint8_t kAtlas5GlyphBits3[99] = {
    0x00,0x00,0x00,0x00,0x00,0x00,0x00,0x00,0x00,0x00,0x00,0x00,0x00,0x00,0x00,0x01,
    0x86,0x00,0x01,0x8E,0x00,0x01,0x8C,0x00,0x03,0x8C,0x00,0x03,0x0C,0x00,0x03,0x1C,
    0x00,0x3F,0xFF,0x80,0x3F,0xFF,0x80,0x06,0x18,0x00,0x06,0x38,0x00,0x06,0x30,0x00,
    0x0E,0x30,0x00,0x0C,0x30,0x00,0xFF,0xFE,0x00,0xFF,0xFE,0x00,0x1C,0x60,0x00,0x18,
    0x60,0x00,0x18,0x60,0x00,0x18,0xC0,0x00,0x18,0xC0,0x00,0x30,0xC0,0x00,0x00,0x00,
    0x00,0x00,0x00,0x00,0x00,0x00,0x00,0x00,0x00,0x00,0x00,0x00,0x00,0x00,0x00,0x00,
    0x00,0x00,0x00,
};

static const uint8_t kAtlas5GlyphBits4[99] = {
    0x00,0x00,0x00,0x00,0x00,0x00,0x00,0x00,0x00,0x00,0x00,0x00,0x00,0xC0,0x00,0x00,
    0xC0,0x00,0x00,0xC0,0x00,0x03,0xF0,0x00,0x0F,0xFC,0x00,0x1C,0xCC,0x00,0x18,0xC0,
    0x00,0x18,0xC0,0x00,0x18,0xC0,0x00,0x18,0xC0,0x00,0x1E,0xC0,0x00,0x0F,0xE0,0x00,
    0x07,0xF8,0x00,0x00,0xFC,0x00,0x00,0xCE,0x00,0x00,0xCE,0x00,0x00,0xC6,0x00,0x00,
    0xC6,0x00,0x10,0xCE,0x00,0x1C,0xDC,0x00,0x1F,0xFC,0x00,0x07,0xF0,0x00,0x00,0xC0,
    0x00,0x00,0xC0,0x00,0x00,0xC0,0x00,0x00,0xC0,0x00,0x00,0x00,0x00,0x00,0x00,0x00,
    0x00,0x00,0x00,
};

static const uint8_t kAtlas5GlyphBits5[99] = {
    0x00,0x00,0x00,0x00,0x00,0x00,0x00,0x00,0x00,0x00,0x00,0x00,0x00,0x00,0x00,0x00,
    0x00,0x00,0x3E,0x00,0x00,0x7F,0x00,0x00,0x63,0x80,0x00,0x41,0x80,0x00,0xC1,0x80,
    0x00,0x41,0x80,0x00,0x63,0x81,0x00,0x7F,0x07,0x00,0x3E,0x3C,0x00,0x00,0xF0,0x00,
    0x07,0x80,0x00,0x1E,0x3C,0x00,0x70,0x7E,0x00,0x40,0xE7,0x00,0x00,0xC3,0x00,0x00,
    0xC1,0x00,0x00,0xC3,0x00,0x00,0xE7,0x00,0x00,0x7E,0x00,0x00,0x3C,0x00,0x00,0x00,
    0x00,0x00,0x00,0x00,0x00,0x00,0x00,0x00,0x00,0x00,0x00,0x00,0x00,0x00,0x00,0x00,
    0x00,0x00,0x00,
};

static const uint8_t kAtlas5GlyphBits6[99] = {
    0x00,0x00,0x00,0x00,0x00,0x00,0x00,0x00,0x00,0x00,0x00,0x00,0x00,0x00,0x00,0x03,
    0xE0,0x00,0x0F,0xF0,0x00,0x0E,0x10,0x00,0x1C,0x00,0x00,0x1C,0x00,0x00,0x1C,0x00,
    0x00,0x0C,0x00,0x00,0x0E,0x00,0x00,0x0F,0x00,0x00,0x1F,0x00,0x00,0x3B,0x83,0x00,
    0x71,0xC3,0x00,0x60,0xE3,0x00,0x60,0x63,0x00,0x60,0x73,0x00,0x60,0x3F,0x00,0x70,
    0x1E,0x00,0x78,0x1C,0x00,0x3C,0x3E,0x00,0x1F,0xF7,0x00,0x07,0xC7,0x80,0x00,0x00,
    0x00,0x00,0x00,0x00,0x00,0x00,0x00,0x00,0x00,0x00,0x00,0x00,0x00,0x00,0x00,0x00,
    0x00,0x00,0x00,
};

static const uint8_t kAtlas5GlyphBits7[99] = {
    0x00,0x00,0x00,0x00,0x00,0x00,0x00,0x00,0x00,0x00,0x00,0x00,0x00,0x00,0x00,0x01,
    0xC0,0x00,0x01,0xC0,0x00,0x01,0xC0,0x00,0x01,0xC0,0x00,0x01,0xC0,0x00,0x01,0xC0,
    0x00,0x01,0xC0,0x00,0x01,0xC0,0x00,0x00,0x00,0x00,0x00,0x00,0x00,0x00,0x00,0x00,
    0x00,0x00,0x00,0x00,0x00,0x00,0x00,0x00,0x00,0x00,0x00,0x00,0x00,0x00,0x00,0x00,
    0x00,0x00,0x00,0x00,0x00,0x00,0x00,0x00,0x00,0x00,0x00,0x00,0x00,0x00,0x00,0x00,
    0x00,0x00,0x00,0x00,0x00,0x00,0x00,0x00,0x00,0x00,0x00,0x00,0x00,0x00,0x00,0x00,
    0x00,0x00,0x00,
};

static const uint8_t kAtlas5GlyphBits8[99] = {
    0x00,0x00,0x00,0x00,0x00,0x00,0x00,0x00,0x00,0x00,0x00,0x00,0x00,0xC0,0x00,0x01,
    0xC0,0x00,0x01,0x80,0x00,0x03,0x80,0x00,0x03,0x00,0x00,0x07,0x00,0x00,0x07,0x00,
    0x00,0x06,0x00,0x00,0x06,0x00,0x00,0x0E,0x00,0x00,0x0E,0x00,0x00,0x0E,0x00,0x00,
    0x0E,0x00,0x00,0x0E,0x00,0x00,0x0E,0x00,0x00,0x0E,0x00,0x00,0x0E,0x00,0x00,0x06,
    0x00,0x00,0x06,0x00,0x00,0x07,0x00,0x00,0x03,0x00,0x00,0x03,0x00,0x00,0x03,0x80,
    0x00,0x01,0x80,0x00,0x00,0xC0,0x00,0x00,0x00,0x00,0x00,0x00,0x00,0x00,0x00,0x00,
    0x00,0x00,0x00,
};

static const uint8_t kAtlas5GlyphBits9[99] = {
    0x00,0x00,0x00,0x00,0x00,0x00,0x00,0x00,0x00,0x00,0x00,0x00,0x01,0x80,0x00,0x01,
    0xC0,0x00,0x00,0xC0,0x00,0x00,0xE0,0x00,0x00,0x60,0x00,0x00,0x60,0x00,0x00,0x70,
    0x00,0x00,0x30,0x00,0x00,0x30,0x00,0x00,0x38,0x00,0x00,0x38,0x00,0x00,0x38,0x00,
    0x00,0x38,0x00,0x00,0x38,0x00,0x00,0x38,0x00,0x00,0x38,0x00,0x00,0x30,0x00,0x00,
    0x30,0x00,0x00,0x70,0x00,0x00,0x70,0x00,0x00,0x60,0x00,0x00,0xE0,0x00,0x00,0xC0,
    0x00,0x00,0xC0,0x00,0x01,0x80,0x00,0x00,0x00,0x00,0x00,0x00,0x00,0x00,0x00,0x00,
    0x00,0x00,0x00,
};

static const uint8_t kAtlas5GlyphBits10[99] = {
    0x00,0x00,0x00,0x00,0x00,0x00,0x00,0x00,0x00,0x00,0x00,0x00,0x00,0x00,0x00,0x00,
    0x00,0x00,0x00,0x80,0x00,0x00,0x80,0x00,0x00,0x80,0x00,0x01,0x80,0x00,0x21,0x82,
    0x00,0x3D,0x9E,0x00,0x0F,0xF8,0x00,0x03,0xE0,0x00,0x03,0xC0,0x00,0x03,0x60,0x00,
    0x06,0x30,0x00,0x0E,0x30,0x00,0x1C,0x18,0x00,0x08,0x08,0x00,0x00,0x00,0x00,0x00,
    0x00,0x00,0x00,0x00,0x00,0x00,0x00,0x00,0x00,0x00,0x00,0x00,0x00,0x00,0x00,0x00,
    0x00,0x00,0x00,0x00,0x00,0x00,0x00,0x00,0x00,0x00,0x00,0x00,0x00,0x00,0x00,0x00,
    0x00,0x00,0x00,
};

static const uint8_t kAtlas5GlyphBits11[99] = {
    0x00,0x00,0x00,0x00,0x00,0x00,0x00,0x00,0x00,0x00,0x00,0x00,0x00,0x00,0x00,0x00,
    0x00,0x00,0x00,0x00,0x00,0x00,0x00,0x00,0x00,0x00,0x00,0x01,0xC0,0x00,0x01,0xC0,
    0x00,0x01,0xC0,0x00,0x01,0xC0,0x00,0x01,0xC0,0x00,0x01,0xC0,0x00,0x01,0xC0,0x00,
    0x7F,0xFF,0x00,0x7F,0xFF,0x00,0x01,0xC0,0x00,0x01,0xC0,0x00,0x01,0xC0,0x00,0x01,
    0xC0,0x00,0x01,0xC0,0x00,0x01,0xC0,0x00,0x00,0x00,0x00,0x00,0x00,0x00,0x00,0x00,
    0x00,0x00,0x00,0x00,0x00,0x00,0x00,0x00,0x00,0x00,0x00,0x00,0x00,0x00,0x00,0x00,
    0x00,0x00,0x00,
};

static const uint8_t kAtlas5GlyphBits12[99] = {
    0x00,0x00,0x00,0x00,0x00,0x00,0x00,0x00,0x00,0x00,0x00,0x00,0x00,0x00,0x00,0x00,
    0x00,0x00,0x00,0x00,0x00,0x00,0x00,0x00,0x00,0x00,0x00,0x00,0x00,0x00,0x00,0x00,
    0x00,0x00,0x00,0x00,0x00,0x00,0x00,0x00,0x00,0x00,0x00,0x00,0x00,0x00,0x00,0x00,
    0x00,0x00,0x00,0x00,0x00,0x00,0x00,0x00,0x00,0x00,0x00,0x00,0x00,0x00,0x00,0x01,
    0xC0,0x00,0x03,0xE0,0x00,0x03,0xE0,0x00,0x01,0xE0,0x00,0x00,0x60,0x00,0x00,0x60,
    0x00,0x00,0xC0,0x00,0x01,0xC0,0x00,0x07,0x80,0x00,0x02,0x00,0x00,0x00,0x00,0x00,
    0x00,0x00,0x00,
};

static const uint8_t kAtlas5GlyphBits13[99] = {
    0x00,0x00,0x00,0x00,0x00,0x00,0x00,0x00,0x00,0x00,0x00,0x00,0x00,0x00,0x00,0x00,
    0x00,0x00,0x00,0x00,0x00,0x00,0x00,0x00,0x00,0x00,0x00,0x00,0x00,0x00,0x00,0x00,
    0x00,0x00,0x00,0x00,0x00,0x00,0x00,0x00,0x00,0x00,0x00,0x00,0x00,0x00,0x00,0x00,
    0x00,0x00,0x00,0x1F,0xFC,0x00,0x1F,0xFC,0x00,0x00,0x00,0x00,0x00,0x00,0x00,0x00,
    0x00,0x00,0x00,0x00,0x00,0x00,0x00,0x00,0x00,0x00,0x00,0x00,0x00,0x00,0x00,0x00,
    0x00,0x00,0x00,0x00,0x00,0x00,0x00,0x00,0x00,0x00,0x00,0x00,0x00,0x00,0x00,0x00,
    0x00,0x00,0x00,
};

static const uint8_t kAtlas5GlyphBits14[99] = {
    0x00,0x00,0x00,0x00,0x00,0x00,0x00,0x00,0x00,0x00,0x00,0x00,0x00,0x00,0x00,0x00,
    0x00,0x00,0x00,0x00,0x00,0x00,0x00,0x00,0x00,0x00,0x00,0x00,0x00,0x00,0x00,0x00,
    0x00,0x00,0x00,0x00,0x00,0x00,0x00,0x00,0x00,0x00,0x00,0x00,0x00,0x00,0x00,0x00,
    0x00,0x00,0x00,0x00,0x00,0x00,0x00,0x00,0x00,0x00,0x00,0x00,0x00,0x00,0x00,0x01,
    0xC0,0x00,0x03,0xC0,0x00,0x03,0xE0,0x00,0x03,0xC0,0x00,0x01,0xC0,0x00,0x00,0x00,
    0x00,0x00,0x00,0x00,0x00,0x00,0x00,0x00,0x00,0x00,0x00,0x00,0x00,0x00,0x00,0x00,
    0x00,0x00,0x00,
};

static const uint8_t kAtlas5GlyphBits15[99] = {
    0x00,0x00,0x00,0x00,0x00,0x00,0x00,0x00,0x00,0x00,0x00,0x00,0x00,0x00,0x00,0x00,
    0x0E,0x00,0x00,0x1C,0x00,0x00,0x1C,0x00,0x00,0x18,0x00,0x00,0x38,0x00,0x00,0x30,
    0x00,0x00,0x70,0x00,0x00,0x60,0x00,0x00,0xE0,0x00,0x00,0xC0,0x00,0x01,0xC0,0x00,
    0x01,0x80,0x00,0x03,0x80,0x00,0x03,0x80,0x00,0x03,0x00,0x00,0x07,0x00,0x00,0x06,
    0x00,0x00,0x0E,0x00,0x00,0x0C,0x00,0x00,0x1C,0x00,0x00,0x18,0x00,0x00,0x38,0x00,
    0x00,0x70,0x00,0x00,0x00,0x00,0x00,0x00,0x00,0x00,0x00,0x00,0x00,0x00,0x00,0x00,
    0x00,0x00,0x00,
};

static const uint8_t kAtlas5GlyphBits16[99] = {
    0x00,0x00,0x00,0x00,0x00,0x00,0x00,0x00,0x00,0x00,0x00,0x00,0x00,0x00,0x00,0x03,
    0xE0,0x00,0x0F,0xF0,0x00,0x0E,0x38,0x00,0x1C,0x1C,0x00,0x18,0x1C,0x00,0x38,0x8E,
    0x00,0x39,0x8E,0x00,0x39,0xCE,0x00,0x39,0xCE,0x00,0x39,0xCE,0x00,0x39,0xCE,0x00,
    0x39,0xCE,0x00,0x39,0xCE,0x00,0x39,0x8E,0x00,0x38,0x8E,0x00,0x38,0x0E,0x00,0x18,
    0x1C,0x00,0x1C,0x1C,0x00,0x0E,0x38,0x00,0x0F,0xF0,0x00,0x03,0xE0,0x00,0x00,0x00,
    0x00,0x00,0x00,0x00,0x00,0x00,0x00,0x00,0x00,0x00,0x00,0x00,0x00,0x00,0x00,0x00,
    0x00,0x00,0x00,
};

static const uint8_t kAtlas5GlyphBits17[99] = {
    0x00,0x00,0x00,0x00,0x00,0x00,0x00,0x00,0x00,0x00,0x00,0x00,0x00,0x00,0x00,0x00,
    0xE0,0x00,0x01,0xE0,0x00,0x03,0xE0,0x00,0x07,0xE0,0x00,0x0E,0xE0,0x00,0x1C,0xE0,
    0x00,0x0C,0xE0,0x00,0x00,0xE0,0x00,0x00,0xE0,0x00,0x00,0xE0,0x00,0x00,0xE0,0x00,
    0x00,0xE0,0x00,0x00,0xE0,0x00,0x00,0xE0,0x00,0x00,0xE0,0x00,0x00,0xE0,0x00,0x00,
    0xE0,0x00,0x00,0xE0,0x00,0x00,0xE0,0x00,0x0F,0xFE,0x00,0x0F,0xFE,0x00,0x00,0x00,
    0x00,0x00,0x00,0x00,0x00,0x00,0x00,0x00,0x00,0x00,0x00,0x00,0x00,0x00,0x00,0x00,
    0x00,0x00,0x00,
};

static const uint8_t kAtlas5GlyphBits18[99] = {
    0x00,0x00,0x00,0x00,0x00,0x00,0x00,0x00,0x00,0x00,0x00,0x00,0x00,0x00,0x00,0x0F,
    0xE0,0x00,0x3F,0xF0,0x00,0x3C,0x38,0x00,0x20,0x1C,0x00,0x00,0x1C,0x00,0x00,0x0C,
    0x00,0x00,0x1C,0x00,0x00,0x1C,0x00,0x00,0x1C,0x00,0x00,0x38,0x00,0x00,0x78,0x00,
    0x00,0x70,0x00,0x00,0xE0,0x00,0x01,0xC0,0x00,0x03,0x80,0x00,0x07,0x00,0x00,0x0E,
    0x00,0x00,0x1C,0x00,0x00,0x38,0x00,0x00,0x3F,0xFC,0x00,0x3F,0xFC,0x00,0x00,0x00,
    0x00,0x00,0x00,0x00,0x00,0x00,0x00,0x00,0x00,0x00,0x00,0x00,0x00,0x00,0x00,0x00,
    0x00,0x00,0x00,
};

static const uint8_t kAtlas5GlyphBits19[99] = {
    0x00,0x00,0x00,0x00,0x00,0x00,0x00,0x00,0x00,0x00,0x00,0x00,0x00,0x00,0x00,0x0F,
    0xE0,0x00,0x1F,0xF8,0x00,0x18,0x3C,0x00,0x00,0x1C,0x00,0x00,0x0C,0x00,0x00,0x0C,
    0x00,0x00,0x1C,0x00,0x00,0x3C,0x00,0x03,0xF0,0x00,0x03,0xF0,0x00,0x00,0x38,0x00,
    0x00,0x1C,0x00,0x00,0x0E,0x00,0x00,0x0E,0x00,0x00,0x0E,0x00,0x00,0x0E,0x00,0x00,
    0x0E,0x00,0x20,0x1C,0x00,0x38,0x3C,0x00,0x3F,0xF8,0x00,0x0F,0xE0,0x00,0x00,0x00,
    0x00,0x00,0x00,0x00,0x00,0x00,0x00,0x00,0x00,0x00,0x00,0x00,0x00,0x00,0x00,0x00,
    0x00,0x00,0x00,
};

static const uint8_t kAtlas5GlyphBits20[99] = {
    0x00,0x00,0x00,0x00,0x00,0x00,0x00,0x00,0x00,0x00,0x00,0x00,0x00,0x00,0x00,0x00,
    0x78,0x00,0x00,0x78,0x00,0x00,0xF8,0x00,0x01,0xF8,0x00,0x01,0xB8,0x00,0x03,0x38,
    0x00,0x03,0x38,0x00,0x06,0x38,0x00,0x0E,0x38,0x00,0x0C,0x38,0x00,0x18,0x38,0x00,
    0x18,0x38,0x00,0x30,0x38,0x00,0x70,0x38,0x00,0x7F,0xFF,0x00,0x7F,0xFF,0x00,0x00,
    0x38,0x00,0x00,0x38,0x00,0x00,0x38,0x00,0x00,0x38,0x00,0x00,0x38,0x00,0x00,0x00,
    0x00,0x00,0x00,0x00,0x00,0x00,0x00,0x00,0x00,0x00,0x00,0x00,0x00,0x00,0x00,0x00,
    0x00,0x00,0x00,
};

static const uint8_t kAtlas5GlyphBits21[99] = {
    0x00,0x00,0x00,0x00,0x00,0x00,0x00,0x00,0x00,0x00,0x00,0x00,0x00,0x00,0x00,0x1F,
    0xF8,0x00,0x1F,0xF8,0x00,0x18,0x00,0x00,0x18,0x00,0x00,0x18,0x00,0x00,0x18,0x00,
    0x00,0x18,0x00,0x00,0x1F,0xE0,0x00,0x1F,0xF0,0x00,0x18,0x78,0x00,0x00,0x1C,0x00,
    0x00,0x1C,0x00,0x00,0x0E,0x00,0x00,0x0E,0x00,0x00,0x0E,0x00,0x00,0x0C,0x00,0x00,
    0x1C,0x00,0x20,0x1C,0x00,0x38,0x78,0x00,0x3F,0xF0,0x00,0x1F,0xC0,0x00,0x00,0x00,
    0x00,0x00,0x00,0x00,0x00,0x00,0x00,0x00,0x00,0x00,0x00,0x00,0x00,0x00,0x00,0x00,
    0x00,0x00,0x00,
};

static const uint8_t kAtlas5GlyphBits22[99] = {
    0x00,0x00,0x00,0x00,0x00,0x00,0x00,0x00,0x00,0x00,0x00,0x00,0x00,0x00,0x00,0x01,
    0xF8,0x00,0x07,0xFC,0x00,0x0F,0x0C,0x00,0x1C,0x00,0x00,0x18,0x00,0x00,0x38,0x00,
    0x00,0x38,0x00,0x00,0x3B,0xF0,0x00,0x37,0xF8,0x00,0x3E,0x1C,0x00,0x3C,0x0C,0x00,
    0x38,0x0E,0x00,0x38,0x0E,0x00,0x38,0x0E,0x00,0x38,0x0E,0x00,0x38,0x0E,0x00,0x18,
    0x0E,0x00,0x1C,0x1C,0x00,0x0E,0x3C,0x00,0x0F,0xF8,0x00,0x03,0xE0,0x00,0x00,0x00,
    0x00,0x00,0x00,0x00,0x00,0x00,0x00,0x00,0x00,0x00,0x00,0x00,0x00,0x00,0x00,0x00,
    0x00,0x00,0x00,
};

static const uint8_t kAtlas5GlyphBits23[99] = {
    0x00,0x00,0x00,0x00,0x00,0x00,0x00,0x00,0x00,0x00,0x00,0x00,0x00,0x00,0x00,0x3F,
    0xFE,0x00,0x3F,0xFE,0x00,0x00,0x0C,0x00,0x00,0x1C,0x00,0x00,0x1C,0x00,0x00,0x38,
    0x00,0x00,0x38,0x00,0x00,0x30,0x00,0x00,0x70,0x00,0x00,0x70,0x00,0x00,0x60,0x00,
    0x00,0xE0,0x00,0x00,0xE0,0x00,0x01,0xC0,0x00,0x01,0xC0,0x00,0x01,0x80,0x00,0x03,
    0x80,0x00,0x03,0x80,0x00,0x03,0x00,0x00,0x07,0x00,0x00,0x07,0x00,0x00,0x00,0x00,
    0x00,0x00,0x00,0x00,0x00,0x00,0x00,0x00,0x00,0x00,0x00,0x00,0x00,0x00,0x00,0x00,
    0x00,0x00,0x00,
};

static const uint8_t kAtlas5GlyphBits24[99] = {
    0x00,0x00,0x00,0x00,0x00,0x00,0x00,0x00,0x00,0x00,0x00,0x00,0x00,0x00,0x00,0x07,
    0xE0,0x00,0x0F,0xF8,0x00,0x1E,0x3C,0x00,0x1C,0x1C,0x00,0x38,0x0E,0x00,0x38,0x0E,
    0x00,0x38,0x0C,0x00,0x18,0x1C,0x00,0x0E,0x38,0x00,0x07,0xF0,0x00,0x0F,0xF8,0x00,
    0x1C,0x1C,0x00,0x38,0x0E,0x00,0x38,0x0E,0x00,0x38,0x0E,0x00,0x38,0x0E,0x00,0x38,
    0x0E,0x00,0x38,0x0E,0x00,0x1E,0x3C,0x00,0x0F,0xF8,0x00,0x07,0xF0,0x00,0x00,0x00,
    0x00,0x00,0x00,0x00,0x00,0x00,0x00,0x00,0x00,0x00,0x00,0x00,0x00,0x00,0x00,0x00,
    0x00,0x00,0x00,
};

static const uint8_t kAtlas5GlyphBits25[99] = {
    0x00,0x00,0x00,0x00,0x00,0x00,0x00,0x00,0x00,0x00,0x00,0x00,0x00,0x00,0x00,0x07,
    0xE0,0x00,0x0F,0xF0,0x00,0x1C,0x38,0x00,0x38,0x1C,0x00,0x38,0x0C,0x00,0x38,0x0C,
    0x00,0x30,0x0E,0x00,0x30,0x0E,0x00,0x38,0x0E,0x00,0x38,0x0E,0x00,0x38,0x1E,0x00,
    0x1C,0x3E,0x00,0x0F,0xFE,0x00,0x07,0xCE,0x00,0x00,0x0E,0x00,0x00,0x0C,0x00,0x00,
    0x1C,0x00,0x00,0x1C,0x00,0x18,0x78,0x00,0x1F,0xF0,0x00,0x0F,0xC0,0x00,0x00,0x00,
    0x00,0x00,0x00,0x00,0x00,0x00,0x00,0x00,0x00,0x00,0x00,0x00,0x00,0x00,0x00,0x00,
    0x00,0x00,0x00,
};

static const uint8_t kAtlas5GlyphBits26[99] = {
    0x00,0x00,0x00,0x00,0x00,0x00,0x00,0x00,0x00,0x00,0x00,0x00,0x00,0x00,0x00,0x00,
    0x00,0x00,0x00,0x00,0x00,0x00,0x00,0x00,0x00,0x00,0x00,0x00,0x00,0x00,0x01,0xC0,
    0x00,0x03,0xE0,0x00,0x03,0xE0,0x00,0x03,0xE0,0x00,0x01,0xC0,0x00,0x00,0x00,0x00,
    0x00,0x00,0x00,0x00,0x00,0x00,0x00,0x00,0x00,0x00,0x00,0x00,0x01,0xC0,0x00,0x03,
    0xE0,0x00,0x03,0xE0,0x00,0x03,0xE0,0x00,0x01,0xC0,0x00,0x00,0x00,0x00,0x00,0x00,
    0x00,0x00,0x00,0x00,0x00,0x00,0x00,0x00,0x00,0x00,0x00,0x00,0x00,0x00,0x00,0x00,
    0x00,0x00,0x00,
};

static const uint8_t kAtlas5GlyphBits27[99] = {
    0x00,0x00,0x00,0x00,0x00,0x00,0x00,0x00,0x00,0x00,0x00,0x00,0x00,0x00,0x00,0x00,
    0x00,0x00,0x00,0x00,0x00,0x00,0x00,0x00,0x00,0x00,0x00,0x00,0x00,0x00,0x00,0x00,
    0x00,0x01,0xC0,0x00,0x03,0xE0,0x00,0x03,0xE0,0x00,0x03,0xE0,0x00,0x01,0xC0,0x00,
    0x00,0x00,0x00,0x00,0x00,0x00,0x00,0x00,0x00,0x00,0x00,0x00,0x00,0x00,0x00,0x00,
    0x00,0x00,0x01,0xC0,0x00,0x03,0xE0,0x00,0x03,0xE0,0x00,0x01,0xE0,0x00,0x00,0x60,
    0x00,0x00,0x60,0x00,0x00,0xE0,0x00,0x01,0xC0,0x00,0x07,0x80,0x00,0x03,0x00,0x00,
    0x00,0x00,0x00,
};

static const uint8_t kAtlas5GlyphBits28[99] = {
    0x00,0x00,0x00,0x00,0x00,0x00,0x00,0x00,0x00,0x00,0x00,0x00,0x00,0x00,0x00,0x00,
    0x00,0x00,0x00,0x00,0x00,0x00,0x00,0x00,0x00,0x00,0x00,0x00,0x00,0x00,0x00,0x01,
    0x00,0x00,0x0F,0x00,0x00,0x3F,0x00,0x01,0xF8,0x00,0x07,0xE0,0x00,0x3F,0x00,0x00,
    0x7C,0x00,0x00,0x78,0x00,0x00,0x3F,0x00,0x00,0x0F,0xC0,0x00,0x01,0xF8,0x00,0x00,
    0x7F,0x00,0x00,0x0F,0x00,0x00,0x03,0x00,0x00,0x00,0x00,0x00,0x00,0x00,0x00,0x00,
    0x00,0x00,0x00,0x00,0x00,0x00,0x00,0x00,0x00,0x00,0x00,0x00,0x00,0x00,0x00,0x00,
    0x00,0x00,0x00,
};

static const uint8_t kAtlas5GlyphBits29[99] = {
    0x00,0x00,0x00,0x00,0x00,0x00,0x00,0x00,0x00,0x00,0x00,0x00,0x00,0x00,0x00,0x00,
    0x00,0x00,0x00,0x00,0x00,0x00,0x00,0x00,0x00,0x00,0x00,0x00,0x00,0x00,0x00,0x00,
    0x00,0x00,0x00,0x00,0x00,0x00,0x00,0x7F,0xFF,0x00,0x7F,0xFF,0x00,0x00,0x00,0x00,
    0x00,0x00,0x00,0x00,0x00,0x00,0x00,0x00,0x00,0x7F,0xFF,0x00,0x7F,0xFF,0x00,0x00,
    0x00,0x00,0x00,0x00,0x00,0x00,0x00,0x00,0x00,0x00,0x00,0x00,0x00,0x00,0x00,0x00,
    0x00,0x00,0x00,0x00,0x00,0x00,0x00,0x00,0x00,0x00,0x00,0x00,0x00,0x00,0x00,0x00,
    0x00,0x00,0x00,
};

static const uint8_t kAtlas5GlyphBits30[99] = {
    0x00,0x00,0x00,0x00,0x00,0x00,0x00,0x00,0x00,0x00,0x00,0x00,0x00,0x00,0x00,0x00,
    0x00,0x00,0x00,0x00,0x00,0x00,0x00,0x00,0x00,0x00,0x00,0x00,0x00,0x00,0x40,0x00,
    0x00,0x78,0x00,0x00,0x7E,0x00,0x00,0x0F,0xC0,0x00,0x03,0xF0,0x00,0x00,0x7E,0x00,
    0x00,0x1F,0x00,0x00,0x0F,0x00,0x00,0x7E,0x00,0x03,0xF0,0x00,0x0F,0xC0,0x00,0x7F,
    0x00,0x00,0x78,0x00,0x00,0x60,0x00,0x00,0x00,0x00,0x00,0x00,0x00,0x00,0x00,0x00,
    0x00,0x00,0x00,0x00,0x00,0x00,0x00,0x00,0x00,0x00,0x00,0x00,0x00,0x00,0x00,0x00,
    0x00,0x00,0x00,
};

static const uint8_t kAtlas5GlyphBits31[99] = {
    0x00,0x00,0x00,0x00,0x00,0x00,0x00,0x00,0x00,0x00,0x00,0x00,0x00,0x00,0x00,0x03,
    0xE0,0x00,0x1F,0xF8,0x00,0x1C,0x3C,0x00,0x10,0x1C,0x00,0x00,0x1C,0x00,0x00,0x1C,
    0x00,0x00,0x1C,0x00,0x00,0x38,0x00,0x00,0x70,0x00,0x00,0xE0,0x00,0x01,0xC0,0x00,
    0x01,0xC0,0x00,0x01,0x80,0x00,0x01,0x80,0x00,0x00,0x00,0x00,0x00,0x00,0x00,0x00,
    0x00,0x00,0x01,0x80,0x00,0x03,0xC0,0x00,0x03,0xC0,0x00,0x01,0x80,0x00,0x00,0x00,
    0x00,0x00,0x00,0x00,0x00,0x00,0x00,0x00,0x00,0x00,0x00,0x00,0x00,0x00,0x00,0x00,
    0x00,0x00,0x00,
};

static const uint8_t kAtlas5GlyphBits32[99] = {
    0x00,0x00,0x00,0x00,0x00,0x00,0x00,0x00,0x00,0x00,0x00,0x00,0x00,0x00,0x00,0x00,
    0x00,0x00,0x01,0xF0,0x00,0x07,0xFC,0x00,0x0F,0x0E,0x00,0x1C,0x06,0x00,0x38,0x03,
    0x00,0x30,0x03,0x00,0x60,0x7B,0x00,0x61,0xFF,0x00,0x63,0xCF,0x00,0x63,0x03,0x00,
    0xC3,0x03,0x00,0xC3,0x03,0x00,0xC3,0x03,0x00,0xC3,0x03,0x00,0x63,0x03,0x00,0x63,
    0xCF,0x00,0x61,0xFF,0x00,0x70,0x7B,0x00,0x30,0x00,0x00,0x38,0x00,0x00,0x1C,0x00,
    0x00,0x0F,0x04,0x00,0x07,0xFC,0x00,0x00,0xFC,0x00,0x00,0x00,0x00,0x00,0x00,0x00,
    0x00,0x00,0x00,
};

static const uint8_t kAtlas5GlyphBits33[99] = {
    0x00,0x00,0x00,0x00,0x00,0x00,0x00,0x00,0x00,0x00,0x00,0x00,0x00,0x00,0x00,0x01,
    0xC0,0x00,0x03,0xE0,0x00,0x03,0xE0,0x00,0x03,0x60,0x00,0x07,0x60,0x00,0x07,0x70,
    0x00,0x06,0x30,0x00,0x06,0x30,0x00,0x0E,0x38,0x00,0x0C,0x38,0x00,0x0C,0x18,0x00,
    0x1C,0x1C,0x00,0x1C,0x1C,0x00,0x1F,0xFC,0x00,0x3F,0xFC,0x00,0x38,0x0E,0x00,0x38,
    0x0E,0x00,0x30,0x06,0x00,0x70,0x07,0x00,0x70,0x07,0x00,0xE0,0x07,0x00,0x00,0x00,
    0x00,0x00,0x00,0x00,0x00,0x00,0x00,0x00,0x00,0x00,0x00,0x00,0x00,0x00,0x00,0x00,
    0x00,0x00,0x00,
};

static const uint8_t kAtlas5GlyphBits34[99] = {
    0x00,0x00,0x00,0x00,0x00,0x00,0x00,0x00,0x00,0x00,0x00,0x00,0x00,0x00,0x00,0x3F,
    0xF0,0x00,0x3F,0xF8,0x00,0x38,0x3C,0x00,0x38,0x0E,0x00,0x38,0x0E,0x00,0x38,0x0E,
    0x00,0x38,0x0E,0x00,0x38,0x0C,0x00,0x38,0x3C,0x00,0x3F,0xF8,0x00,0x3F,0xF8,0x00,
    0x38,0x1C,0x00,0x38,0x0E,0x00,0x38,0x06,0x00,0x38,0x07,0x00,0x38,0x07,0x00,0x38,
    0x06,0x00,0x38,0x0E,0x00,0x38,0x1E,0x00,0x3F,0xFC,0x00,0x3F,0xF0,0x00,0x00,0x00,
    0x00,0x00,0x00,0x00,0x00,0x00,0x00,0x00,0x00,0x00,0x00,0x00,0x00,0x00,0x00,0x00,
    0x00,0x00,0x00,
};

static const uint8_t kAtlas5GlyphBits35[99] = {
    0x00,0x00,0x00,0x00,0x00,0x00,0x00,0x00,0x00,0x00,0x00,0x00,0x00,0x00,0x00,0x01,
    0xF8,0x00,0x07,0xFE,0x00,0x0F,0x0E,0x00,0x0E,0x02,0x00,0x1C,0x00,0x00,0x1C,0x00,
    0x00,0x38,0x00,0x00,0x38,0x00,0x00,0x38,0x00,0x00,0x38,0x00,0x00,0x38,0x00,0x00,
    0x38,0x00,0x00,0x38,0x00,0x00,0x38,0x00,0x00,0x38,0x00,0x00,0x1C,0x00,0x00,0x1C,
    0x00,0x00,0x0E,0x02,0x00,0x0F,0x0E,0x00,0x07,0xFE,0x00,0x01,0xF8,0x00,0x00,0x00,
    0x00,0x00,0x00,0x00,0x00,0x00,0x00,0x00,0x00,0x00,0x00,0x00,0x00,0x00,0x00,0x00,
    0x00,0x00,0x00,
};

static const uint8_t kAtlas5GlyphBits36[99] = {
    0x00,0x00,0x00,0x00,0x00,0x00,0x00,0x00,0x00,0x00,0x00,0x00,0x00,0x00,0x00,0x3F,
    0xC0,0x00,0x3F,0xF0,0x00,0x38,0x78,0x00,0x38,0x3C,0x00,0x38,0x1C,0x00,0x38,0x0C,
    0x00,0x38,0x0E,0x00,0x38,0x0E,0x00,0x38,0x0E,0x00,0x38,0x0E,0x00,0x38,0x0E,0x00,
    0x38,0x0E,0x00,0x38,0x0E,0x00,0x38,0x0E,0x00,0x38,0x0E,0x00,0x38,0x0C,0x00,0x38,
    0x1C,0x00,0x38,0x3C,0x00,0x38,0x78,0x00,0x3F,0xF0,0x00,0x3F,0xC0,0x00,0x00,0x00,
    0x00,0x00,0x00,0x00,0x00,0x00,0x00,0x00,0x00,0x00,0x00,0x00,0x00,0x00,0x00,0x00,
    0x00,0x00,0x00,
};

static const uint8_t kAtlas5GlyphBits37[99] = {
    0x00,0x00,0x00,0x00,0x00,0x00,0x00,0x00,0x00,0x00,0x00,0x00,0x00,0x00,0x00,0x1F,
    0xFE,0x00,0x1F,0xFE,0x00,0x18,0x00,0x00,0x18,0x00,0x00,0x18,0x00,0x00,0x18,0x00,
    0x00,0x18,0x00,0x00,0x18,0x00,0x00,0x18,0x00,0x00,0x1F,0xFC,0x00,0x1F,0xFC,0x00,
    0x18,0x00,0x00,0x18,0x00,0x00,0x18,0x00,0x00,0x18,0x00,0x00,0x18,0x00,0x00,0x18,
    0x00,0x00,0x18,0x00,0x00,0x18,0x00,0x00,0x1F,0xFE,0x00,0x1F,0xFE,0x00,0x00,0x00,
    0x00,0x00,0x00,0x00,0x00,0x00,0x00,0x00,0x00,0x00,0x00,0x00,0x00,0x00,0x00,0x00,
    0x00,0x00,0x00,
};

static const uint8_t kAtlas5GlyphBits38[99] = {
    0x00,0x00,0x00,0x00,0x00,0x00,0x00,0x00,0x00,0x00,0x00,0x00,0x00,0x00,0x00,0x1F,
    0xFE,0x00,0x1F,0xFE,0x00,0x1C,0x00,0x00,0x1C,0x00,0x00,0x1C,0x00,0x00,0x1C,0x00,
    0x00,0x1C,0x00,0x00,0x1C,0x00,0x00,0x1C,0x00,0x00,0x1F,0xFC,0x00,0x1F,0xFC,0x00,
    0x1C,0x00,0x00,0x1C,0x00,0x00,0x1C,0x00,0x00,0x1C,0x00,0x00,0x1C,0x00,0x00,0x1C,
    0x00,0x00,0x1C,0x00,0x00,0x1C,0x00,0x00,0x1C,0x00,0x00,0x1C,0x00,0x00,0x00,0x00,
    0x00,0x00,0x00,0x00,0x00,0x00,0x00,0x00,0x00,0x00,0x00,0x00,0x00,0x00,0x00,0x00,
    0x00,0x00,0x00,
};

static const uint8_t kAtlas5GlyphBits39[99] = {
    0x00,0x00,0x00,0x00,0x00,0x00,0x00,0x00,0x00,0x00,0x00,0x00,0x00,0x00,0x00,0x01,
    0xF8,0x00,0x07,0xFC,0x00,0x0F,0x0C,0x00,0x1C,0x04,0x00,0x18,0x00,0x00,0x38,0x00,
    0x00,0x38,0x00,0x00,0x30,0x00,0x00,0x70,0x00,0x00,0x70,0x00,0x00,0x70,0x7E,0x00,
    0x70,0x7E,0x00,0x70,0x0E,0x00,0x30,0x0E,0x00,0x38,0x0E,0x00,0x38,0x0E,0x00,0x18,
    0x0E,0x00,0x1C,0x0E,0x00,0x0F,0x1E,0x00,0x07,0xFC,0x00,0x01,0xF8,0x00,0x00,0x00,
    0x00,0x00,0x00,0x00,0x00,0x00,0x00,0x00,0x00,0x00,0x00,0x00,0x00,0x00,0x00,0x00,
    0x00,0x00,0x00,
};

static const uint8_t kAtlas5GlyphBits40[99] = {
    0x00,0x00,0x00,0x00,0x00,0x00,0x00,0x00,0x00,0x00,0x00,0x00,0x00,0x00,0x00,0x38,
    0x0E,0x00,0x38,0x0E,0x00,0x38,0x0E,0x00,0x38,0x0E,0x00,0x38,0x0E,0x00,0x38,0x0E,
    0x00,0x38,0x0E,0x00,0x38,0x0E,0x00,0x38,0x0E,0x00,0x3F,0xFE,0x00,0x3F,0xFE,0x00,
    0x38,0x0E,0x00,0x38,0x0E,0x00,0x38,0x0E,0x00,0x38,0x0E,0x00,0x38,0x0E,0x00,0x38,
    0x0E,0x00,0x38,0x0E,0x00,0x38,0x0E,0x00,0x38,0x0E,0x00,0x38,0x0E,0x00,0x00,0x00,
    0x00,0x00,0x00,0x00,0x00,0x00,0x00,0x00,0x00,0x00,0x00,0x00,0x00,0x00,0x00,0x00,
    0x00,0x00,0x00,
};

static const uint8_t kAtlas5GlyphBits41[99] = {
    0x00,0x00,0x00,0x00,0x00,0x00,0x00,0x00,0x00,0x00,0x00,0x00,0x00,0x00,0x00,0x1F,
    0xFC,0x00,0x1F,0xFC,0x00,0x01,0xC0,0x00,0x01,0xC0,0x00,0x01,0xC0,0x00,0x01,0xC0,
    0x00,0x01,0xC0,0x00,0x01,0xC0,0x00,0x01,0xC0,0x00,0x01,0xC0,0x00,0x01,0xC0,0x00,
    0x01,0xC0,0x00,0x01,0xC0,0x00,0x01,0xC0,0x00,0x01,0xC0,0x00,0x01,0xC0,0x00,0x01,
    0xC0,0x00,0x01,0xC0,0x00,0x01,0xC0,0x00,0x1F,0xFC,0x00,0x1F,0xFC,0x00,0x00,0x00,
    0x00,0x00,0x00,0x00,0x00,0x00,0x00,0x00,0x00,0x00,0x00,0x00,0x00,0x00,0x00,0x00,
    0x00,0x00,0x00,
};

static const uint8_t kAtlas5GlyphBits42[99] = {
    0x00,0x00,0x00,0x00,0x00,0x00,0x00,0x00,0x00,0x00,0x00,0x00,0x00,0x00,0x00,0x07,
    0xF8,0x00,0x07,0xF8,0x00,0x00,0x38,0x00,0x00,0x38,0x00,0x00,0x38,0x00,0x00,0x38,
    0x00,0x00,0x38,0x00,0x00,0x38,0x00,0x00,0x38,0x00,0x00,0x38,0x00,0x00,0x38,0x00,
    0x00,0x38,0x00,0x00,0x38,0x00,0x00,0x38,0x00,0x00,0x38,0x00,0x00,0x38,0x00,0x00,
    0x38,0x00,0x60,0x38,0x00,0x78,0x70,0x00,0x7F,0xF0,0x00,0x1F,0xC0,0x00,0x00,0x00,
    0x00,0x00,0x00,0x00,0x00,0x00,0x00,0x00,0x00,0x00,0x00,0x00,0x00,0x00,0x00,0x00,
    0x00,0x00,0x00,
};

static const uint8_t kAtlas5GlyphBits43[99] = {
    0x00,0x00,0x00,0x00,0x00,0x00,0x00,0x00,0x00,0x00,0x00,0x00,0x00,0x00,0x00,0x38,
    0x07,0x80,0x38,0x0E,0x00,0x38,0x1C,0x00,0x38,0x38,0x00,0x38,0x70,0x00,0x38,0xE0,
    0x00,0x39,0xE0,0x00,0x3B,0xC0,0x00,0x3B,0x80,0x00,0x3F,0x80,0x00,0x3F,0xC0,0x00,
    0x3D,0xC0,0x00,0x38,0xE0,0x00,0x38,0x70,0x00,0x38,0x70,0x00,0x38,0x38,0x00,0x38,
    0x1C,0x00,0x38,0x1C,0x00,0x38,0x0E,0x00,0x38,0x0F,0x00,0x38,0x07,0x80,0x00,0x00,
    0x00,0x00,0x00,0x00,0x00,0x00,0x00,0x00,0x00,0x00,0x00,0x00,0x00,0x00,0x00,0x00,
    0x00,0x00,0x00,
};

static const uint8_t kAtlas5GlyphBits44[99] = {
    0x00,0x00,0x00,0x00,0x00,0x00,0x00,0x00,0x00,0x00,0x00,0x00,0x00,0x00,0x00,0x1C,
    0x00,0x00,0x1C,0x00,0x00,0x1C,0x00,0x00,0x1C,0x00,0x00,0x1C,0x00,0x00,0x1C,0x00,
    0x00,0x1C,0x00,0x00,0x1C,0x00,0x00,0x1C,0x00,0x00,0x1C,0x00,0x00,0x1C,0x00,0x00,
    0x1C,0x00,0x00,0x1C,0x00,0x00,0x1C,0x00,0x00,0x1C,0x00,0x00,0x1C,0x00,0x00,0x1C,
    0x00,0x00,0x1C,0x00,0x00,0x1C,0x00,0x00,0x1F,0xFF,0x00,0x1F,0xFF,0x00,0x00,0x00,
    0x00,0x00,0x00,0x00,0x00,0x00,0x00,0x00,0x00,0x00,0x00,0x00,0x00,0x00,0x00,0x00,
    0x00,0x00,0x00,
};

static const uint8_t kAtlas5GlyphBits45[99] = {
    0x00,0x00,0x00,0x00,0x00,0x00,0x00,0x00,0x00,0x00,0x00,0x00,0x00,0x00,0x00,0x78,
    0x0F,0x00,0x78,0x1F,0x00,0x7C,0x1F,0x00,0x7C,0x1F,0x00,0x7C,0x37,0x00,0x76,0x37,
    0x00,0x76,0x37,0x00,0x76,0x67,0x00,0x73,0x67,0x00,0x73,0x67,0x00,0x73,0xC7,0x00,
    0x71,0xC7,0x00,0x71,0xC7,0x00,0x71,0x87,0x00,0x70,0x07,0x00,0x70,0x07,0x00,0x70,
    0x07,0x00,0x70,0x07,0x00,0x70,0x07,0x00,0x70,0x07,0x00,0x70,0x07,0x00,0x00,0x00,
    0x00,0x00,0x00,0x00,0x00,0x00,0x00,0x00,0x00,0x00,0x00,0x00,0x00,0x00,0x00,0x00,
    0x00,0x00,0x00,
};

static const uint8_t kAtlas5GlyphBits46[99] = {
    0x00,0x00,0x00,0x00,0x00,0x00,0x00,0x00,0x00,0x00,0x00,0x00,0x00,0x00,0x00,0x3C,
    0x0E,0x00,0x3C,0x0E,0x00,0x3C,0x0E,0x00,0x3E,0x0E,0x00,0x3E,0x0E,0x00,0x3F,0x0E,
    0x00,0x3B,0x0E,0x00,0x3B,0x0E,0x00,0x3B,0x8E,0x00,0x39,0x8E,0x00,0x39,0xCE,0x00,
    0x38,0xCE,0x00,0x38,0xCE,0x00,0x38,0xEE,0x00,0x38,0x6E,0x00,0x38,0x7E,0x00,0x38,
    0x3E,0x00,0x38,0x3E,0x00,0x38,0x3E,0x00,0x38,0x1E,0x00,0x38,0x1E,0x00,0x00,0x00,
    0x00,0x00,0x00,0x00,0x00,0x00,0x00,0x00,0x00,0x00,0x00,0x00,0x00,0x00,0x00,0x00,
    0x00,0x00,0x00,
};

static const uint8_t kAtlas5GlyphBits47[99] = {
    0x00,0x00,0x00,0x00,0x00,0x00,0x00,0x00,0x00,0x00,0x00,0x00,0x00,0x00,0x00,0x03,
    0xE0,0x00,0x0F,0xF8,0x00,0x1E,0x3C,0x00,0x1C,0x1C,0x00,0x38,0x0C,0x00,0x38,0x0E,
    0x00,0x38,0x0E,0x00,0x38,0x0E,0x00,0x38,0x0E,0x00,0x30,0x0E,0x00,0x30,0x0E,0x00,
    0x30,0x0E,0x00,0x38,0x0E,0x00,0x38,0x0E,0x00,0x38,0x0E,0x00,0x38,0x0E,0x00,0x38,
    0x0C,0x00,0x1C,0x1C,0x00,0x1E,0x3C,0x00,0x0F,0xF8,0x00,0x03,0xE0,0x00,0x00,0x00,
    0x00,0x00,0x00,0x00,0x00,0x00,0x00,0x00,0x00,0x00,0x00,0x00,0x00,0x00,0x00,0x00,
    0x00,0x00,0x00,
};

static const uint8_t kAtlas5GlyphBits48[99] = {
    0x00,0x00,0x00,0x00,0x00,0x00,0x00,0x00,0x00,0x00,0x00,0x00,0x00,0x00,0x00,0x3F,
    0xF0,0x00,0x3F,0xF8,0x00,0x38,0x3C,0x00,0x38,0x0E,0x00,0x38,0x0E,0x00,0x38,0x0E,
    0x00,0x38,0x0E,0x00,0x38,0x0E,0x00,0x38,0x0E,0x00,0x38,0x1C,0x00,0x3F,0xFC,0x00,
    0x3F,0xF0,0x00,0x38,0x00,0x00,0x38,0x00,0x00,0x38,0x00,0x00,0x38,0x00,0x00,0x38,
    0x00,0x00,0x38,0x00,0x00,0x38,0x00,0x00,0x38,0x00,0x00,0x38,0x00,0x00,0x00,0x00,
    0x00,0x00,0x00,0x00,0x00,0x00,0x00,0x00,0x00,0x00,0x00,0x00,0x00,0x00,0x00,0x00,
    0x00,0x00,0x00,
};

static const uint8_t kAtlas5GlyphBits49[99] = {
    0x00,0x00,0x00,0x00,0x00,0x00,0x00,0x00,0x00,0x00,0x00,0x00,0x00,0x00,0x00,0x03,
    0xE0,0x00,0x0F,0xF8,0x00,0x1E,0x3C,0x00,0x1C,0x1C,0x00,0x38,0x0C,0x00,0x38,0x0E,
    0x00,0x38,0x0E,0x00,0x38,0x0E,0x00,0x38,0x0E,0x00,0x30,0x0E,0x00,0x30,0x0E,0x00,
    0x30,0x0E,0x00,0x38,0x0E,0x00,0x38,0x0E,0x00,0x38,0x0E,0x00,0x38,0x0E,0x00,0x38,
    0x0C,0x00,0x1C,0x1C,0x00,0x1E,0x3C,0x00,0x0F,0xF8,0x00,0x03,0xF0,0x00,0x00,0x78,
    0x00,0x00,0x3C,0x00,0x00,0x1E,0x00,0x00,0x0F,0x00,0x00,0x00,0x00,0x00,0x00,0x00,
    0x00,0x00,0x00,
};

static const uint8_t kAtlas5GlyphBits50[99] = {
    0x00,0x00,0x00,0x00,0x00,0x00,0x00,0x00,0x00,0x00,0x00,0x00,0x00,0x00,0x00,0x3F,
    0xE0,0x00,0x3F,0xF8,0x00,0x38,0x3C,0x00,0x38,0x1C,0x00,0x38,0x1C,0x00,0x38,0x0E,
    0x00,0x38,0x0E,0x00,0x38,0x0C,0x00,0x38,0x1C,0x00,0x38,0x3C,0x00,0x3F,0xF0,0x00,
    0x3F,0xE0,0x00,0x38,0x70,0x00,0x38,0x38,0x00,0x38,0x1C,0x00,0x38,0x1C,0x00,0x38,
    0x0E,0x00,0x38,0x0E,0x00,0x38,0x07,0x00,0x38,0x07,0x00,0x38,0x03,0x80,0x00,0x00,
    0x00,0x00,0x00,0x00,0x00,0x00,0x00,0x00,0x00,0x00,0x00,0x00,0x00,0x00,0x00,0x00,
    0x00,0x00,0x00,
};

static const uint8_t kAtlas5GlyphBits51[99] = {
    0x00,0x00,0x00,0x00,0x00,0x00,0x00,0x00,0x00,0x00,0x00,0x00,0x00,0x00,0x00,0x03,
    0xF0,0x00,0x0F,0xFC,0x00,0x1E,0x1C,0x00,0x38,0x04,0x00,0x38,0x00,0x00,0x38,0x00,
    0x00,0x38,0x00,0x00,0x38,0x00,0x00,0x3E,0x00,0x00,0x1F,0xE0,0x00,0x07,0xF8,0x00,
    0x00,0xFC,0x00,0x00,0x1E,0x00,0x00,0x0E,0x00,0x00,0x0E,0x00,0x00,0x0E,0x00,0x00,
    0x0E,0x00,0x20,0x0E,0x00,0x3C,0x3C,0x00,0x3F,0xF8,0x00,0x0F,0xE0,0x00,0x00,0x00,
    0x00,0x00,0x00,0x00,0x00,0x00,0x00,0x00,0x00,0x00,0x00,0x00,0x00,0x00,0x00,0x00,
    0x00,0x00,0x00,
};

static const uint8_t kAtlas5GlyphBits52[99] = {
    0x00,0x00,0x00,0x00,0x00,0x00,0x00,0x00,0x00,0x00,0x00,0x00,0x00,0x00,0x00,0x7F,
    0xFF,0x00,0x7F,0xFF,0x00,0x01,0xC0,0x00,0x01,0xC0,0x00,0x01,0xC0,0x00,0x01,0xC0,
    0x00,0x01,0xC0,0x00,0x01,0xC0,0x00,0x01,0xC0,0x00,0x01,0xC0,0x00,0x01,0xC0,0x00,
    0x01,0xC0,0x00,0x01,0xC0,0x00,0x01,0xC0,0x00,0x01,0xC0,0x00,0x01,0xC0,0x00,0x01,
    0xC0,0x00,0x01,0xC0,0x00,0x01,0xC0,0x00,0x01,0xC0,0x00,0x01,0xC0,0x00,0x00,0x00,
    0x00,0x00,0x00,0x00,0x00,0x00,0x00,0x00,0x00,0x00,0x00,0x00,0x00,0x00,0x00,0x00,
    0x00,0x00,0x00,
};

static const uint8_t kAtlas5GlyphBits53[99] = {
    0x00,0x00,0x00,0x00,0x00,0x00,0x00,0x00,0x00,0x00,0x00,0x00,0x00,0x00,0x00,0x38,
    0x0E,0x00,0x38,0x0E,0x00,0x38,0x0E,0x00,0x38,0x0E,0x00,0x38,0x0E,0x00,0x38,0x0E,
    0x00,0x38,0x0E,0x00,0x38,0x0E,0x00,0x38,0x0E,0x00,0x38,0x0E,0x00,0x38,0x0E,0x00,
    0x38,0x0E,0x00,0x38,0x0E,0x00,0x38,0x0E,0x00,0x38,0x0E,0x00,0x38,0x0E,0x00,0x38,
    0x0E,0x00,0x18,0x0C,0x00,0x1E,0x3C,0x00,0x0F,0xF8,0x00,0x03,0xE0,0x00,0x00,0x00,
    0x00,0x00,0x00,0x00,0x00,0x00,0x00,0x00,0x00,0x00,0x00,0x00,0x00,0x00,0x00,0x00,
    0x00,0x00,0x00,
};

static const uint8_t kAtlas5GlyphBits54[99] = {
    0x00,0x00,0x00,0x00,0x00,0x00,0x00,0x00,0x00,0x00,0x00,0x00,0x00,0x00,0x00,0x70,
    0x07,0x00,0x70,0x07,0x00,0x70,0x06,0x00,0x38,0x0E,0x00,0x38,0x0E,0x00,0x38,0x0E,
    0x00,0x18,0x0C,0x00,0x1C,0x1C,0x00,0x1C,0x1C,0x00,0x1C,0x18,0x00,0x0C,0x18,0x00,
    0x0E,0x38,0x00,0x0E,0x38,0x00,0x06,0x30,0x00,0x06,0x70,0x00,0x07,0x70,0x00,0x07,
    0x60,0x00,0x03,0x60,0x00,0x03,0xE0,0x00,0x03,0xE0,0x00,0x01,0xC0,0x00,0x00,0x00,
    0x00,0x00,0x00,0x00,0x00,0x00,0x00,0x00,0x00,0x00,0x00,0x00,0x00,0x00,0x00,0x00,
    0x00,0x00,0x00,
};

static const uint8_t kAtlas5GlyphBits55[99] = {
    0x00,0x00,0x00,0x00,0x00,0x00,0x00,0x00,0x00,0x00,0x00,0x00,0x00,0x00,0x00,0xE0,
    0x03,0x80,0xE0,0x03,0x80,0xE0,0x03,0x00,0x60,0x03,0x00,0x60,0x03,0x00,0x60,0x03,
    0x00,0x61,0xC7,0x00,0x71,0xC7,0x00,0x73,0xC7,0x00,0x73,0x66,0x00,0x33,0x66,0x00,
    0x33,0x66,0x00,0x33,0x66,0x00,0x36,0x26,0x00,0x36,0x36,0x00,0x36,0x3E,0x00,0x3E,
    0x3C,0x00,0x1C,0x3C,0x00,0x1C,0x1C,0x00,0x1C,0x1C,0x00,0x1C,0x1C,0x00,0x00,0x00,
    0x00,0x00,0x00,0x00,0x00,0x00,0x00,0x00,0x00,0x00,0x00,0x00,0x00,0x00,0x00,0x00,
    0x00,0x00,0x00,
};

static const uint8_t kAtlas5GlyphBits56[99] = {
    0x00,0x00,0x00,0x00,0x00,0x00,0x00,0x00,0x00,0x00,0x00,0x00,0x00,0x00,0x00,0x70,
    0x07,0x00,0x38,0x0E,0x00,0x1C,0x0E,0x00,0x1C,0x1C,0x00,0x0E,0x18,0x00,0x0E,0x38,
    0x00,0x07,0x70,0x00,0x03,0x70,0x00,0x03,0xE0,0x00,0x01,0xC0,0x00,0x01,0xC0,0x00,
    0x03,0xE0,0x00,0x07,0x70,0x00,0x07,0x70,0x00,0x0E,0x38,0x00,0x0E,0x18,0x00,0x1C,
    0x1C,0x00,0x38,0x0E,0x00,0x38,0x0E,0x00,0x70,0x07,0x00,0xF0,0x07,0x80,0x00,0x00,
    0x00,0x00,0x00,0x00,0x00,0x00,0x00,0x00,0x00,0x00,0x00,0x00,0x00,0x00,0x00,0x00,
    0x00,0x00,0x00,
};

static const uint8_t kAtlas5GlyphBits57[99] = {
    0x00,0x00,0x00,0x00,0x00,0x00,0x00,0x00,0x00,0x00,0x00,0x00,0x00,0x00,0x00,0xF0,
    0x07,0x00,0x70,0x07,0x00,0x38,0x0E,0x00,0x38,0x0C,0x00,0x1C,0x1C,0x00,0x0C,0x38,
    0x00,0x0E,0x38,0x00,0x06,0x70,0x00,0x07,0x70,0x00,0x03,0xE0,0x00,0x03,0xC0,0x00,
    0x01,0xC0,0x00,0x01,0xC0,0x00,0x01,0xC0,0x00,0x01,0xC0,0x00,0x01,0xC0,0x00,0x01,
    0xC0,0x00,0x01,0xC0,0x00,0x01,0xC0,0x00,0x01,0xC0,0x00,0x01,0xC0,0x00,0x00,0x00,
    0x00,0x00,0x00,0x00,0x00,0x00,0x00,0x00,0x00,0x00,0x00,0x00,0x00,0x00,0x00,0x00,
    0x00,0x00,0x00,
};

static const uint8_t kAtlas5GlyphBits58[99] = {
    0x00,0x00,0x00,0x00,0x00,0x00,0x00,0x00,0x00,0x00,0x00,0x00,0x00,0x00,0x00,0x3F,
    0xFE,0x00,0x3F,0xFE,0x00,0x00,0x0E,0x00,0x00,0x1C,0x00,0x00,0x38,0x00,0x00,0x38,
    0x00,0x00,0x70,0x00,0x00,0x70,0x00,0x00,0xE0,0x00,0x01,0xC0,0x00,0x01,0xC0,0x00,
    0x03,0x80,0x00,0x03,0x00,0x00,0x07,0x00,0x00,0x0E,0x00,0x00,0x0C,0x00,0x00,0x1C,
    0x00,0x00,0x38,0x00,0x00,0x38,0x00,0x00,0x7F,0xFE,0x00,0x7F,0xFE,0x00,0x00,0x00,
    0x00,0x00,0x00,0x00,0x00,0x00,0x00,0x00,0x00,0x00,0x00,0x00,0x00,0x00,0x00,0x00,
    0x00,0x00,0x00,
};

static const uint8_t kAtlas5GlyphBits59[99] = {
    0x00,0x00,0x00,0x00,0x00,0x00,0x00,0x00,0x00,0x0F,0xF8,0x00,0x0F,0xF8,0x00,0x0E,
    0x00,0x00,0x0E,0x00,0x00,0x0E,0x00,0x00,0x0E,0x00,0x00,0x0E,0x00,0x00,0x0E,0x00,
    0x00,0x0E,0x00,0x00,0x0E,0x00,0x00,0x0E,0x00,0x00,0x0E,0x00,0x00,0x0E,0x00,0x00,
    0x0E,0x00,0x00,0x0E,0x00,0x00,0x0E,0x00,0x00,0x0E,0x00,0x00,0x0E,0x00,0x00,0x0E,
    0x00,0x00,0x0E,0x00,0x00,0x0E,0x00,0x00,0x0E,0x00,0x00,0x0E,0x00,0x00,0x0E,0x00,
    0x00,0x0E,0x00,0x00,0x0F,0xF8,0x00,0x0F,0xF8,0x00,0x00,0x00,0x00,0x00,0x00,0x00,
    0x00,0x00,0x00,
};

static const uint8_t kAtlas5GlyphBits60[99] = {
    0x00,0x00,0x00,0x00,0x00,0x00,0x00,0x00,0x00,0x00,0x00,0x00,0x00,0x00,0x00,0x38,
    0x00,0x00,0x38,0x00,0x00,0x1C,0x00,0x00,0x1C,0x00,0x00,0x0C,0x00,0x00,0x0E,0x00,
    0x00,0x06,0x00,0x00,0x07,0x00,0x00,0x03,0x00,0x00,0x03,0x80,0x00,0x01,0x80,0x00,
    0x01,0xC0,0x00,0x01,0xC0,0x00,0x00,0xE0,0x00,0x00,0xE0,0x00,0x00,0x60,0x00,0x00,
    0x70,0x00,0x00,0x30,0x00,0x00,0x38,0x00,0x00,0x18,0x00,0x00,0x1C,0x00,0x00,0x0C,
    0x00,0x00,0x0E,0x00,0x00,0x00,0x00,0x00,0x00,0x00,0x00,0x00,0x00,0x00,0x00,0x00,
    0x00,0x00,0x00,
};

static const uint8_t kAtlas5GlyphBits61[99] = {
    0x00,0x00,0x00,0x00,0x00,0x00,0x00,0x00,0x00,0x0F,0xF0,0x00,0x0F,0xF0,0x00,0x00,
    0x30,0x00,0x00,0x30,0x00,0x00,0x30,0x00,0x00,0x30,0x00,0x00,0x30,0x00,0x00,0x30,
    0x00,0x00,0x30,0x00,0x00,0x30,0x00,0x00,0x30,0x00,0x00,0x30,0x00,0x00,0x30,0x00,
    0x00,0x30,0x00,0x00,0x30,0x00,0x00,0x30,0x00,0x00,0x30,0x00,0x00,0x30,0x00,0x00,
    0x30,0x00,0x00,0x30,0x00,0x00,0x30,0x00,0x00,0x30,0x00,0x00,0x30,0x00,0x00,0x30,
    0x00,0x00,0x30,0x00,0x0F,0xF0,0x00,0x0F,0xF0,0x00,0x00,0x00,0x00,0x00,0x00,0x00,
    0x00,0x00,0x00,
};

static const uint8_t kAtlas5GlyphBits62[99] = {
    0x00,0x00,0x00,0x00,0x00,0x00,0x00,0x00,0x00,0x00,0x00,0x00,0x00,0x00,0x00,0x01,
    0xC0,0x00,0x03,0xE0,0x00,0x07,0x70,0x00,0x0E,0x70,0x00,0x0E,0x38,0x00,0x1C,0x1C,
    0x00,0x38,0x0E,0x00,0x70,0x07,0x00,0x00,0x00,0x00,0x00,0x00,0x00,0x00,0x00,0x00,
    0x00,0x00,0x00,0x00,0x00,0x00,0x00,0x00,0x00,0x00,0x00,0x00,0x00,0x00,0x00,0x00,
    0x00,0x00,0x00,0x00,0x00,0x00,0x00,0x00,0x00,0x00,0x00,0x00,0x00,0x00,0x00,0x00,
    0x00,0x00,0x00,0x00,0x00,0x00,0x00,0x00,0x00,0x00,0x00,0x00,0x00,0x00,0x00,0x00,
    0x00,0x00,0x00,
};

static const uint8_t kAtlas5GlyphBits63[99] = {
    0x00,0x00,0x00,0x00,0x00,0x00,0x00,0x00,0x00,0x00,0x00,0x00,0x00,0x00,0x00,0x00,
    0x00,0x00,0x00,0x00,0x00,0x00,0x00,0x00,0x00,0x00,0x00,0x00,0x00,0x00,0x00,0x00,
    0x00,0x00,0x00,0x00,0x00,0x00,0x00,0x00,0x00,0x00,0x00,0x00,0x00,0x00,0x00,0x00,
    0x00,0x00,0x00,0x00,0x00,0x00,0x00,0x00,0x00,0x00,0x00,0x00,0x00,0x00,0x00,0x00,
    0x00,0x00,0x00,0x00,0x00,0x00,0x00,0x00,0x00,0x00,0x00,0x00,0x00,0x00,0x00,0x00,
    0x00,0x00,0x00,0x00,0x7F,0xFF,0x00,0x7F,0xFF,0x00,0x00,0x00,0x00,0x00,0x00,0x00,
    0x00,0x00,0x00,
};

static const uint8_t kAtlas5GlyphBits64[99] = {
    0x00,0x00,0x00,0x00,0x00,0x00,0x0E,0x00,0x00,0x06,0x00,0x00,0x07,0x00,0x00,0x03,
    0x80,0x00,0x01,0x80,0x00,0x00,0xC0,0x00,0x00,0x00,0x00,0x00,0x00,0x00,0x00,0x00,
    0x00,0x00,0x00,0x00,0x00,0x00,0x00,0x00,0x00,0x00,0x00,0x00,0x00,0x00,0x00,0x00,
    0x00,0x00,0x00,0x00,0x00,0x00,0x00,0x00,0x00,0x00,0x00,0x00,0x00,0x00,0x00,0x00,
    0x00,0x00,0x00,0x00,0x00,0x00,0x00,0x00,0x00,0x00,0x00,0x00,0x00,0x00,0x00,0x00,
    0x00,0x00,0x00,0x00,0x00,0x00,0x00,0x00,0x00,0x00,0x00,0x00,0x00,0x00,0x00,0x00,
    0x00,0x00,0x00,
};

static const uint8_t kAtlas5GlyphBits65[99] = {
    0x00,0x00,0x00,0x00,0x00,0x00,0x00,0x00,0x00,0x00,0x00,0x00,0x00,0x00,0x00,0x00,
    0x00,0x00,0x00,0x00,0x00,0x00,0x00,0x00,0x00,0x00,0x00,0x00,0x00,0x00,0x07,0xE0,
    0x00,0x1F,0xF8,0x00,0x1C,0x3C,0x00,0x10,0x0C,0x00,0x00,0x0C,0x00,0x00,0x0C,0x00,
    0x07,0xFE,0x00,0x1F,0xFE,0x00,0x3C,0x0E,0x00,0x38,0x0E,0x00,0x30,0x0E,0x00,0x30,
    0x1E,0x00,0x38,0x1E,0x00,0x3C,0x7E,0x00,0x1F,0xEE,0x00,0x07,0xC6,0x00,0x00,0x00,
    0x00,0x00,0x00,0x00,0x00,0x00,0x00,0x00,0x00,0x00,0x00,0x00,0x00,0x00,0x00,0x00,
    0x00,0x00,0x00,
};

static const uint8_t kAtlas5GlyphBits66[99] = {
    0x00,0x00,0x00,0x00,0x00,0x00,0x00,0x00,0x00,0x00,0x00,0x00,0x18,0x00,0x00,0x18,
    0x00,0x00,0x18,0x00,0x00,0x18,0x00,0x00,0x18,0x00,0x00,0x18,0x00,0x00,0x19,0xF0,
    0x00,0x1B,0xF8,0x00,0x1E,0x3C,0x00,0x1C,0x0C,0x00,0x1C,0x0E,0x00,0x18,0x0E,0x00,
    0x18,0x0E,0x00,0x18,0x06,0x00,0x18,0x06,0x00,0x18,0x0E,0x00,0x18,0x0E,0x00,0x1C,
    0x0E,0x00,0x1C,0x0C,0x00,0x1E,0x3C,0x00,0x1B,0xF8,0x00,0x19,0xF0,0x00,0x00,0x00,
    0x00,0x00,0x00,0x00,0x00,0x00,0x00,0x00,0x00,0x00,0x00,0x00,0x00,0x00,0x00,0x00,
    0x00,0x00,0x00,
};

static const uint8_t kAtlas5GlyphBits67[99] = {
    0x00,0x00,0x00,0x00,0x00,0x00,0x00,0x00,0x00,0x00,0x00,0x00,0x00,0x00,0x00,0x00,
    0x00,0x00,0x00,0x00,0x00,0x00,0x00,0x00,0x00,0x00,0x00,0x00,0x00,0x00,0x01,0xF8,
    0x00,0x07,0xFC,0x00,0x0F,0x0C,0x00,0x1C,0x04,0x00,0x1C,0x00,0x00,0x18,0x00,0x00,
    0x38,0x00,0x00,0x38,0x00,0x00,0x38,0x00,0x00,0x38,0x00,0x00,0x18,0x00,0x00,0x1C,
    0x00,0x00,0x1C,0x04,0x00,0x0F,0x0C,0x00,0x07,0xFC,0x00,0x01,0xF8,0x00,0x00,0x00,
    0x00,0x00,0x00,0x00,0x00,0x00,0x00,0x00,0x00,0x00,0x00,0x00,0x00,0x00,0x00,0x00,
    0x00,0x00,0x00,
};

static const uint8_t kAtlas5GlyphBits68[99] = {
    0x00,0x00,0x00,0x00,0x00,0x00,0x00,0x00,0x00,0x00,0x00,0x00,0x00,0x0C,0x00,0x00,
    0x0C,0x00,0x00,0x0C,0x00,0x00,0x0C,0x00,0x00,0x0C,0x00,0x00,0x0C,0x00,0x07,0xCC,
    0x00,0x0F,0xEC,0x00,0x1C,0x3C,0x00,0x38,0x1C,0x00,0x38,0x1C,0x00,0x38,0x1C,0x00,
    0x30,0x0C,0x00,0x30,0x0C,0x00,0x30,0x0C,0x00,0x30,0x0C,0x00,0x38,0x1C,0x00,0x38,
    0x1C,0x00,0x18,0x1C,0x00,0x1C,0x3C,0x00,0x0F,0xEC,0x00,0x07,0xCC,0x00,0x00,0x00,
    0x00,0x00,0x00,0x00,0x00,0x00,0x00,0x00,0x00,0x00,0x00,0x00,0x00,0x00,0x00,0x00,
    0x00,0x00,0x00,
};

static const uint8_t kAtlas5GlyphBits69[99] = {
    0x00,0x00,0x00,0x00,0x00,0x00,0x00,0x00,0x00,0x00,0x00,0x00,0x00,0x00,0x00,0x00,
    0x00,0x00,0x00,0x00,0x00,0x00,0x00,0x00,0x00,0x00,0x00,0x00,0x00,0x00,0x03,0xF0,
    0x00,0x0F,0xF8,0x00,0x1E,0x1C,0x00,0x1C,0x0E,0x00,0x38,0x0E,0x00,0x38,0x06,0x00,
    0x3F,0xFE,0x00,0x3F,0xFE,0x00,0x30,0x00,0x00,0x30,0x00,0x00,0x38,0x00,0x00,0x38,
    0x00,0x00,0x1C,0x02,0x00,0x1E,0x0E,0x00,0x0F,0xFE,0x00,0x03,0xF8,0x00,0x00,0x00,
    0x00,0x00,0x00,0x00,0x00,0x00,0x00,0x00,0x00,0x00,0x00,0x00,0x00,0x00,0x00,0x00,
    0x00,0x00,0x00,
};

static const uint8_t kAtlas5GlyphBits70[99] = {
    0x00,0x00,0x00,0x00,0x00,0x00,0x00,0x00,0x00,0x00,0x00,0x00,0x00,0x7C,0x00,0x01,
    0xFC,0x00,0x01,0xC0,0x00,0x03,0x80,0x00,0x03,0x80,0x00,0x03,0x80,0x00,0x3F,0xFC,
    0x00,0x3F,0xFC,0x00,0x03,0x80,0x00,0x03,0x80,0x00,0x03,0x80,0x00,0x03,0x80,0x00,
    0x03,0x80,0x00,0x03,0x80,0x00,0x03,0x80,0x00,0x03,0x80,0x00,0x03,0x80,0x00,0x03,
    0x80,0x00,0x03,0x80,0x00,0x03,0x80,0x00,0x03,0x80,0x00,0x03,0x80,0x00,0x00,0x00,
    0x00,0x00,0x00,0x00,0x00,0x00,0x00,0x00,0x00,0x00,0x00,0x00,0x00,0x00,0x00,0x00,
    0x00,0x00,0x00,
};

static const uint8_t kAtlas5GlyphBits71[99] = {
    0x00,0x00,0x00,0x00,0x00,0x00,0x00,0x00,0x00,0x00,0x00,0x00,0x00,0x00,0x00,0x00,
    0x00,0x00,0x00,0x00,0x00,0x00,0x00,0x00,0x00,0x00,0x00,0x00,0x00,0x00,0x03,0xCE,
    0x00,0x0F,0xEE,0x00,0x1E,0x3E,0x00,0x1C,0x1E,0x00,0x18,0x0E,0x00,0x38,0x0E,0x00,
    0x38,0x0E,0x00,0x38,0x0E,0x00,0x38,0x0E,0x00,0x38,0x0E,0x00,0x38,0x0E,0x00,0x18,
    0x0E,0x00,0x1C,0x1E,0x00,0x1E,0x3E,0x00,0x0F,0xEE,0x00,0x03,0xCE,0x00,0x00,0x0E,
    0x00,0x00,0x0C,0x00,0x00,0x1C,0x00,0x0C,0x38,0x00,0x0F,0xF8,0x00,0x07,0xE0,0x00,
    0x00,0x00,0x00,
};

static const uint8_t kAtlas5GlyphBits72[99] = {
    0x00,0x00,0x00,0x00,0x00,0x00,0x00,0x00,0x00,0x00,0x00,0x00,0x18,0x00,0x00,0x18,
    0x00,0x00,0x18,0x00,0x00,0x18,0x00,0x00,0x18,0x00,0x00,0x18,0x00,0x00,0x19,0xF0,
    0x00,0x1B,0xF8,0x00,0x1E,0x3C,0x00,0x1C,0x1C,0x00,0x1C,0x0C,0x00,0x18,0x0C,0x00,
    0x18,0x0C,0x00,0x18,0x0C,0x00,0x18,0x0C,0x00,0x18,0x0C,0x00,0x18,0x0C,0x00,0x18,
    0x0C,0x00,0x18,0x0C,0x00,0x18,0x0C,0x00,0x18,0x0C,0x00,0x18,0x0C,0x00,0x00,0x00,
    0x00,0x00,0x00,0x00,0x00,0x00,0x00,0x00,0x00,0x00,0x00,0x00,0x00,0x00,0x00,0x00,
    0x00,0x00,0x00,
};

static const uint8_t kAtlas5GlyphBits73[99] = {
    0x00,0x00,0x00,0x00,0x00,0x00,0x00,0x00,0x00,0x00,0x00,0x00,0x01,0xC0,0x00,0x01,
    0xC0,0x00,0x01,0xC0,0x00,0x00,0x00,0x00,0x00,0x00,0x00,0x00,0x00,0x00,0x0F,0xC0,
    0x00,0x0F,0xC0,0x00,0x01,0xC0,0x00,0x01,0xC0,0x00,0x01,0xC0,0x00,0x01,0xC0,0x00,
    0x01,0xC0,0x00,0x01,0xC0,0x00,0x01,0xC0,0x00,0x01,0xC0,0x00,0x01,0xC0,0x00,0x01,
    0xC0,0x00,0x01,0xC0,0x00,0x00,0xE0,0x00,0x00,0xFE,0x00,0x00,0x7E,0x00,0x00,0x00,
    0x00,0x00,0x00,0x00,0x00,0x00,0x00,0x00,0x00,0x00,0x00,0x00,0x00,0x00,0x00,0x00,
    0x00,0x00,0x00,
};

static const uint8_t kAtlas5GlyphBits74[99] = {
    0x00,0x00,0x00,0x00,0x00,0x00,0x00,0x00,0x00,0x00,0x00,0x00,0x00,0xE0,0x00,0x00,
    0xE0,0x00,0x00,0xE0,0x00,0x00,0x00,0x00,0x00,0x00,0x00,0x00,0x00,0x00,0x07,0xE0,
    0x00,0x07,0xE0,0x00,0x00,0x60,0x00,0x00,0x60,0x00,0x00,0x60,0x00,0x00,0x60,0x00,
    0x00,0x60,0x00,0x00,0x60,0x00,0x00,0x60,0x00,0x00,0x60,0x00,0x00,0x60,0x00,0x00,
    0x60,0x00,0x00,0x60,0x00,0x00,0x60,0x00,0x00,0x60,0x00,0x00,0x60,0x00,0x00,0x60,
    0x00,0x00,0x60,0x00,0x00,0x60,0x00,0x00,0xE0,0x00,0x1F,0xC0,0x00,0x1F,0x80,0x00,
    0x00,0x00,0x00,
};

static const uint8_t kAtlas5GlyphBits75[99] = {
    0x00,0x00,0x00,0x00,0x00,0x00,0x00,0x00,0x00,0x00,0x00,0x00,0x1C,0x00,0x00,0x1C,
    0x00,0x00,0x1C,0x00,0x00,0x1C,0x00,0x00,0x1C,0x00,0x00,0x1C,0x00,0x00,0x1C,0x0E,
    0x00,0x1C,0x1C,0x00,0x1C,0x38,0x00,0x1C,0x70,0x00,0x1C,0xE0,0x00,0x1D,0xC0,0x00,
    0x1F,0xC0,0x00,0x1F,0xC0,0x00,0x1E,0xE0,0x00,0x1C,0x70,0x00,0x1C,0x70,0x00,0x1C,
    0x38,0x00,0x1C,0x1C,0x00,0x1C,0x1E,0x00,0x1C,0x0E,0x00,0x1C,0x07,0x00,0x00,0x00,
    0x00,0x00,0x00,0x00,0x00,0x00,0x00,0x00,0x00,0x00,0x00,0x00,0x00,0x00,0x00,0x00,
    0x00,0x00,0x00,
};

static const uint8_t kAtlas5GlyphBits76[99] = {
    0x00,0x00,0x00,0x00,0x00,0x00,0x00,0x00,0x00,0x00,0x00,0x00,0x3F,0x80,0x00,0x3F,
    0x80,0x00,0x03,0x80,0x00,0x03,0x80,0x00,0x03,0x80,0x00,0x03,0x80,0x00,0x03,0x80,
    0x00,0x03,0x80,0x00,0x03,0x80,0x00,0x03,0x80,0x00,0x03,0x80,0x00,0x03,0x80,0x00,
    0x03,0x80,0x00,0x03,0x80,0x00,0x03,0x80,0x00,0x03,0x80,0x00,0x01,0x80,0x00,0x01,
    0x80,0x00,0x01,0x80,0x00,0x01,0xC0,0x00,0x00,0xFC,0x00,0x00,0x7C,0x00,0x00,0x00,
    0x00,0x00,0x00,0x00,0x00,0x00,0x00,0x00,0x00,0x00,0x00,0x00,0x00,0x00,0x00,0x00,
    0x00,0x00,0x00,
};

static const uint8_t kAtlas5GlyphBits77[99] = {
    0x00,0x00,0x00,0x00,0x00,0x00,0x00,0x00,0x00,0x00,0x00,0x00,0x00,0x00,0x00,0x00,
    0x00,0x00,0x00,0x00,0x00,0x00,0x00,0x00,0x00,0x00,0x00,0x00,0x00,0x00,0x77,0x3C,
    0x00,0x7F,0xBE,0x00,0x79,0xC6,0x00,0x71,0xC6,0x00,0x71,0xC6,0x00,0x71,0xC6,0x00,
    0x71,0xC7,0x00,0x71,0xC7,0x00,0x71,0xC7,0x00,0x71,0xC7,0x00,0x71,0xC7,0x00,0x71,
    0xC7,0x00,0x71,0xC7,0x00,0x71,0xC7,0x00,0x71,0xC7,0x00,0x71,0xC7,0x00,0x00,0x00,
    0x00,0x00,0x00,0x00,0x00,0x00,0x00,0x00,0x00,0x00,0x00,0x00,0x00,0x00,0x00,0x00,
    0x00,0x00,0x00,
};

static const uint8_t kAtlas5GlyphBits78[99] = {
    0x00,0x00,0x00,0x00,0x00,0x00,0x00,0x00,0x00,0x00,0x00,0x00,0x00,0x00,0x00,0x00,
    0x00,0x00,0x00,0x00,0x00,0x00,0x00,0x00,0x00,0x00,0x00,0x00,0x00,0x00,0x19,0xF0,
    0x00,0x1B,0xF8,0x00,0x1E,0x3C,0x00,0x1C,0x1C,0x00,0x1C,0x0C,0x00,0x18,0x0C,0x00,
    0x18,0x0C,0x00,0x18,0x0C,0x00,0x18,0x0C,0x00,0x18,0x0C,0x00,0x18,0x0C,0x00,0x18,
    0x0C,0x00,0x18,0x0C,0x00,0x18,0x0C,0x00,0x18,0x0C,0x00,0x18,0x0C,0x00,0x00,0x00,
    0x00,0x00,0x00,0x00,0x00,0x00,0x00,0x00,0x00,0x00,0x00,0x00,0x00,0x00,0x00,0x00,
    0x00,0x00,0x00,
};

static const uint8_t kAtlas5GlyphBits79[99] = {
    0x00,0x00,0x00,0x00,0x00,0x00,0x00,0x00,0x00,0x00,0x00,0x00,0x00,0x00,0x00,0x00,
    0x00,0x00,0x00,0x00,0x00,0x00,0x00,0x00,0x00,0x00,0x00,0x00,0x00,0x00,0x03,0xE0,
    0x00,0x0F,0xF8,0x00,0x1E,0x3C,0x00,0x1C,0x1C,0x00,0x38,0x0E,0x00,0x38,0x0E,0x00,
    0x38,0x0E,0x00,0x38,0x0E,0x00,0x38,0x0E,0x00,0x38,0x0E,0x00,0x38,0x0E,0x00,0x38,
    0x0E,0x00,0x1C,0x1C,0x00,0x1E,0x3C,0x00,0x0F,0xF8,0x00,0x03,0xE0,0x00,0x00,0x00,
    0x00,0x00,0x00,0x00,0x00,0x00,0x00,0x00,0x00,0x00,0x00,0x00,0x00,0x00,0x00,0x00,
    0x00,0x00,0x00,
};

static const uint8_t kAtlas5GlyphBits80[99] = {
    0x00,0x00,0x00,0x00,0x00,0x00,0x00,0x00,0x00,0x00,0x00,0x00,0x00,0x00,0x00,0x00,
    0x00,0x00,0x00,0x00,0x00,0x00,0x00,0x00,0x00,0x00,0x00,0x00,0x00,0x00,0x19,0xF0,
    0x00,0x1B,0xF8,0x00,0x1E,0x3C,0x00,0x1C,0x0C,0x00,0x1C,0x0E,0x00,0x18,0x0E,0x00,
    0x18,0x0E,0x00,0x18,0x06,0x00,0x18,0x06,0x00,0x18,0x0E,0x00,0x18,0x0E,0x00,0x1C,
    0x0E,0x00,0x1C,0x0C,0x00,0x1E,0x3C,0x00,0x1B,0xF8,0x00,0x19,0xF0,0x00,0x18,0x00,
    0x00,0x18,0x00,0x00,0x18,0x00,0x00,0x18,0x00,0x00,0x18,0x00,0x00,0x18,0x00,0x00,
    0x00,0x00,0x00,
};

static const uint8_t kAtlas5GlyphBits81[99] = {
    0x00,0x00,0x00,0x00,0x00,0x00,0x00,0x00,0x00,0x00,0x00,0x00,0x00,0x00,0x00,0x00,
    0x00,0x00,0x00,0x00,0x00,0x00,0x00,0x00,0x00,0x00,0x00,0x00,0x00,0x00,0x07,0xCC,
    0x00,0x0F,0xEC,0x00,0x1E,0x3C,0x00,0x1C,0x1C,0x00,0x38,0x1C,0x00,0x38,0x0C,0x00,
    0x38,0x0C,0x00,0x38,0x0C,0x00,0x38,0x0C,0x00,0x38,0x0C,0x00,0x38,0x0C,0x00,0x38,
    0x1C,0x00,0x1C,0x1C,0x00,0x1E,0x3C,0x00,0x0F,0xEC,0x00,0x07,0xCC,0x00,0x00,0x0C,
    0x00,0x00,0x0C,0x00,0x00,0x0C,0x00,0x00,0x0C,0x00,0x00,0x0C,0x00,0x00,0x0C,0x00,
    0x00,0x00,0x00,
};

static const uint8_t kAtlas5GlyphBits82[99] = {
    0x00,0x00,0x00,0x00,0x00,0x00,0x00,0x00,0x00,0x00,0x00,0x00,0x00,0x00,0x00,0x00,
    0x00,0x00,0x00,0x00,0x00,0x00,0x00,0x00,0x00,0x00,0x00,0x00,0x00,0x00,0x0C,0x7E,
    0x00,0x0E,0xFE,0x00,0x0F,0xC6,0x00,0x0F,0x02,0x00,0x0E,0x00,0x00,0x0E,0x00,0x00,
    0x0E,0x00,0x00,0x0E,0x00,0x00,0x0E,0x00,0x00,0x0E,0x00,0x00,0x0E,0x00,0x00,0x0E,
    0x00,0x00,0x0E,0x00,0x00,0x0E,0x00,0x00,0x0E,0x00,0x00,0x0E,0x00,0x00,0x00,0x00,
    0x00,0x00,0x00,0x00,0x00,0x00,0x00,0x00,0x00,0x00,0x00,0x00,0x00,0x00,0x00,0x00,
    0x00,0x00,0x00,
};

static const uint8_t kAtlas5GlyphBits83[99] = {
    0x00,0x00,0x00,0x00,0x00,0x00,0x00,0x00,0x00,0x00,0x00,0x00,0x00,0x00,0x00,0x00,
    0x00,0x00,0x00,0x00,0x00,0x00,0x00,0x00,0x00,0x00,0x00,0x00,0x00,0x00,0x03,0xF0,
    0x00,0x0F,0xF8,0x00,0x1E,0x18,0x00,0x1C,0x04,0x00,0x1C,0x00,0x00,0x1C,0x00,0x00,
    0x1F,0x00,0x00,0x0F,0xF0,0x00,0x03,0xF8,0x00,0x00,0x3C,0x00,0x00,0x1C,0x00,0x00,
    0x0C,0x00,0x10,0x1C,0x00,0x1C,0x3C,0x00,0x1F,0xF8,0x00,0x0F,0xE0,0x00,0x00,0x00,
    0x00,0x00,0x00,0x00,0x00,0x00,0x00,0x00,0x00,0x00,0x00,0x00,0x00,0x00,0x00,0x00,
    0x00,0x00,0x00,
};

static const uint8_t kAtlas5GlyphBits84[99] = {
    0x00,0x00,0x00,0x00,0x00,0x00,0x00,0x00,0x00,0x00,0x00,0x00,0x00,0x00,0x00,0x01,
    0x00,0x00,0x03,0x00,0x00,0x03,0x00,0x00,0x03,0x00,0x00,0x03,0x00,0x00,0x3F,0xFC,
    0x00,0x3F,0xFC,0x00,0x03,0x00,0x00,0x03,0x00,0x00,0x03,0x00,0x00,0x03,0x00,0x00,
    0x03,0x00,0x00,0x03,0x00,0x00,0x03,0x00,0x00,0x03,0x00,0x00,0x03,0x00,0x00,0x03,
    0x00,0x00,0x03,0x80,0x00,0x03,0xC0,0x00,0x01,0xFC,0x00,0x00,0xFC,0x00,0x00,0x00,
    0x00,0x00,0x00,0x00,0x00,0x00,0x00,0x00,0x00,0x00,0x00,0x00,0x00,0x00,0x00,0x00,
    0x00,0x00,0x00,
};

static const uint8_t kAtlas5GlyphBits85[99] = {
    0x00,0x00,0x00,0x00,0x00,0x00,0x00,0x00,0x00,0x00,0x00,0x00,0x00,0x00,0x00,0x00,
    0x00,0x00,0x00,0x00,0x00,0x00,0x00,0x00,0x00,0x00,0x00,0x00,0x00,0x00,0x18,0x0C,
    0x00,0x18,0x0C,0x00,0x18,0x0C,0x00,0x18,0x0C,0x00,0x18,0x0C,0x00,0x18,0x0C,0x00,
    0x18,0x0C,0x00,0x18,0x0C,0x00,0x18,0x0C,0x00,0x18,0x0C,0x00,0x18,0x0C,0x00,0x18,
    0x1C,0x00,0x1C,0x1C,0x00,0x1E,0x3C,0x00,0x0F,0xEC,0x00,0x07,0xCC,0x00,0x00,0x00,
    0x00,0x00,0x00,0x00,0x00,0x00,0x00,0x00,0x00,0x00,0x00,0x00,0x00,0x00,0x00,0x00,
    0x00,0x00,0x00,
};

static const uint8_t kAtlas5GlyphBits86[99] = {
    0x00,0x00,0x00,0x00,0x00,0x00,0x00,0x00,0x00,0x00,0x00,0x00,0x00,0x00,0x00,0x00,
    0x00,0x00,0x00,0x00,0x00,0x00,0x00,0x00,0x00,0x00,0x00,0x00,0x00,0x00,0x70,0x06,
    0x00,0x30,0x0E,0x00,0x38,0x0E,0x00,0x18,0x0C,0x00,0x18,0x1C,0x00,0x1C,0x1C,0x00,
    0x0C,0x18,0x00,0x0C,0x38,0x00,0x0E,0x38,0x00,0x06,0x30,0x00,0x06,0x70,0x00,0x07,
    0x70,0x00,0x03,0x60,0x00,0x03,0xE0,0x00,0x03,0xE0,0x00,0x01,0xC0,0x00,0x00,0x00,
    0x00,0x00,0x00,0x00,0x00,0x00,0x00,0x00,0x00,0x00,0x00,0x00,0x00,0x00,0x00,0x00,
    0x00,0x00,0x00,
};

static const uint8_t kAtlas5GlyphBits87[99] = {
    0x00,0x00,0x00,0x00,0x00,0x00,0x00,0x00,0x00,0x00,0x00,0x00,0x00,0x00,0x00,0x00,
    0x00,0x00,0x00,0x00,0x00,0x00,0x00,0x00,0x00,0x00,0x00,0x00,0x00,0x00,0xE0,0x03,
    0x80,0xE0,0x03,0x80,0x60,0x03,0x00,0x60,0x03,0x00,0x60,0x07,0x00,0x71,0xC7,0x00,
    0x71,0xC6,0x00,0x31,0xC6,0x00,0x33,0x66,0x00,0x33,0x6E,0x00,0x3B,0x6E,0x00,0x1A,
    0x2C,0x00,0x1E,0x3C,0x00,0x1E,0x3C,0x00,0x1C,0x3C,0x00,0x1C,0x18,0x00,0x00,0x00,
    0x00,0x00,0x00,0x00,0x00,0x00,0x00,0x00,0x00,0x00,0x00,0x00,0x00,0x00,0x00,0x00,
    0x00,0x00,0x00,
};

static const uint8_t kAtlas5GlyphBits88[99] = {
    0x00,0x00,0x00,0x00,0x00,0x00,0x00,0x00,0x00,0x00,0x00,0x00,0x00,0x00,0x00,0x00,
    0x00,0x00,0x00,0x00,0x00,0x00,0x00,0x00,0x00,0x00,0x00,0x00,0x00,0x00,0x38,0x0E,
    0x00,0x18,0x1C,0x00,0x1C,0x1C,0x00,0x0E,0x38,0x00,0x06,0x70,0x00,0x03,0x60,0x00,
    0x03,0xE0,0x00,0x01,0xC0,0x00,0x03,0xC0,0x00,0x03,0xE0,0x00,0x07,0x70,0x00,0x0E,
    0x38,0x00,0x0C,0x38,0x00,0x1C,0x1C,0x00,0x38,0x0E,0x00,0x70,0x07,0x00,0x00,0x00,
    0x00,0x00,0x00,0x00,0x00,0x00,0x00,0x00,0x00,0x00,0x00,0x00,0x00,0x00,0x00,0x00,
    0x00,0x00,0x00,
};

static const uint8_t kAtlas5GlyphBits89[99] = {
    0x00,0x00,0x00,0x00,0x00,0x00,0x00,0x00,0x00,0x00,0x00,0x00,0x00,0x00,0x00,0x00,
    0x00,0x00,0x00,0x00,0x00,0x00,0x00,0x00,0x00,0x00,0x00,0x00,0x00,0x00,0x70,0x07,
    0x00,0x38,0x06,0x00,0x38,0x0E,0x00,0x18,0x0C,0x00,0x1C,0x1C,0x00,0x1C,0x1C,0x00,
    0x0C,0x18,0x00,0x0E,0x38,0x00,0x06,0x38,0x00,0x07,0x30,0x00,0x07,0x70,0x00,0x03,
    0x60,0x00,0x03,0xE0,0x00,0x03,0xE0,0x00,0x01,0xC0,0x00,0x01,0xC0,0x00,0x01,0xC0,
    0x00,0x01,0x80,0x00,0x03,0x80,0x00,0x07,0x00,0x00,0x1F,0x00,0x00,0x1E,0x00,0x00,
    0x00,0x00,0x00,
};

static const uint8_t kAtlas5GlyphBits90[99] = {
    0x00,0x00,0x00,0x00,0x00,0x00,0x00,0x00,0x00,0x00,0x00,0x00,0x00,0x00,0x00,0x00,
    0x00,0x00,0x00,0x00,0x00,0x00,0x00,0x00,0x00,0x00,0x00,0x00,0x00,0x00,0x1F,0xFC,
    0x00,0x1F,0xFC,0x00,0x00,0x1C,0x00,0x00,0x1C,0x00,0x00,0x38,0x00,0x00,0x70,0x00,
    0x00,0xE0,0x00,0x01,0xC0,0x00,0x01,0xC0,0x00,0x03,0x80,0x00,0x07,0x00,0x00,0x0E,
    0x00,0x00,0x0C,0x00,0x00,0x1C,0x00,0x00,0x1F,0xFC,0x00,0x1F,0xFC,0x00,0x00,0x00,
    0x00,0x00,0x00,0x00,0x00,0x00,0x00,0x00,0x00,0x00,0x00,0x00,0x00,0x00,0x00,0x00,
    0x00,0x00,0x00,
};

static const uint8_t kAtlas5GlyphBits91[99] = {
    0x00,0x00,0x00,0x00,0x00,0x00,0x00,0x00,0x00,0x00,0xF8,0x00,0x01,0xF8,0x00,0x01,
    0xC0,0x00,0x01,0x80,0x00,0x01,0x80,0x00,0x01,0x80,0x00,0x01,0x80,0x00,0x01,0x80,
    0x00,0x01,0x80,0x00,0x01,0x80,0x00,0x03,0x80,0x00,0x07,0x80,0x00,0x3F,0x00,0x00,
    0x3F,0x00,0x00,0x03,0x80,0x00,0x03,0x80,0x00,0x01,0x80,0x00,0x01,0x80,0x00,0x01,
    0x80,0x00,0x01,0x80,0x00,0x01,0x80,0x00,0x01,0x80,0x00,0x01,0x80,0x00,0x01,0xC0,
    0x00,0x01,0xF8,0x00,0x00,0x78,0x00,0x00,0x00,0x00,0x00,0x00,0x00,0x00,0x00,0x00,
    0x00,0x00,0x00,
};

static const uint8_t kAtlas5GlyphBits92[99] = {
    0x00,0x00,0x00,0x00,0x00,0x00,0x00,0x00,0x00,0x00,0x00,0x00,0x01,0xC0,0x00,0x01,
    0xC0,0x00,0x01,0xC0,0x00,0x01,0xC0,0x00,0x01,0xC0,0x00,0x01,0xC0,0x00,0x01,0xC0,
    0x00,0x01,0xC0,0x00,0x01,0xC0,0x00,0x01,0xC0,0x00,0x01,0xC0,0x00,0x01,0xC0,0x00,
    0x01,0xC0,0x00,0x01,0xC0,0x00,0x01,0xC0,0x00,0x01,0xC0,0x00,0x01,0xC0,0x00,0x01,
    0xC0,0x00,0x01,0xC0,0x00,0x01,0xC0,0x00,0x01,0xC0,0x00,0x01,0xC0,0x00,0x01,0xC0,
    0x00,0x01,0xC0,0x00,0x01,0xC0,0x00,0x01,0xC0,0x00,0x01,0xC0,0x00,0x01,0xC0,0x00,
    0x01,0xC0,0x00,
};

static const uint8_t kAtlas5GlyphBits93[99] = {
    0x00,0x00,0x00,0x00,0x00,0x00,0x00,0x00,0x00,0x00,0x00,0x00,0x0F,0x00,0x00,0x0F,
    0x80,0x00,0x01,0xC0,0x00,0x01,0xC0,0x00,0x00,0xC0,0x00,0x00,0xC0,0x00,0x00,0xC0,
    0x00,0x00,0xC0,0x00,0x00,0xC0,0x00,0x00,0xC0,0x00,0x00,0xE0,0x00,0x00,0xF0,0x00,
    0x00,0x7E,0x00,0x00,0x7E,0x00,0x00,0xF0,0x00,0x00,0xE0,0x00,0x00,0xC0,0x00,0x00,
    0xC0,0x00,0x00,0xC0,0x00,0x00,0xC0,0x00,0x00,0xC0,0x00,0x00,0xC0,0x00,0x01,0xC0,
    0x00,0x01,0xC0,0x00,0x0F,0x80,0x00,0x0F,0x00,0x00,0x00,0x00,0x00,0x00,0x00,0x00,
    0x00,0x00,0x00,
};

static const uint8_t kAtlas5GlyphBits94[99] = {
    0x00,0x00,0x00,0x00,0x00,0x00,0x00,0x00,0x00,0x00,0x00,0x00,0x00,0x00,0x00,0x00,
    0x00,0x00,0x00,0x00,0x00,0x00,0x00,0x00,0x00,0x00,0x00,0x00,0x00,0x00,0x00,0x00,
    0x00,0x00,0x00,0x00,0x00,0x00,0x00,0x00,0x00,0x00,0x1E,0x03,0x00,0x3F,0x03,0x00,
    0x33,0x87,0x00,0x31,0xC6,0x00,0x70,0xEE,0x00,0x60,0x7C,0x00,0x60,0x38,0x00,0x00,
    0x00,0x00,0x00,0x00,0x00,0x00,0x00,0x00,0x00,0x00,0x00,0x00,0x00,0x00,0x00,0x00,
    0x00,0x00,0x00,0x00,0x00,0x00,0x00,0x00,0x00,0x00,0x00,0x00,0x00,0x00,0x00,0x00,
    0x00,0x00,0x00,
};

static const uint8_t kAtlas5GlyphBits95[99] = {
    0x00,0x00,0x00,0x00,0x00,0x00,0x00,0x00,0x00,0x00,0x00,0x00,0x00,0x00,0x00,0x00,
    0x00,0x00,0x00,0x00,0x00,0x00,0x00,0x00,0x00,0x00,0x00,0x00,0x00,0x00,0x01,0x80,
    0x00,0x03,0xC0,0x00,0x03,0xE0,0x00,0x07,0xF0,0x00,0x0D,0xD8,0x00,0x05,0xD0,0x00,
    0x01,0xC0,0x00,0x01,0xC0,0x00,0x01,0xC0,0x00,0x01,0xC0,0x00,0x01,0xC0,0x00,0x01,
    0xC0,0x00,0x01,0xC0,0x00,0x01,0xC0,0x00,0x01,0xC0,0x00,0x01,0xC0,0x00,0x00,0x00,
    0x00,0x00,0x00,0x00,0x00,0x00,0x00,0x00,0x00,0x00,0x00,0x00,0x00,0x00,0x00,0x00,
    0x00,0x00,0x00,
};

static const uint8_t kAtlas5GlyphBits96[99] = {
    0x00,0x00,0x00,0x00,0x00,0x00,0x00,0x00,0x00,0x00,0x00,0x00,0x00,0x00,0x00,0x00,
    0x00,0x00,0x00,0x00,0x00,0x00,0x00,0x00,0x00,0x00,0x00,0x00,0x00,0x00,0x00,0x00,
    0x00,0x00,0x10,0x00,0x00,0x18,0x00,0x00,0x0C,0x00,0x00,0x06,0x00,0xFF,0xFF,0x00,
    0xFF,0xFF,0x00,0x00,0x0E,0x00,0x00,0x1C,0x00,0x00,0x18,0x00,0x00,0x00,0x00,0x00,
    0x00,0x00,0x00,0x00,0x00,0x00,0x00,0x00,0x00,0x00,0x00,0x00,0x00,0x00,0x00,0x00,
    0x00,0x00,0x00,0x00,0x00,0x00,0x00,0x00,0x00,0x00,0x00,0x00,0x00,0x00,0x00,0x00,
    0x00,0x00,0x00,
};

static const Glyph kAtlas5Glyphs[97] = {
    { 0x20, kAtlas5GlyphBits0 },
    { 0x21, kAtlas5GlyphBits1 },
    { 0x22, kAtlas5GlyphBits2 },
    { 0x23, kAtlas5GlyphBits3 },
    { 0x24, kAtlas5GlyphBits4 },
    { 0x25, kAtlas5GlyphBits5 },
    { 0x26, kAtlas5GlyphBits6 },
    { 0x27, kAtlas5GlyphBits7 },
    { 0x28, kAtlas5GlyphBits8 },
    { 0x29, kAtlas5GlyphBits9 },
    { 0x2a, kAtlas5GlyphBits10 },
    { 0x2b, kAtlas5GlyphBits11 },
    { 0x2c, kAtlas5GlyphBits12 },
    { 0x2d, kAtlas5GlyphBits13 },
    { 0x2e, kAtlas5GlyphBits14 },
    { 0x2f, kAtlas5GlyphBits15 },
    { 0x30, kAtlas5GlyphBits16 },
    { 0x31, kAtlas5GlyphBits17 },
    { 0x32, kAtlas5GlyphBits18 },
    { 0x33, kAtlas5GlyphBits19 },
    { 0x34, kAtlas5GlyphBits20 },
    { 0x35, kAtlas5GlyphBits21 },
    { 0x36, kAtlas5GlyphBits22 },
    { 0x37, kAtlas5GlyphBits23 },
    { 0x38, kAtlas5GlyphBits24 },
    { 0x39, kAtlas5GlyphBits25 },
    { 0x3a, kAtlas5GlyphBits26 },
    { 0x3b, kAtlas5GlyphBits27 },
    { 0x3c, kAtlas5GlyphBits28 },
    { 0x3d, kAtlas5GlyphBits29 },
    { 0x3e, kAtlas5GlyphBits30 },
    { 0x3f, kAtlas5GlyphBits31 },
    { 0x40, kAtlas5GlyphBits32 },
    { 0x41, kAtlas5GlyphBits33 },
    { 0x42, kAtlas5GlyphBits34 },
    { 0x43, kAtlas5GlyphBits35 },
    { 0x44, kAtlas5GlyphBits36 },
    { 0x45, kAtlas5GlyphBits37 },
    { 0x46, kAtlas5GlyphBits38 },
    { 0x47, kAtlas5GlyphBits39 },
    { 0x48, kAtlas5GlyphBits40 },
    { 0x49, kAtlas5GlyphBits41 },
    { 0x4a, kAtlas5GlyphBits42 },
    { 0x4b, kAtlas5GlyphBits43 },
    { 0x4c, kAtlas5GlyphBits44 },
    { 0x4d, kAtlas5GlyphBits45 },
    { 0x4e, kAtlas5GlyphBits46 },
    { 0x4f, kAtlas5GlyphBits47 },
    { 0x50, kAtlas5GlyphBits48 },
    { 0x51, kAtlas5GlyphBits49 },
    { 0x52, kAtlas5GlyphBits50 },
    { 0x53, kAtlas5GlyphBits51 },
    { 0x54, kAtlas5GlyphBits52 },
    { 0x55, kAtlas5GlyphBits53 },
    { 0x56, kAtlas5GlyphBits54 },
    { 0x57, kAtlas5GlyphBits55 },
    { 0x58, kAtlas5GlyphBits56 },
    { 0x59, kAtlas5GlyphBits57 },
    { 0x5a, kAtlas5GlyphBits58 },
    { 0x5b, kAtlas5GlyphBits59 },
    { 0x5c, kAtlas5GlyphBits60 },
    { 0x5d, kAtlas5GlyphBits61 },
    { 0x5e, kAtlas5GlyphBits62 },
    { 0x5f, kAtlas5GlyphBits63 },
    { 0x60, kAtlas5GlyphBits64 },
    { 0x61, kAtlas5GlyphBits65 },
    { 0x62, kAtlas5GlyphBits66 },
    { 0x63, kAtlas5GlyphBits67 },
    { 0x64, kAtlas5GlyphBits68 },
    { 0x65, kAtlas5GlyphBits69 },
    { 0x66, kAtlas5GlyphBits70 },
    { 0x67, kAtlas5GlyphBits71 },
    { 0x68, kAtlas5GlyphBits72 },
    { 0x69, kAtlas5GlyphBits73 },
    { 0x6a, kAtlas5GlyphBits74 },
    { 0x6b, kAtlas5GlyphBits75 },
    { 0x6c, kAtlas5GlyphBits76 },
    { 0x6d, kAtlas5GlyphBits77 },
    { 0x6e, kAtlas5GlyphBits78 },
    { 0x6f, kAtlas5GlyphBits79 },
    { 0x70, kAtlas5GlyphBits80 },
    { 0x71, kAtlas5GlyphBits81 },
    { 0x72, kAtlas5GlyphBits82 },
    { 0x73, kAtlas5GlyphBits83 },
    { 0x74, kAtlas5GlyphBits84 },
    { 0x75, kAtlas5GlyphBits85 },
    { 0x76, kAtlas5GlyphBits86 },
    { 0x77, kAtlas5GlyphBits87 },
    { 0x78, kAtlas5GlyphBits88 },
    { 0x79, kAtlas5GlyphBits89 },
    { 0x7a, kAtlas5GlyphBits90 },
    { 0x7b, kAtlas5GlyphBits91 },
    { 0x7c, kAtlas5GlyphBits92 },
    { 0x7d, kAtlas5GlyphBits93 },
    { 0x7e, kAtlas5GlyphBits94 },
    { 0x2191, kAtlas5GlyphBits95 },
    { 0x2192, kAtlas5GlyphBits96 },
};

static const uint8_t kAtlas6GlyphBits0[108] = {
    0x00,0x00,0x00,0x00,0x00,0x00,0x00,0x00,0x00,0x00,0x00,0x00,0x00,0x00,0x00,0x00,
    0x00,0x00,0x00,0x00,0x00,0x00,0x00,0x00,0x00,0x00,0x00,0x00,0x00,0x00,0x00,0x00,
    0x00,0x00,0x00,0x00,0x00,0x00,0x00,0x00,0x00,0x00,0x00,0x00,0x00,0x00,0x00,0x00,
    0x00,0x00,0x00,0x00,0x00,0x00,0x00,0x00,0x00,0x00,0x00,0x00,0x00,0x00,0x00,0x00,
    0x00,0x00,0x00,0x00,0x00,0x00,0x00,0x00,0x00,0x00,0x00,0x00,0x00,0x00,0x00,0x00,
    0x00,0x00,0x00,0x00,0x00,0x00,0x00,0x00,0x00,0x00,0x00,0x00,0x00,0x00,0x00,0x00,
    0x00,0x00,0x00,0x00,0x00,0x00,0x00,0x00,0x00,0x00,0x00,0x00,
};

static const uint8_t kAtlas6GlyphBits1[108] = {
    0x00,0x00,0x00,0x00,0x00,0x00,0x00,0x00,0x00,0x00,0x00,0x00,0x00,0x00,0x00,0x00,
    0x00,0x00,0x00,0x00,0x00,0x01,0xE0,0x00,0x01,0xE0,0x00,0x01,0xE0,0x00,0x01,0xE0,
    0x00,0x01,0xE0,0x00,0x01,0xE0,0x00,0x01,0xE0,0x00,0x01,0xE0,0x00,0x00,0xE0,0x00,
    0x00,0xE0,0x00,0x00,0xE0,0x00,0x00,0xE0,0x00,0x00,0xE0,0x00,0x00,0xC0,0x00,0x00,
    0xC0,0x00,0x00,0x00,0x00,0x00,0x00,0x00,0x00,0xE0,0x00,0x01,0xF0,0x00,0x01,0xF0,
    0x00,0x01,0xF0,0x00,0x00,0xE0,0x00,0x00,0x00,0x00,0x00,0x00,0x00,0x00,0x00,0x00,
    0x00,0x00,0x00,0x00,0x00,0x00,0x00,0x00,0x00,0x00,0x00,0x00,
};

static const uint8_t kAtlas6GlyphBits2[108] = {
    0x00,0x00,0x00,0x00,0x00,0x00,0x00,0x00,0x00,0x00,0x00,0x00,0x00,0x00,0x00,0x00,
    0x00,0x00,0x00,0x00,0x00,0x07,0x1C,0x00,0x07,0x1C,0x00,0x07,0x1C,0x00,0x07,0x1C,
    0x00,0x07,0x1C,0x00,0x07,0x1C,0x00,0x07,0x1C,0x00,0x07,0x1C,0x00,0x00,0x00,0x00,
    0x00,0x00,0x00,0x00,0x00,0x00,0x00,0x00,0x00,0x00,0x00,0x00,0x00,0x00,0x00,0x00,
    0x00,0x00,0x00,0x00,0x00,0x00,0x00,0x00,0x00,0x00,0x00,0x00,0x00,0x00,0x00,0x00,
    0x00,0x00,0x00,0x00,0x00,0x00,0x00,0x00,0x00,0x00,0x00,0x00,0x00,0x00,0x00,0x00,
    0x00,0x00,0x00,0x00,0x00,0x00,0x00,0x00,0x00,0x00,0x00,0x00,
};

static const uint8_t kAtlas6GlyphBits3[108] = {
    0x00,0x00,0x00,0x00,0x00,0x00,0x00,0x00,0x00,0x00,0x00,0x00,0x00,0x00,0x00,0x00,
    0x00,0x00,0x00,0x00,0x00,0x00,0xC3,0x80,0x00,0xC3,0x00,0x01,0xC7,0x00,0x01,0x87,
    0x00,0x01,0x86,0x00,0x03,0x86,0x00,0x3F,0xFF,0xE0,0x3F,0xFF,0xE0,0x03,0x0C,0x00,
    0x03,0x0C,0x00,0x07,0x1C,0x00,0x06,0x1C,0x00,0x06,0x18,0x00,0x06,0x18,0x00,0xFF,
    0xFF,0x80,0xFF,0xFF,0x80,0x0C,0x30,0x00,0x0C,0x30,0x00,0x1C,0x70,0x00,0x18,0x70,
    0x00,0x18,0x60,0x00,0x38,0xE0,0x00,0x00,0x00,0x00,0x00,0x00,0x00,0x00,0x00,0x00,
    0x00,0x00,0x00,0x00,0x00,0x00,0x00,0x00,0x00,0x00,0x00,0x00,
};

static const uint8_t kAtlas6GlyphBits4[108] = {
    0x00,0x00,0x00,0x00,0x00,0x00,0x00,0x00,0x00,0x00,0x00,0x00,0x00,0x00,0x00,0x00,
    0x00,0x00,0x00,0xE0,0x00,0x00,0xE0,0x00,0x00,0xE0,0x00,0x00,0xE0,0x00,0x03,0xFE,
    0x00,0x0F,0xFE,0x00,0x1E,0x66,0x00,0x1C,0x60,0x00,0x1C,0x60,0x00,0x1C,0x60,0x00,
    0x1C,0x60,0x00,0x0F,0x60,0x00,0x0F,0xF0,0x00,0x03,0xFE,0x00,0x00,0x7F,0x00,0x00,
    0x67,0x00,0x00,0x63,0x80,0x00,0x63,0x80,0x00,0x63,0x80,0x10,0x67,0x80,0x1E,0x6F,
    0x00,0x1F,0xFE,0x00,0x07,0xFC,0x00,0x00,0xE0,0x00,0x00,0xE0,0x00,0x00,0xE0,0x00,
    0x00,0xE0,0x00,0x00,0xE0,0x00,0x00,0x00,0x00,0x00,0x00,0x00,
};

static const uint8_t kAtlas6GlyphBits5[108] = {
    0x00,0x00,0x00,0x00,0x00,0x00,0x00,0x00,0x00,0x00,0x00,0x00,0x00,0x00,0x00,0x00,
    0x00,0x00,0x00,0x00,0x00,0x00,0x00,0x00,0x1F,0x00,0x00,0x7F,0x80,0x00,0x71,0xC0,
    0x00,0x60,0xC0,0x00,0xE0,0xC0,0x00,0x60,0xC0,0x00,0x71,0xC0,0x40,0x7F,0x83,0xC0,
    0x1F,0x0F,0x00,0x00,0x7C,0x00,0x01,0xE0,0x00,0x0F,0x80,0x00,0x3C,0x1F,0x00,0x70,
    0x7F,0x80,0x80,0x71,0xC0,0x00,0x60,0xC0,0x00,0xE0,0xC0,0x00,0x60,0xC0,0x00,0x73,
    0xC0,0x00,0x3F,0x80,0x00,0x1F,0x00,0x00,0x00,0x00,0x00,0x00,0x00,0x00,0x00,0x00,
    0x00,0x00,0x00,0x00,0x00,0x00,0x00,0x00,0x00,0x00,0x00,0x00,
};

static const uint8_t kAtlas6GlyphBits6[108] = {
    0x00,0x00,0x00,0x00,0x00,0x00,0x00,0x00,0x00,0x00,0x00,0x00,0x00,0x00,0x00,0x00,
    0x00,0x00,0x00,0x00,0x00,0x03,0xF0,0x00,0x07,0xF8,0x00,0x0F,0x18,0x00,0x0E,0x00,
    0x00,0x0C,0x00,0x00,0x0C,0x00,0x00,0x0E,0x00,0x00,0x0E,0x00,0x00,0x07,0x00,0x00,
    0x0F,0x80,0x00,0x1F,0xC0,0x00,0x39,0xC0,0xC0,0x30,0xE0,0xC0,0x70,0x70,0xC0,0x70,
    0x38,0xC0,0x70,0x3D,0xC0,0x70,0x1D,0x80,0x70,0x0F,0x80,0x38,0x07,0x00,0x3E,0x3F,
    0x80,0x0F,0xFB,0x80,0x07,0xE1,0xC0,0x00,0x00,0x00,0x00,0x00,0x00,0x00,0x00,0x00,
    0x00,0x00,0x00,0x00,0x00,0x00,0x00,0x00,0x00,0x00,0x00,0x00,
};

static const uint8_t kAtlas6GlyphBits7[108] = {
    0x00,0x00,0x00,0x00,0x00,0x00,0x00,0x00,0x00,0x00,0x00,0x00,0x00,0x00,0x00,0x00,
    0x00,0x00,0x00,0x00,0x00,0x00,0xE0,0x00,0x00,0xE0,0x00,0x00,0xE0,0x00,0x00,0xE0,
    0x00,0x00,0xE0,0x00,0x00,0xE0,0x00,0x00,0xE0,0x00,0x00,0xE0,0x00,0x00,0x00,0x00,
    0x00,0x00,0x00,0x00,0x00,0x00,0x00,0x00,0x00,0x00,0x00,0x00,0x00,0x00,0x00,0x00,
    0x00,0x00,0x00,0x00,0x00,0x00,0x00,0x00,0x00,0x00,0x00,0x00,0x00,0x00,0x00,0x00,
    0x00,0x00,0x00,0x00,0x00,0x00,0x00,0x00,0x00,0x00,0x00,0x00,0x00,0x00,0x00,0x00,
    0x00,0x00,0x00,0x00,0x00,0x00,0x00,0x00,0x00,0x00,0x00,0x00,
};

static const uint8_t kAtlas6GlyphBits8[108] = {
    0x00,0x00,0x00,0x00,0x00,0x00,0x00,0x00,0x00,0x00,0x00,0x00,0x00,0x00,0x00,0x00,
    0x00,0x00,0x00,0x60,0x00,0x00,0xE0,0x00,0x00,0xC0,0x00,0x01,0xC0,0x00,0x01,0x80,
    0x00,0x03,0x80,0x00,0x03,0x80,0x00,0x07,0x00,0x00,0x07,0x00,0x00,0x07,0x00,0x00,
    0x07,0x00,0x00,0x07,0x00,0x00,0x06,0x00,0x00,0x0E,0x00,0x00,0x06,0x00,0x00,0x07,
    0x00,0x00,0x07,0x00,0x00,0x07,0x00,0x00,0x07,0x00,0x00,0x07,0x00,0x00,0x03,0x80,
    0x00,0x03,0x80,0x00,0x01,0x80,0x00,0x01,0xC0,0x00,0x00,0xC0,0x00,0x00,0xE0,0x00,
    0x00,0x60,0x00,0x00,0x00,0x00,0x00,0x00,0x00,0x00,0x00,0x00,
};

static const uint8_t kAtlas6GlyphBits9[108] = {
    0x00,0x00,0x00,0x00,0x00,0x00,0x00,0x00,0x00,0x00,0x00,0x00,0x00,0x00,0x00,0x00,
    0x00,0x00,0x01,0xC0,0x00,0x00,0xE0,0x00,0x00,0x60,0x00,0x00,0x70,0x00,0x00,0x70,
    0x00,0x00,0x38,0x00,0x00,0x38,0x00,0x00,0x38,0x00,0x00,0x1C,0x00,0x00,0x1C,0x00,
    0x00,0x1C,0x00,0x00,0x1C,0x00,0x00,0x1C,0x00,0x00,0x1C,0x00,0x00,0x1C,0x00,0x00,
    0x1C,0x00,0x00,0x1C,0x00,0x00,0x1C,0x00,0x00,0x1C,0x00,0x00,0x38,0x00,0x00,0x38,
    0x00,0x00,0x38,0x00,0x00,0x70,0x00,0x00,0x70,0x00,0x00,0x60,0x00,0x00,0xE0,0x00,
    0x01,0xC0,0x00,0x00,0x00,0x00,0x00,0x00,0x00,0x00,0x00,0x00,
};

static const uint8_t kAtlas6GlyphBits10[108] = {
    0x00,0x00,0x00,0x00,0x00,0x00,0x00,0x00,0x00,0x00,0x00,0x00,0x00,0x00,0x00,0x00,
    0x00,0x00,0x00,0x00,0x00,0x00,0x00,0x00,0x00,0xC0,0x00,0x00,0xC0,0x00,0x00,0xC0,
    0x00,0x00,0xC0,0x00,0x20,0xC0,0x80,0x3C,0xC7,0x80,0x1F,0xFF,0x00,0x07,0xF8,0x00,
    0x01,0xE0,0x00,0x01,0xF0,0x00,0x03,0xB8,0x00,0x07,0x18,0x00,0x06,0x0C,0x00,0x0C,
    0x0E,0x00,0x04,0x04,0x00,0x00,0x00,0x00,0x00,0x00,0x00,0x00,0x00,0x00,0x00,0x00,
    0x00,0x00,0x00,0x00,0x00,0x00,0x00,0x00,0x00,0x00,0x00,0x00,0x00,0x00,0x00,0x00,
    0x00,0x00,0x00,0x00,0x00,0x00,0x00,0x00,0x00,0x00,0x00,0x00,
};

static const uint8_t kAtlas6GlyphBits11[108] = {
    0x00,0x00,0x00,0x00,0x00,0x00,0x00,0x00,0x00,0x00,0x00,0x00,0x00,0x00,0x00,0x00,
    0x00,0x00,0x00,0x00,0x00,0x00,0x00,0x00,0x00,0x00,0x00,0x00,0x00,0x00,0x00,0x00,
    0x00,0x00,0xE0,0x00,0x00,0xE0,0x00,0x00,0xE0,0x00,0x00,0xE0,0x00,0x00,0xE0,0x00,
    0x00,0xE0,0x00,0x00,0xE0,0x00,0x7F,0xFF,0x80,0x7F,0xFF,0x80,0x00,0xE0,0x00,0x00,
    0xE0,0x00,0x00,0xE0,0x00,0x00,0xE0,0x00,0x00,0xE0,0x00,0x00,0xE0,0x00,0x00,0xE0,
    0x00,0x00,0x00,0x00,0x00,0x00,0x00,0x00,0x00,0x00,0x00,0x00,0x00,0x00,0x00,0x00,
    0x00,0x00,0x00,0x00,0x00,0x00,0x00,0x00,0x00,0x00,0x00,0x00,
};

static const uint8_t kAtlas6GlyphBits12[108] = {
    0x00,0x00,0x00,0x00,0x00,0x00,0x00,0x00,0x00,0x00,0x00,0x00,0x00,0x00,0x00,0x00,
    0x00,0x00,0x00,0x00,0x00,0x00,0x00,0x00,0x00,0x00,0x00,0x00,0x00,0x00,0x00,0x00,
    0x00,0x00,0x00,0x00,0x00,0x00,0x00,0x00,0x00,0x00,0x00,0x00,0x00,0x00,0x00,0x00,
    0x00,0x00,0x00,0x00,0x00,0x00,0x00,0x00,0x00,0x00,0x00,0x00,0x00,0x00,0x00,0x00,
    0x00,0x00,0x00,0x00,0x00,0x00,0x00,0x00,0x00,0xE0,0x00,0x01,0xF0,0x00,0x01,0xF0,
    0x00,0x00,0xF0,0x00,0x00,0x30,0x00,0x00,0x30,0x00,0x00,0x60,0x00,0x00,0xE0,0x00,
    0x01,0xC0,0x00,0x03,0x80,0x00,0x00,0x00,0x00,0x00,0x00,0x00,
};

static const uint8_t kAtlas6GlyphBits13[108] = {
    0x00,0x00,0x00,0x00,0x00,0x00,0x00,0x00,0x00,0x00,0x00,0x00,0x00,0x00,0x00,0x00,
    0x00,0x00,0x00,0x00,0x00,0x00,0x00,0x00,0x00,0x00,0x00,0x00,0x00,0x00,0x00,0x00,
    0x00,0x00,0x00,0x00,0x00,0x00,0x00,0x00,0x00,0x00,0x00,0x00,0x00,0x00,0x00,0x00,
    0x00,0x00,0x00,0x00,0x00,0x00,0x00,0x00,0x00,0x1F,0xFF,0x00,0x1F,0xFF,0x00,0x00,
    0x00,0x00,0x00,0x00,0x00,0x00,0x00,0x00,0x00,0x00,0x00,0x00,0x00,0x00,0x00,0x00,
    0x00,0x00,0x00,0x00,0x00,0x00,0x00,0x00,0x00,0x00,0x00,0x00,0x00,0x00,0x00,0x00,
    0x00,0x00,0x00,0x00,0x00,0x00,0x00,0x00,0x00,0x00,0x00,0x00,
};

static const uint8_t kAtlas6GlyphBits14[108] = {
    0x00,0x00,0x00,0x00,0x00,0x00,0x00,0x00,0x00,0x00,0x00,0x00,0x00,0x00,0x00,0x00,
    0x00,0x00,0x00,0x00,0x00,0x00,0x00,0x00,0x00,0x00,0x00,0x00,0x00,0x00,0x00,0x00,
    0x00,0x00,0x00,0x00,0x00,0x00,0x00,0x00,0x00,0x00,0x00,0x00,0x00,0x00,0x00,0x00,
    0x00,0x00,0x00,0x00,0x00,0x00,0x00,0x00,0x00,0x00,0x00,0x00,0x00,0x00,0x00,0x00,
    0x00,0x00,0x00,0x00,0x00,0x00,0x00,0x00,0x00,0xE0,0x00,0x01,0xF0,0x00,0x01,0xF0,
    0x00,0x01,0xF0,0x00,0x00,0xE0,0x00,0x00,0x00,0x00,0x00,0x00,0x00,0x00,0x00,0x00,
    0x00,0x00,0x00,0x00,0x00,0x00,0x00,0x00,0x00,0x00,0x00,0x00,
};

static const uint8_t kAtlas6GlyphBits15[108] = {
    0x00,0x00,0x00,0x00,0x00,0x00,0x00,0x00,0x00,0x00,0x00,0x00,0x00,0x00,0x00,0x00,
    0x00,0x00,0x00,0x00,0x00,0x00,0x07,0x00,0x00,0x07,0x00,0x00,0x0E,0x00,0x00,0x0E,
    0x00,0x00,0x1C,0x00,0x00,0x1C,0x00,0x00,0x38,0x00,0x00,0x38,0x00,0x00,0x70,0x00,
    0x00,0x70,0x00,0x00,0xE0,0x00,0x00,0xE0,0x00,0x01,0xC0,0x00,0x01,0xC0,0x00,0x01,
    0x80,0x00,0x03,0x80,0x00,0x03,0x00,0x00,0x07,0x00,0x00,0x07,0x00,0x00,0x0E,0x00,
    0x00,0x0E,0x00,0x00,0x1C,0x00,0x00,0x1C,0x00,0x00,0x38,0x00,0x00,0x38,0x00,0x00,
    0x00,0x00,0x00,0x00,0x00,0x00,0x00,0x00,0x00,0x00,0x00,0x00,
};

static const uint8_t kAtlas6GlyphBits16[108] = {
    0x00,0x00,0x00,0x00,0x00,0x00,0x00,0x00,0x00,0x00,0x00,0x00,0x00,0x00,0x00,0x00,
    0x00,0x00,0x00,0x00,0x00,0x01,0xF0,0x00,0x07,0xFC,0x00,0x0F,0x1E,0x00,0x1E,0x0E,
    0x00,0x1C,0x07,0x00,0x1C,0x47,0x00,0x38,0xC7,0x00,0x38,0xE7,0x00,0x38,0xE7,0x80,
    0x38,0xE3,0x80,0x38,0xE3,0x80,0x38,0xE3,0x80,0x38,0xE3,0x80,0x38,0xC7,0x80,0x38,
    0x47,0x00,0x38,0x07,0x00,0x1C,0x07,0x00,0x1C,0x07,0x00,0x1E,0x0E,0x00,0x0F,0x1E,
    0x00,0x07,0xFC,0x00,0x01,0xF0,0x00,0x00,0x00,0x00,0x00,0x00,0x00,0x00,0x00,0x00,
    0x00,0x00,0x00,0x00,0x00,0x00,0x00,0x00,0x00,0x00,0x00,0x00,
};

static const uint8_t kAtlas6GlyphBits17[108] = {
    0x00,0x00,0x00,0x00,0x00,0x00,0x00,0x00,0x00,0x00,0x00,0x00,0x00,0x00,0x00,0x00,
    0x00,0x00,0x00,0x00,0x00,0x00,0xF0,0x00,0x01,0xF0,0x00,0x01,0xF0,0x00,0x03,0xF0,
    0x00,0x07,0x70,0x00,0x0E,0x70,0x00,0x0C,0x70,0x00,0x04,0x70,0x00,0x00,0x70,0x00,
    0x00,0x70,0x00,0x00,0x70,0x00,0x00,0x70,0x00,0x00,0x70,0x00,0x00,0x70,0x00,0x00,
    0x70,0x00,0x00,0x70,0x00,0x00,0x70,0x00,0x00,0x70,0x00,0x00,0x70,0x00,0x0F,0xFF,
    0x80,0x0F,0xFF,0x80,0x0F,0xFF,0x80,0x00,0x00,0x00,0x00,0x00,0x00,0x00,0x00,0x00,
    0x00,0x00,0x00,0x00,0x00,0x00,0x00,0x00,0x00,0x00,0x00,0x00,
};

static const uint8_t kAtlas6GlyphBits18[108] = {
    0x00,0x00,0x00,0x00,0x00,0x00,0x00,0x00,0x00,0x00,0x00,0x00,0x00,0x00,0x00,0x00,
    0x00,0x00,0x00,0x00,0x00,0x07,0xF0,0x00,0x3F,0xFC,0x00,0x3E,0x3E,0x00,0x30,0x0E,
    0x00,0x00,0x0F,0x00,0x00,0x07,0x00,0x00,0x07,0x00,0x00,0x07,0x00,0x00,0x0E,0x00,
    0x00,0x0E,0x00,0x00,0x1C,0x00,0x00,0x38,0x00,0x00,0x78,0x00,0x00,0xF0,0x00,0x01,
    0xE0,0x00,0x03,0xC0,0x00,0x07,0x80,0x00,0x0F,0x00,0x00,0x1E,0x00,0x00,0x3C,0x00,
    0x00,0x3F,0xFF,0x00,0x3F,0xFF,0x00,0x00,0x00,0x00,0x00,0x00,0x00,0x00,0x00,0x00,
    0x00,0x00,0x00,0x00,0x00,0x00,0x00,0x00,0x00,0x00,0x00,0x00,
};

static const uint8_t kAtlas6GlyphBits19[108] = {
    0x00,0x00,0x00,0x00,0x00,0x00,0x00,0x00,0x00,0x00,0x00,0x00,0x00,0x00,0x00,0x00,
    0x00,0x00,0x00,0x00,0x00,0x07,0xF0,0x00,0x1F,0xFC,0x00,0x1C,0x3E,0x00,0x00,0x0F,
    0x00,0x00,0x07,0x00,0x00,0x07,0x00,0x00,0x07,0x00,0x00,0x0E,0x00,0x00,0x3E,0x00,
    0x03,0xF8,0x00,0x03,0xFC,0x00,0x00,0x1E,0x00,0x00,0x07,0x00,0x00,0x07,0x00,0x00,
    0x07,0x00,0x00,0x07,0x80,0x00,0x07,0x00,0x00,0x07,0x00,0x20,0x0F,0x00,0x3C,0x3E,
    0x00,0x3F,0xFC,0x00,0x0F,0xF0,0x00,0x00,0x00,0x00,0x00,0x00,0x00,0x00,0x00,0x00,
    0x00,0x00,0x00,0x00,0x00,0x00,0x00,0x00,0x00,0x00,0x00,0x00,
};

static const uint8_t kAtlas6GlyphBits20[108] = {
    0x00,0x00,0x00,0x00,0x00,0x00,0x00,0x00,0x00,0x00,0x00,0x00,0x00,0x00,0x00,0x00,
    0x00,0x00,0x00,0x00,0x00,0x00,0x3C,0x00,0x00,0x3C,0x00,0x00,0x7C,0x00,0x00,0xFC,
    0x00,0x00,0xDC,0x00,0x01,0x9C,0x00,0x03,0x9C,0x00,0x03,0x1C,0x00,0x06,0x1C,0x00,
    0x0E,0x1C,0x00,0x0C,0x1C,0x00,0x1C,0x1C,0x00,0x38,0x1C,0x00,0x30,0x1C,0x00,0x3F,
    0xFF,0x80,0x3F,0xFF,0x80,0x00,0x1C,0x00,0x00,0x1C,0x00,0x00,0x1C,0x00,0x00,0x1C,
    0x00,0x00,0x1C,0x00,0x00,0x1C,0x00,0x00,0x00,0x00,0x00,0x00,0x00,0x00,0x00,0x00,
    0x00,0x00,0x00,0x00,0x00,0x00,0x00,0x00,0x00,0x00,0x00,0x00,
};

static const uint8_t kAtlas6GlyphBits21[108] = {
    0x00,0x00,0x00,0x00,0x00,0x00,0x00,0x00,0x00,0x00,0x00,0x00,0x00,0x00,0x00,0x00,
    0x00,0x00,0x00,0x00,0x00,0x1F,0xFE,0x00,0x1F,0xFE,0x00,0x1C,0x00,0x00,0x1C,0x00,
    0x00,0x1C,0x00,0x00,0x1C,0x00,0x00,0x1C,0x00,0x00,0x1F,0xF0,0x00,0x1F,0xFC,0x00,
    0x1C,0x7E,0x00,0x00,0x0E,0x00,0x00,0x0F,0x00,0x00,0x07,0x00,0x00,0x07,0x00,0x00,
    0x07,0x00,0x00,0x07,0x00,0x00,0x07,0x00,0x00,0x0F,0x00,0x20,0x0E,0x00,0x3C,0x3E,
    0x00,0x3F,0xF8,0x00,0x1F,0xE0,0x00,0x00,0x00,0x00,0x00,0x00,0x00,0x00,0x00,0x00,
    0x00,0x00,0x00,0x00,0x00,0x00,0x00,0x00,0x00,0x00,0x00,0x00,
};

static const uint8_t kAtlas6GlyphBits22[108] = {
    0x00,0x00,0x00,0x00,0x00,0x00,0x00,0x00,0x00,0x00,0x00,0x00,0x00,0x00,0x00,0x00,
    0x00,0x00,0x00,0x00,0x00,0x01,0xFC,0x00,0x03,0xFE,0x00,0x0F,0x86,0x00,0x0E,0x00,
    0x00,0x1C,0x00,0x00,0x1C,0x00,0x00,0x18,0x00,0x00,0x39,0xF8,0x00,0x3B,0xFC,0x00,
    0x3F,0x1E,0x00,0x3E,0x07,0x00,0x3C,0x07,0x00,0x3C,0x07,0x00,0x38,0x03,0x80,0x38,
    0x03,0x80,0x38,0x03,0x80,0x1C,0x07,0x00,0x1C,0x07,0x00,0x1E,0x07,0x00,0x0F,0x1E,
    0x00,0x07,0xFC,0x00,0x01,0xF8,0x00,0x00,0x00,0x00,0x00,0x00,0x00,0x00,0x00,0x00,
    0x00,0x00,0x00,0x00,0x00,0x00,0x00,0x00,0x00,0x00,0x00,0x00,
};

static const uint8_t kAtlas6GlyphBits23[108] = {
    0x00,0x00,0x00,0x00,0x00,0x00,0x00,0x00,0x00,0x00,0x00,0x00,0x00,0x00,0x00,0x00,
    0x00,0x00,0x00,0x00,0x00,0x3F,0xFF,0x00,0x3F,0xFF,0x00,0x00,0x07,0x00,0x00,0x0E,
    0x00,0x00,0x0E,0x00,0x00,0x0E,0x00,0x00,0x1C,0x00,0x00,0x1C,0x00,0x00,0x38,0x00,
    0x00,0x38,0x00,0x00,0x38,0x00,0x00,0x70,0x00,0x00,0x70,0x00,0x00,0xF0,0x00,0x00,
    0xE0,0x00,0x00,0xE0,0x00,0x01,0xC0,0x00,0x01,0xC0,0x00,0x03,0xC0,0x00,0x03,0x80,
    0x00,0x03,0x80,0x00,0x07,0x00,0x00,0x00,0x00,0x00,0x00,0x00,0x00,0x00,0x00,0x00,
    0x00,0x00,0x00,0x00,0x00,0x00,0x00,0x00,0x00,0x00,0x00,0x00,
};

static const uint8_t kAtlas6GlyphBits24[108] = {
    0x00,0x00,0x00,0x00,0x00,0x00,0x00,0x00,0x00,0x00,0x00,0x00,0x00,0x00,0x00,0x00,
    0x00,0x00,0x00,0x00,0x00,0x03,0xF8,0x00,0x0F,0xFC,0x00,0x1F,0x1E,0x00,0x1C,0x07,
    0x00,0x1C,0x07,0x00,0x1C,0x07,0x00,0x1C,0x07,0x00,0x1C,0x07,0x00,0x0F,0x1E,0x00,
    0x03,0xF8,0x00,0x07,0xFC,0x00,0x1E,0x0E,0x00,0x1C,0x07,0x00,0x38,0x07,0x00,0x38,
    0x03,0x80,0x38,0x03,0x80,0x38,0x03,0x80,0x38,0x07,0x00,0x1C,0x07,0x00,0x1F,0x1F,
    0x00,0x0F,0xFE,0x00,0x03,0xF8,0x00,0x00,0x00,0x00,0x00,0x00,0x00,0x00,0x00,0x00,
    0x00,0x00,0x00,0x00,0x00,0x00,0x00,0x00,0x00,0x00,0x00,0x00,
};

static const uint8_t kAtlas6GlyphBits25[108] = {
    0x00,0x00,0x00,0x00,0x00,0x00,0x00,0x00,0x00,0x00,0x00,0x00,0x00,0x00,0x00,0x00,
    0x00,0x00,0x00,0x00,0x00,0x03,0xF0,0x00,0x0F,0xFC,0x00,0x1F,0x3E,0x00,0x1C,0x0E,
    0x00,0x38,0x07,0x00,0x38,0x07,0x00,0x38,0x07,0x00,0x38,0x07,0x00,0x38,0x07,0x00,
    0x38,0x07,0x80,0x1C,0x0F,0x80,0x1F,0x3B,0x80,0x0F,0xFB,0x80,0x03,0xE3,0x00,0x00,
    0x07,0x00,0x00,0x07,0x00,0x00,0x07,0x00,0x00,0x0E,0x00,0x00,0x1E,0x00,0x0C,0x7C,
    0x00,0x0F,0xF8,0x00,0x07,0xE0,0x00,0x00,0x00,0x00,0x00,0x00,0x00,0x00,0x00,0x00,
    0x00,0x00,0x00,0x00,0x00,0x00,0x00,0x00,0x00,0x00,0x00,0x00,
};

static const uint8_t kAtlas6GlyphBits26[108] = {
    0x00,0x00,0x00,0x00,0x00,0x00,0x00,0x00,0x00,0x00,0x00,0x00,0x00,0x00,0x00,0x00,
    0x00,0x00,0x00,0x00,0x00,0x00,0x00,0x00,0x00,0x00,0x00,0x00,0x00,0x00,0x00,0x00,
    0x00,0x00,0x00,0x00,0x00,0xE0,0x00,0x01,0xF0,0x00,0x01,0xF0,0x00,0x01,0xF0,0x00,
    0x00,0xE0,0x00,0x00,0x00,0x00,0x00,0x00,0x00,0x00,0x00,0x00,0x00,0x00,0x00,0x00,
    0x00,0x00,0x00,0x00,0x00,0x00,0xE0,0x00,0x01,0xF0,0x00,0x01,0xF0,0x00,0x01,0xF0,
    0x00,0x00,0xE0,0x00,0x00,0x00,0x00,0x00,0x00,0x00,0x00,0x00,0x00,0x00,0x00,0x00,
    0x00,0x00,0x00,0x00,0x00,0x00,0x00,0x00,0x00,0x00,0x00,0x00,
};

static const uint8_t kAtlas6GlyphBits27[108] = {
    0x00,0x00,0x00,0x00,0x00,0x00,0x00,0x00,0x00,0x00,0x00,0x00,0x00,0x00,0x00,0x00,
    0x00,0x00,0x00,0x00,0x00,0x00,0x00,0x00,0x00,0x00,0x00,0x00,0x00,0x00,0x00,0x00,
    0x00,0x00,0x00,0x00,0x00,0x00,0x00,0x00,0xE0,0x00,0x01,0xF0,0x00,0x01,0xF0,0x00,
    0x01,0xF0,0x00,0x00,0xE0,0x00,0x00,0x00,0x00,0x00,0x00,0x00,0x00,0x00,0x00,0x00,
    0x00,0x00,0x00,0x00,0x00,0x00,0x00,0x00,0x00,0xE0,0x00,0x01,0xF0,0x00,0x01,0xF0,
    0x00,0x01,0xF0,0x00,0x00,0xF0,0x00,0x00,0x30,0x00,0x00,0x30,0x00,0x00,0x70,0x00,
    0x00,0xE0,0x00,0x01,0xC0,0x00,0x03,0x80,0x00,0x02,0x00,0x00,
};

static const uint8_t kAtlas6GlyphBits28[108] = {
    0x00,0x00,0x00,0x00,0x00,0x00,0x00,0x00,0x00,0x00,0x00,0x00,0x00,0x00,0x00,0x00,
    0x00,0x00,0x00,0x00,0x00,0x00,0x00,0x00,0x00,0x00,0x00,0x00,0x00,0x00,0x00,0x00,
    0x00,0x00,0x00,0x00,0x00,0x00,0x80,0x00,0x03,0x80,0x00,0x1F,0x80,0x00,0xFE,0x00,
    0x03,0xF8,0x00,0x1F,0xC0,0x00,0x7E,0x00,0x00,0x78,0x00,0x00,0x7E,0x00,0x00,0x1F,
    0xC0,0x00,0x03,0xF8,0x00,0x00,0x7E,0x00,0x00,0x1F,0x80,0x00,0x03,0x80,0x00,0x00,
    0x80,0x00,0x00,0x00,0x00,0x00,0x00,0x00,0x00,0x00,0x00,0x00,0x00,0x00,0x00,0x00,
    0x00,0x00,0x00,0x00,0x00,0x00,0x00,0x00,0x00,0x00,0x00,0x00,
};

static const uint8_t kAtlas6GlyphBits29[108] = {
    0x00,0x00,0x00,0x00,0x00,0x00,0x00,0x00,0x00,0x00,0x00,0x00,0x00,0x00,0x00,0x00,
    0x00,0x00,0x00,0x00,0x00,0x00,0x00,0x00,0x00,0x00,0x00,0x00,0x00,0x00,0x00,0x00,
    0x00,0x00,0x00,0x00,0x00,0x00,0x00,0x00,0x00,0x00,0x00,0x00,0x00,0x00,0x00,0x00,
    0x7F,0xFF,0x80,0x7F,0xFF,0x80,0x00,0x00,0x00,0x00,0x00,0x00,0x00,0x00,0x00,0x00,
    0x00,0x00,0x7F,0xFF,0x80,0x7F,0xFF,0x80,0x00,0x00,0x00,0x00,0x00,0x00,0x00,0x00,
    0x00,0x00,0x00,0x00,0x00,0x00,0x00,0x00,0x00,0x00,0x00,0x00,0x00,0x00,0x00,0x00,
    0x00,0x00,0x00,0x00,0x00,0x00,0x00,0x00,0x00,0x00,0x00,0x00,
};

static const uint8_t kAtlas6GlyphBits30[108] = {
    0x00,0x00,0x00,0x00,0x00,0x00,0x00,0x00,0x00,0x00,0x00,0x00,0x00,0x00,0x00,0x00,
    0x00,0x00,0x00,0x00,0x00,0x00,0x00,0x00,0x00,0x00,0x00,0x00,0x00,0x00,0x00,0x00,
    0x00,0x00,0x00,0x00,0x40,0x00,0x00,0x78,0x00,0x00,0x7F,0x00,0x00,0x1F,0xC0,0x00,
    0x03,0xF8,0x00,0x00,0x7E,0x00,0x00,0x0F,0x80,0x00,0x03,0x80,0x00,0x1F,0x80,0x00,
    0x7E,0x00,0x03,0xF8,0x00,0x1F,0xC0,0x00,0x7F,0x00,0x00,0x78,0x00,0x00,0x40,0x00,
    0x00,0x00,0x00,0x00,0x00,0x00,0x00,0x00,0x00,0x00,0x00,0x00,0x00,0x00,0x00,0x00,
    0x00,0x00,0x00,0x00,0x00,0x00,0x00,0x00,0x00,0x00,0x00,0x00,
};

static const uint8_t kAtlas6GlyphBits31[108] = {
    0x00,0x00,0x00,0x00,0x00,0x00,0x00,0x00,0x00,0x00,0x00,0x00,0x00,0x00,0x00,0x00,
    0x00,0x00,0x00,0x00,0x00,0x03,0xF8,0x00,0x0F,0xFC,0x00,0x0F,0x1E,0x00,0x08,0x0F,
    0x00,0x00,0x07,0x00,0x00,0x07,0x00,0x00,0x0E,0x00,0x00,0x1E,0x00,0x00,0x3C,0x00,
    0x00,0x70,0x00,0x00,0xE0,0x00,0x00,0xE0,0x00,0x01,0xC0,0x00,0x01,0xC0,0x00,0x00,
    0x00,0x00,0x00,0x00,0x00,0x00,0x00,0x00,0x00,0xC0,0x00,0x01,0xE0,0x00,0x01,0xE0,
    0x00,0x01,0xE0,0x00,0x00,0xC0,0x00,0x00,0x00,0x00,0x00,0x00,0x00,0x00,0x00,0x00,
    0x00,0x00,0x00,0x00,0x00,0x00,0x00,0x00,0x00,0x00,0x00,0x00,
};

static const uint8_t kAtlas6GlyphBits32[108] = {
    0x00,0x00,0x00,0x00,0x00,0x00,0x00,0x00,0x00,0x00,0x00,0x00,0x00,0x00,0x00,0x00,
    0x00,0x00,0x00,0x00,0x00,0x00,0x00,0x00,0x00,0x00,0x00,0x01,0xFC,0x00,0x07,0xFF,
    0x00,0x0F,0x07,0x80,0x1C,0x03,0x80,0x38,0x01,0xC0,0x30,0x00,0xC0,0x70,0x7E,0xC0,
    0x60,0xFF,0xC0,0x61,0xC3,0xC0,0x61,0x81,0xC0,0xE3,0x80,0xC0,0xE3,0x80,0xC0,0xE3,
    0x80,0xC0,0xE3,0x80,0xC0,0x61,0x81,0xC0,0x61,0xC3,0xC0,0x60,0xFE,0xC0,0x70,0x7E,
    0xC0,0x30,0x00,0x00,0x38,0x00,0x00,0x1C,0x00,0x00,0x0E,0x00,0x00,0x07,0xC2,0x00,
    0x03,0xFF,0x00,0x00,0xFE,0x00,0x00,0x00,0x00,0x00,0x00,0x00,
};

static const uint8_t kAtlas6GlyphBits33[108] = {
    0x00,0x00,0x00,0x00,0x00,0x00,0x00,0x00,0x00,0x00,0x00,0x00,0x00,0x00,0x00,0x00,
    0x00,0x00,0x00,0x00,0x00,0x01,0xE0,0x00,0x01,0xF0,0x00,0x01,0xF0,0x00,0x03,0xB0,
    0x00,0x03,0xB8,0x00,0x03,0xB8,0x00,0x07,0x38,0x00,0x07,0x1C,0x00,0x07,0x1C,0x00,
    0x0E,0x1C,0x00,0x0E,0x0C,0x00,0x0E,0x0E,0x00,0x0E,0x0E,0x00,0x1C,0x0E,0x00,0x1F,
    0xFF,0x00,0x1F,0xFF,0x00,0x38,0x07,0x00,0x38,0x03,0x80,0x38,0x03,0x80,0x70,0x03,
    0x80,0x70,0x03,0xC0,0x70,0x01,0xC0,0x00,0x00,0x00,0x00,0x00,0x00,0x00,0x00,0x00,
    0x00,0x00,0x00,0x00,0x00,0x00,0x00,0x00,0x00,0x00,0x00,0x00,
};

static const uint8_t kAtlas6GlyphBits34[108] = {
    0x00,0x00,0x00,0x00,0x00,0x00,0x00,0x00,0x00,0x00,0x00,0x00,0x00,0x00,0x00,0x00,
    0x00,0x00,0x00,0x00,0x00,0x1F,0xF8,0x00,0x1F,0xFE,0x00,0x1C,0x1F,0x00,0x1C,0x07,
    0x00,0x1C,0x07,0x00,0x1C,0x07,0x00,0x1C,0x07,0x00,0x1C,0x07,0x00,0x1C,0x0F,0x00,
    0x1F,0xFC,0x00,0x1F,0xFC,0x00,0x1C,0x1F,0x00,0x1C,0x07,0x00,0x1C,0x03,0x80,0x1C,
    0x03,0x80,0x1C,0x03,0x80,0x1C,0x03,0x80,0x1C,0x03,0x80,0x1C,0x07,0x80,0x1C,0x1F,
    0x00,0x1F,0xFE,0x00,0x1F,0xF8,0x00,0x00,0x00,0x00,0x00,0x00,0x00,0x00,0x00,0x00,
    0x00,0x00,0x00,0x00,0x00,0x00,0x00,0x00,0x00,0x00,0x00,0x00,
};

static const uint8_t kAtlas6GlyphBits35[108] = {
    0x00,0x00,0x00,0x00,0x00,0x00,0x00,0x00,0x00,0x00,0x00,0x00,0x00,0x00,0x00,0x00,
    0x00,0x00,0x00,0x00,0x00,0x00,0xFE,0x00,0x03,0xFF,0x00,0x07,0xC7,0x00,0x0F,0x01,
    0x00,0x1E,0x00,0x00,0x1C,0x00,0x00,0x1C,0x00,0x00,0x3C,0x00,0x00,0x38,0x00,0x00,
    0x38,0x00,0x00,0x38,0x00,0x00,0x38,0x00,0x00,0x38,0x00,0x00,0x38,0x00,0x00,0x3C,
    0x00,0x00,0x1C,0x00,0x00,0x1C,0x00,0x00,0x1E,0x00,0x00,0x0F,0x01,0x00,0x07,0xC7,
    0x00,0x03,0xFF,0x00,0x00,0xFE,0x00,0x00,0x00,0x00,0x00,0x00,0x00,0x00,0x00,0x00,
    0x00,0x00,0x00,0x00,0x00,0x00,0x00,0x00,0x00,0x00,0x00,0x00,
};

static const uint8_t kAtlas6GlyphBits36[108] = {
    0x00,0x00,0x00,0x00,0x00,0x00,0x00,0x00,0x00,0x00,0x00,0x00,0x00,0x00,0x00,0x00,
    0x00,0x00,0x00,0x00,0x00,0x3F,0xE0,0x00,0x3F,0xF8,0x00,0x38,0x7C,0x00,0x38,0x1E,
    0x00,0x38,0x0F,0x00,0x38,0x07,0x00,0x38,0x07,0x00,0x38,0x07,0x00,0x38,0x07,0x80,
    0x38,0x07,0x80,0x38,0x03,0x80,0x38,0x03,0x80,0x38,0x07,0x80,0x38,0x07,0x80,0x38,
    0x07,0x00,0x38,0x07,0x00,0x38,0x07,0x00,0x38,0x0F,0x00,0x38,0x1E,0x00,0x38,0x7C,
    0x00,0x3F,0xF8,0x00,0x3F,0xE0,0x00,0x00,0x00,0x00,0x00,0x00,0x00,0x00,0x00,0x00,
    0x00,0x00,0x00,0x00,0x00,0x00,0x00,0x00,0x00,0x00,0x00,0x00,
};

static const uint8_t kAtlas6GlyphBits37[108] = {
    0x00,0x00,0x00,0x00,0x00,0x00,0x00,0x00,0x00,0x00,0x00,0x00,0x00,0x00,0x00,0x00,
    0x00,0x00,0x00,0x00,0x00,0x1F,0xFF,0x00,0x1F,0xFF,0x00,0x1C,0x00,0x00,0x1C,0x00,
    0x00,0x1C,0x00,0x00,0x1C,0x00,0x00,0x1C,0x00,0x00,0x1C,0x00,0x00,0x1C,0x00,0x00,
    0x1F,0xFF,0x00,0x1F,0xFF,0x00,0x1C,0x00,0x00,0x1C,0x00,0x00,0x1C,0x00,0x00,0x1C,
    0x00,0x00,0x1C,0x00,0x00,0x1C,0x00,0x00,0x1C,0x00,0x00,0x1C,0x00,0x00,0x1C,0x00,
    0x00,0x1F,0xFF,0x80,0x1F,0xFF,0x80,0x00,0x00,0x00,0x00,0x00,0x00,0x00,0x00,0x00,
    0x00,0x00,0x00,0x00,0x00,0x00,0x00,0x00,0x00,0x00,0x00,0x00,
};

static const uint8_t kAtlas6GlyphBits38[108] = {
    0x00,0x00,0x00,0x00,0x00,0x00,0x00,0x00,0x00,0x00,0x00,0x00,0x00,0x00,0x00,0x00,
    0x00,0x00,0x00,0x00,0x00,0x0F,0xFF,0x80,0x0F,0xFF,0x80,0x0E,0x00,0x00,0x0E,0x00,
    0x00,0x0E,0x00,0x00,0x0E,0x00,0x00,0x0E,0x00,0x00,0x0E,0x00,0x00,0x0E,0x00,0x00,
    0x0F,0xFF,0x00,0x0F,0xFF,0x00,0x0E,0x00,0x00,0x0E,0x00,0x00,0x0E,0x00,0x00,0x0E,
    0x00,0x00,0x0E,0x00,0x00,0x0E,0x00,0x00,0x0E,0x00,0x00,0x0E,0x00,0x00,0x0E,0x00,
    0x00,0x0E,0x00,0x00,0x0E,0x00,0x00,0x00,0x00,0x00,0x00,0x00,0x00,0x00,0x00,0x00,
    0x00,0x00,0x00,0x00,0x00,0x00,0x00,0x00,0x00,0x00,0x00,0x00,
};

static const uint8_t kAtlas6GlyphBits39[108] = {
    0x00,0x00,0x00,0x00,0x00,0x00,0x00,0x00,0x00,0x00,0x00,0x00,0x00,0x00,0x00,0x00,
    0x00,0x00,0x00,0x00,0x00,0x01,0xFC,0x00,0x07,0xFF,0x00,0x0F,0x8F,0x00,0x1E,0x01,
    0x00,0x1C,0x00,0x00,0x3C,0x00,0x00,0x38,0x00,0x00,0x38,0x00,0x00,0x38,0x00,0x00,
    0x38,0x00,0x00,0x38,0x3F,0x80,0x38,0x3F,0x80,0x38,0x03,0x80,0x38,0x03,0x80,0x38,
    0x03,0x80,0x38,0x03,0x80,0x3C,0x03,0x80,0x1C,0x03,0x80,0x1E,0x03,0x80,0x0F,0x8F,
    0x80,0x07,0xFF,0x00,0x01,0xFC,0x00,0x00,0x00,0x00,0x00,0x00,0x00,0x00,0x00,0x00,
    0x00,0x00,0x00,0x00,0x00,0x00,0x00,0x00,0x00,0x00,0x00,0x00,
};

static const uint8_t kAtlas6GlyphBits40[108] = {
    0x00,0x00,0x00,0x00,0x00,0x00,0x00,0x00,0x00,0x00,0x00,0x00,0x00,0x00,0x00,0x00,
    0x00,0x00,0x00,0x00,0x00,0x38,0x03,0x80,0x38,0x03,0x80,0x38,0x03,0x80,0x38,0x03,
    0x80,0x38,0x03,0x80,0x38,0x03,0x80,0x38,0x03,0x80,0x38,0x03,0x80,0x38,0x03,0x80,
    0x3F,0xFF,0x80,0x3F,0xFF,0x80,0x38,0x03,0x80,0x38,0x03,0x80,0x38,0x03,0x80,0x38,
    0x03,0x80,0x38,0x03,0x80,0x38,0x03,0x80,0x38,0x03,0x80,0x38,0x03,0x80,0x38,0x03,
    0x80,0x38,0x03,0x80,0x38,0x03,0x80,0x00,0x00,0x00,0x00,0x00,0x00,0x00,0x00,0x00,
    0x00,0x00,0x00,0x00,0x00,0x00,0x00,0x00,0x00,0x00,0x00,0x00,
};

static const uint8_t kAtlas6GlyphBits41[108] = {
    0x00,0x00,0x00,0x00,0x00,0x00,0x00,0x00,0x00,0x00,0x00,0x00,0x00,0x00,0x00,0x00,
    0x00,0x00,0x00,0x00,0x00,0x1F,0xFF,0x00,0x1F,0xFF,0x00,0x00,0xE0,0x00,0x00,0xE0,
    0x00,0x00,0xE0,0x00,0x00,0xE0,0x00,0x00,0xE0,0x00,0x00,0xE0,0x00,0x00,0xE0,0x00,
    0x00,0xE0,0x00,0x00,0xE0,0x00,0x00,0xE0,0x00,0x00,0xE0,0x00,0x00,0xE0,0x00,0x00,
    0xE0,0x00,0x00,0xE0,0x00,0x00,0xE0,0x00,0x00,0xE0,0x00,0x00,0xE0,0x00,0x00,0xE0,
    0x00,0x1F,0xFF,0x00,0x1F,0xFF,0x00,0x00,0x00,0x00,0x00,0x00,0x00,0x00,0x00,0x00,
    0x00,0x00,0x00,0x00,0x00,0x00,0x00,0x00,0x00,0x00,0x00,0x00,
};

static const uint8_t kAtlas6GlyphBits42[108] = {
    0x00,0x00,0x00,0x00,0x00,0x00,0x00,0x00,0x00,0x00,0x00,0x00,0x00,0x00,0x00,0x00,
    0x00,0x00,0x00,0x00,0x00,0x03,0xFC,0x00,0x03,0xFC,0x00,0x00,0x1C,0x00,0x00,0x1C,
    0x00,0x00,0x1C,0x00,0x00,0x1C,0x00,0x00,0x1C,0x00,0x00,0x1C,0x00,0x00,0x1C,0x00,
    0x00,0x1C,0x00,0x00,0x1C,0x00,0x00,0x1C,0x00,0x00,0x1C,0x00,0x00,0x1C,0x00,0x00,
    0x1C,0x00,0x00,0x1C,0x00,0x00,0x1C,0x00,0x20,0x1C,0x00,0x20,0x1C,0x00,0x3C,0x78,
    0x00,0x3F,0xF8,0x00,0x0F,0xE0,0x00,0x00,0x00,0x00,0x00,0x00,0x00,0x00,0x00,0x00,
    0x00,0x00,0x00,0x00,0x00,0x00,0x00,0x00,0x00,0x00,0x00,0x00,
};

static const uint8_t kAtlas6GlyphBits43[108] = {
    0x00,0x00,0x00,0x00,0x00,0x00,0x00,0x00,0x00,0x00,0x00,0x00,0x00,0x00,0x00,0x00,
    0x00,0x00,0x00,0x00,0x00,0x38,0x03,0xC0,0x38,0x07,0x80,0x38,0x0F,0x00,0x38,0x1E,
    0x00,0x38,0x3C,0x00,0x38,0x78,0x00,0x38,0xF0,0x00,0x39,0xE0,0x00,0x3B,0xC0,0x00,
    0x3B,0xC0,0x00,0x3F,0xC0,0x00,0x3E,0xE0,0x00,0x3C,0xF0,0x00,0x38,0x78,0x00,0x38,
    0x38,0x00,0x38,0x3C,0x00,0x38,0x1E,0x00,0x38,0x0E,0x00,0x38,0x0F,0x00,0x38,0x07,
    0x80,0x38,0x03,0x80,0x38,0x01,0xE0,0x00,0x00,0x00,0x00,0x00,0x00,0x00,0x00,0x00,
    0x00,0x00,0x00,0x00,0x00,0x00,0x00,0x00,0x00,0x00,0x00,0x00,
};

static const uint8_t kAtlas6GlyphBits44[108] = {
    0x00,0x00,0x00,0x00,0x00,0x00,0x00,0x00,0x00,0x00,0x00,0x00,0x00,0x00,0x00,0x00,
    0x00,0x00,0x00,0x00,0x00,0x1C,0x00,0x00,0x1C,0x00,0x00,0x1C,0x00,0x00,0x1C,0x00,
    0x00,0x1C,0x00,0x00,0x1C,0x00,0x00,0x1C,0x00,0x00,0x1C,0x00,0x00,0x1C,0x00,0x00,
    0x1C,0x00,0x00,0x1C,0x00,0x00,0x1C,0x00,0x00,0x1C,0x00,0x00,0x1C,0x00,0x00,0x1C,
    0x00,0x00,0x1C,0x00,0x00,0x1C,0x00,0x00,0x1C,0x00,0x00,0x1C,0x00,0x00,0x1F,0xFF,
    0x80,0x1F,0xFF,0x80,0x1F,0xFF,0x80,0x00,0x00,0x00,0x00,0x00,0x00,0x00,0x00,0x00,
    0x00,0x00,0x00,0x00,0x00,0x00,0x00,0x00,0x00,0x00,0x00,0x00,
};

static const uint8_t kAtlas6GlyphBits45[108] = {
    0x00,0x00,0x00,0x00,0x00,0x00,0x00,0x00,0x00,0x00,0x00,0x00,0x00,0x00,0x00,0x00,
    0x00,0x00,0x00,0x00,0x00,0x7C,0x07,0x80,0x7C,0x07,0x80,0x7C,0x0F,0x80,0x7E,0x0F,
    0x80,0x76,0x0F,0x80,0x76,0x1F,0x80,0x77,0x1B,0x80,0x73,0x1B,0x80,0x73,0x33,0x80,
    0x71,0xB3,0x80,0x71,0xB3,0x80,0x71,0xE3,0x80,0x70,0xE3,0x80,0x70,0xE3,0x80,0x70,
    0x03,0x80,0x70,0x03,0x80,0x70,0x03,0x80,0x70,0x03,0x80,0x70,0x03,0x80,0x70,0x03,
    0x80,0x70,0x03,0x80,0x70,0x03,0x80,0x00,0x00,0x00,0x00,0x00,0x00,0x00,0x00,0x00,
    0x00,0x00,0x00,0x00,0x00,0x00,0x00,0x00,0x00,0x00,0x00,0x00,
};

static const uint8_t kAtlas6GlyphBits46[108] = {
    0x00,0x00,0x00,0x00,0x00,0x00,0x00,0x00,0x00,0x00,0x00,0x00,0x00,0x00,0x00,0x00,
    0x00,0x00,0x00,0x00,0x00,0x3C,0x03,0x80,0x3E,0x03,0x80,0x3E,0x03,0x80,0x3E,0x03,
    0x80,0x3F,0x03,0x80,0x3B,0x03,0x80,0x3B,0x83,0x80,0x39,0x83,0x80,0x39,0xC3,0x80,
    0x39,0xC3,0x80,0x38,0xC3,0x80,0x38,0xE3,0x80,0x38,0x63,0x80,0x38,0x73,0x80,0x38,
    0x33,0x80,0x38,0x33,0x80,0x38,0x3B,0x80,0x38,0x1B,0x80,0x38,0x1F,0x80,0x38,0x0F,
    0x80,0x38,0x0F,0x80,0x38,0x0F,0x80,0x00,0x00,0x00,0x00,0x00,0x00,0x00,0x00,0x00,
    0x00,0x00,0x00,0x00,0x00,0x00,0x00,0x00,0x00,0x00,0x00,0x00,
};

static const uint8_t kAtlas6GlyphBits47[108] = {
    0x00,0x00,0x00,0x00,0x00,0x00,0x00,0x00,0x00,0x00,0x00,0x00,0x00,0x00,0x00,0x00,
    0x00,0x00,0x00,0x00,0x00,0x03,0xF0,0x00,0x07,0xFC,0x00,0x0F,0x1E,0x00,0x1E,0x0E,
    0x00,0x1C,0x07,0x00,0x3C,0x07,0x00,0x38,0x07,0x00,0x38,0x03,0x80,0x38,0x03,0x80,
    0x38,0x03,0x80,0x38,0x03,0x80,0x38,0x03,0x80,0x38,0x03,0x80,0x38,0x03,0x80,0x38,
    0x03,0x80,0x38,0x07,0x00,0x3C,0x07,0x00,0x1C,0x07,0x00,0x1E,0x0E,0x00,0x0F,0x1E,
    0x00,0x07,0xFC,0x00,0x03,0xF0,0x00,0x00,0x00,0x00,0x00,0x00,0x00,0x00,0x00,0x00,
    0x00,0x00,0x00,0x00,0x00,0x00,0x00,0x00,0x00,0x00,0x00,0x00,
};

static const uint8_t kAtlas6GlyphBits48[108] = {
    0x00,0x00,0x00,0x00,0x00,0x00,0x00,0x00,0x00,0x00,0x00,0x00,0x00,0x00,0x00,0x00,
    0x00,0x00,0x00,0x00,0x00,0x1F,0xF8,0x00,0x1F,0xFE,0x00,0x1C,0x1F,0x00,0x1C,0x07,
    0x00,0x1C,0x07,0x80,0x1C,0x03,0x80,0x1C,0x03,0x80,0x1C,0x03,0x80,0x1C,0x07,0x80,
    0x1C,0x07,0x00,0x1C,0x1F,0x00,0x1F,0xFE,0x00,0x1F,0xF8,0x00,0x1C,0x00,0x00,0x1C,
    0x00,0x00,0x1C,0x00,0x00,0x1C,0x00,0x00,0x1C,0x00,0x00,0x1C,0x00,0x00,0x1C,0x00,
    0x00,0x1C,0x00,0x00,0x1C,0x00,0x00,0x00,0x00,0x00,0x00,0x00,0x00,0x00,0x00,0x00,
    0x00,0x00,0x00,0x00,0x00,0x00,0x00,0x00,0x00,0x00,0x00,0x00,
};

static const uint8_t kAtlas6GlyphBits49[108] = {
    0x00,0x00,0x00,0x00,0x00,0x00,0x00,0x00,0x00,0x00,0x00,0x00,0x00,0x00,0x00,0x00,
    0x00,0x00,0x00,0x00,0x00,0x03,0xF0,0x00,0x07,0xFC,0x00,0x0F,0x1E,0x00,0x1E,0x0E,
    0x00,0x1C,0x07,0x00,0x3C,0x07,0x00,0x38,0x07,0x00,0x38,0x03,0x80,0x38,0x03,0x80,
    0x38,0x03,0x80,0x38,0x03,0x80,0x38,0x03,0x80,0x38,0x03,0x80,0x38,0x03,0x80,0x38,
    0x03,0x80,0x38,0x07,0x80,0x3C,0x07,0x00,0x1C,0x07,0x00,0x1E,0x0F,0x00,0x0F,0x1E,
    0x00,0x07,0xFC,0x00,0x03,0xF8,0x00,0x00,0x3C,0x00,0x00,0x1E,0x00,0x00,0x07,0x00,
    0x00,0x03,0xC0,0x00,0x00,0x00,0x00,0x00,0x00,0x00,0x00,0x00,
};

static const uint8_t kAtlas6GlyphBits50[108] = {
    0x00,0x00,0x00,0x00,0x00,0x00,0x00,0x00,0x00,0x00,0x00,0x00,0x00,0x00,0x00,0x00,
    0x00,0x00,0x00,0x00,0x00,0x3F,0xF0,0x00,0x3F,0xFC,0x00,0x38,0x3E,0x00,0x38,0x0F,
    0x00,0x38,0x07,0x00,0x38,0x07,0x00,0x38,0x07,0x00,0x38,0x07,0x00,0x38,0x0F,0x00,
    0x38,0x1E,0x00,0x3F,0xFC,0x00,0x3F,0xF0,0x00,0x38,0x3C,0x00,0x38,0x1C,0x00,0x38,
    0x0E,0x00,0x38,0x0E,0x00,0x38,0x07,0x00,0x38,0x07,0x00,0x38,0x03,0x80,0x38,0x03,
    0x80,0x38,0x01,0xC0,0x38,0x01,0xE0,0x00,0x00,0x00,0x00,0x00,0x00,0x00,0x00,0x00,
    0x00,0x00,0x00,0x00,0x00,0x00,0x00,0x00,0x00,0x00,0x00,0x00,
};

static const uint8_t kAtlas6GlyphBits51[108] = {
    0x00,0x00,0x00,0x00,0x00,0x00,0x00,0x00,0x00,0x00,0x00,0x00,0x00,0x00,0x00,0x00,
    0x00,0x00,0x00,0x00,0x00,0x03,0xF8,0x00,0x0F,0xFE,0x00,0x1F,0x0E,0x00,0x1C,0x02,
    0x00,0x38,0x00,0x00,0x38,0x00,0x00,0x38,0x00,0x00,0x38,0x00,0x00,0x1E,0x00,0x00,
    0x1F,0xC0,0x00,0x0F,0xF8,0x00,0x01,0xFE,0x00,0x00,0x1F,0x00,0x00,0x07,0x00,0x00,
    0x07,0x80,0x00,0x03,0x80,0x00,0x03,0x80,0x00,0x07,0x00,0x30,0x07,0x00,0x3E,0x1F,
    0x00,0x3F,0xFE,0x00,0x07,0xF8,0x00,0x00,0x00,0x00,0x00,0x00,0x00,0x00,0x00,0x00,
    0x00,0x00,0x00,0x00,0x00,0x00,0x00,0x00,0x00,0x00,0x00,0x00,
};

static const uint8_t kAtlas6GlyphBits52[108] = {
    0x00,0x00,0x00,0x00,0x00,0x00,0x00,0x00,0x00,0x00,0x00,0x00,0x00,0x00,0x00,0x00,
    0x00,0x00,0x00,0x00,0x00,0x7F,0xFF,0xC0,0x7F,0xFF,0xC0,0x00,0xE0,0x00,0x00,0xE0,
    0x00,0x00,0xE0,0x00,0x00,0xE0,0x00,0x00,0xE0,0x00,0x00,0xE0,0x00,0x00,0xE0,0x00,
    0x00,0xE0,0x00,0x00,0xE0,0x00,0x00,0xE0,0x00,0x00,0xE0,0x00,0x00,0xE0,0x00,0x00,
    0xE0,0x00,0x00,0xE0,0x00,0x00,0xE0,0x00,0x00,0xE0,0x00,0x00,0xE0,0x00,0x00,0xE0,
    0x00,0x00,0xE0,0x00,0x00,0xE0,0x00,0x00,0x00,0x00,0x00,0x00,0x00,0x00,0x00,0x00,
    0x00,0x00,0x00,0x00,0x00,0x00,0x00,0x00,0x00,0x00,0x00,0x00,
};

static const uint8_t kAtlas6GlyphBits53[108] = {
    0x00,0x00,0x00,0x00,0x00,0x00,0x00,0x00,0x00,0x00,0x00,0x00,0x00,0x00,0x00,0x00,
    0x00,0x00,0x00,0x00,0x00,0x38,0x07,0x00,0x38,0x07,0x00,0x38,0x07,0x00,0x38,0x07,
    0x00,0x38,0x07,0x00,0x38,0x07,0x00,0x38,0x07,0x00,0x38,0x07,0x00,0x38,0x07,0x00,
    0x38,0x07,0x00,0x38,0x07,0x00,0x38,0x07,0x00,0x38,0x07,0x00,0x38,0x07,0x00,0x38,
    0x07,0x00,0x38,0x07,0x00,0x38,0x07,0x00,0x1C,0x07,0x00,0x1C,0x07,0x00,0x1F,0x1E,
    0x00,0x0F,0xFC,0x00,0x03,0xF0,0x00,0x00,0x00,0x00,0x00,0x00,0x00,0x00,0x00,0x00,
    0x00,0x00,0x00,0x00,0x00,0x00,0x00,0x00,0x00,0x00,0x00,0x00,
};

static const uint8_t kAtlas6GlyphBits54[108] = {
    0x00,0x00,0x00,0x00,0x00,0x00,0x00,0x00,0x00,0x00,0x00,0x00,0x00,0x00,0x00,0x00,
    0x00,0x00,0x00,0x00,0x00,0x70,0x01,0xC0,0x70,0x03,0x80,0x38,0x03,0x80,0x38,0x03,
    0x80,0x38,0x07,0x00,0x1C,0x07,0x00,0x1C,0x07,0x00,0x1C,0x07,0x00,0x1C,0x0E,0x00,
    0x0E,0x0E,0x00,0x0E,0x0E,0x00,0x0E,0x0C,0x00,0x06,0x1C,0x00,0x07,0x1C,0x00,0x07,
    0x18,0x00,0x03,0x38,0x00,0x03,0xB8,0x00,0x03,0xB8,0x00,0x03,0xB0,0x00,0x01,0xF0,
    0x00,0x01,0xF0,0x00,0x01,0xE0,0x00,0x00,0x00,0x00,0x00,0x00,0x00,0x00,0x00,0x00,
    0x00,0x00,0x00,0x00,0x00,0x00,0x00,0x00,0x00,0x00,0x00,0x00,
};

static const uint8_t kAtlas6GlyphBits55[108] = {
    0x00,0x00,0x00,0x00,0x00,0x00,0x00,0x00,0x00,0x00,0x00,0x00,0x00,0x00,0x00,0x00,
    0x00,0x00,0x00,0x00,0x00,0xE0,0x00,0xE0,0xE0,0x00,0xC0,0xE0,0x01,0xC0,0x60,0x01,
    0xC0,0x70,0x01,0xC0,0x70,0x01,0xC0,0x70,0xE1,0xC0,0x71,0xE1,0xC0,0x71,0xE1,0x80,
    0x71,0xF1,0x80,0x31,0xB3,0x80,0x31,0xB3,0x80,0x33,0xB3,0x80,0x3B,0x3B,0x80,0x3B,
    0x1B,0x00,0x3B,0x1B,0x00,0x1F,0x1B,0x00,0x1E,0x1B,0x00,0x1E,0x0F,0x00,0x1E,0x0F,
    0x00,0x1E,0x0F,0x00,0x1C,0x0E,0x00,0x00,0x00,0x00,0x00,0x00,0x00,0x00,0x00,0x00,
    0x00,0x00,0x00,0x00,0x00,0x00,0x00,0x00,0x00,0x00,0x00,0x00,
};

static const uint8_t kAtlas6GlyphBits56[108] = {
    0x00,0x00,0x00,0x00,0x00,0x00,0x00,0x00,0x00,0x00,0x00,0x00,0x00,0x00,0x00,0x00,
    0x00,0x00,0x00,0x00,0x00,0x78,0x03,0xC0,0x38,0x03,0x80,0x1C,0x07,0x00,0x0E,0x07,
    0x00,0x0E,0x0E,0x00,0x07,0x1C,0x00,0x07,0x1C,0x00,0x03,0xB8,0x00,0x01,0xF0,0x00,
    0x01,0xF0,0x00,0x00,0xE0,0x00,0x01,0xF0,0x00,0x03,0xF0,0x00,0x03,0xB8,0x00,0x07,
    0x1C,0x00,0x0F,0x1C,0x00,0x0E,0x0E,0x00,0x1C,0x0F,0x00,0x1C,0x07,0x00,0x38,0x03,
    0x80,0x78,0x03,0x80,0xF0,0x01,0xC0,0x00,0x00,0x00,0x00,0x00,0x00,0x00,0x00,0x00,
    0x00,0x00,0x00,0x00,0x00,0x00,0x00,0x00,0x00,0x00,0x00,0x00,
};

static const uint8_t kAtlas6GlyphBits57[108] = {
    0x00,0x00,0x00,0x00,0x00,0x00,0x00,0x00,0x00,0x00,0x00,0x00,0x00,0x00,0x00,0x00,
    0x00,0x00,0x00,0x00,0x00,0x70,0x01,0xC0,0x78,0x03,0x80,0x38,0x07,0x80,0x1C,0x07,
    0x00,0x1C,0x0E,0x00,0x0E,0x0E,0x00,0x0E,0x1C,0x00,0x07,0x1C,0x00,0x03,0xB8,0x00,
    0x03,0xB0,0x00,0x01,0xF0,0x00,0x01,0xE0,0x00,0x00,0xE0,0x00,0x00,0xE0,0x00,0x00,
    0xE0,0x00,0x00,0xE0,0x00,0x00,0xE0,0x00,0x00,0xE0,0x00,0x00,0xE0,0x00,0x00,0xE0,
    0x00,0x00,0xE0,0x00,0x00,0xE0,0x00,0x00,0x00,0x00,0x00,0x00,0x00,0x00,0x00,0x00,
    0x00,0x00,0x00,0x00,0x00,0x00,0x00,0x00,0x00,0x00,0x00,0x00,
};

static const uint8_t kAtlas6GlyphBits58[108] = {
    0x00,0x00,0x00,0x00,0x00,0x00,0x00,0x00,0x00,0x00,0x00,0x00,0x00,0x00,0x00,0x00,
    0x00,0x00,0x00,0x00,0x00,0x3F,0xFF,0x80,0x3F,0xFF,0x80,0x00,0x07,0x00,0x00,0x0F,
    0x00,0x00,0x0E,0x00,0x00,0x1C,0x00,0x00,0x3C,0x00,0x00,0x38,0x00,0x00,0x70,0x00,
    0x00,0xF0,0x00,0x00,0xE0,0x00,0x01,0xC0,0x00,0x01,0xC0,0x00,0x03,0x80,0x00,0x07,
    0x00,0x00,0x07,0x00,0x00,0x0E,0x00,0x00,0x1C,0x00,0x00,0x1C,0x00,0x00,0x38,0x00,
    0x00,0x3F,0xFF,0x80,0x3F,0xFF,0x80,0x00,0x00,0x00,0x00,0x00,0x00,0x00,0x00,0x00,
    0x00,0x00,0x00,0x00,0x00,0x00,0x00,0x00,0x00,0x00,0x00,0x00,
};

static const uint8_t kAtlas6GlyphBits59[108] = {
    0x00,0x00,0x00,0x00,0x00,0x00,0x00,0x00,0x00,0x00,0x00,0x00,0x00,0x00,0x00,0x07,
    0xFC,0x00,0x07,0xFC,0x00,0x07,0x00,0x00,0x07,0x00,0x00,0x07,0x00,0x00,0x07,0x00,
    0x00,0x07,0x00,0x00,0x07,0x00,0x00,0x07,0x00,0x00,0x07,0x00,0x00,0x07,0x00,0x00,
    0x07,0x00,0x00,0x07,0x00,0x00,0x07,0x00,0x00,0x07,0x00,0x00,0x07,0x00,0x00,0x07,
    0x00,0x00,0x07,0x00,0x00,0x07,0x00,0x00,0x07,0x00,0x00,0x07,0x00,0x00,0x07,0x00,
    0x00,0x07,0x00,0x00,0x07,0x00,0x00,0x07,0x00,0x00,0x07,0x00,0x00,0x07,0xFC,0x00,
    0x07,0xFC,0x00,0x00,0x00,0x00,0x00,0x00,0x00,0x00,0x00,0x00,
};

static const uint8_t kAtlas6GlyphBits60[108] = {
    0x00,0x00,0x00,0x00,0x00,0x00,0x00,0x00,0x00,0x00,0x00,0x00,0x00,0x00,0x00,0x00,
    0x00,0x00,0x00,0x00,0x00,0x38,0x00,0x00,0x1C,0x00,0x00,0x1C,0x00,0x00,0x0C,0x00,
    0x00,0x0E,0x00,0x00,0x06,0x00,0x00,0x07,0x00,0x00,0x03,0x00,0x00,0x03,0x80,0x00,
    0x03,0x80,0x00,0x01,0xC0,0x00,0x01,0xC0,0x00,0x00,0xE0,0x00,0x00,0xE0,0x00,0x00,
    0x70,0x00,0x00,0x70,0x00,0x00,0x38,0x00,0x00,0x38,0x00,0x00,0x1C,0x00,0x00,0x1C,
    0x00,0x00,0x0E,0x00,0x00,0x0E,0x00,0x00,0x07,0x00,0x00,0x07,0x00,0x00,0x03,0x80,
    0x00,0x00,0x00,0x00,0x00,0x00,0x00,0x00,0x00,0x00,0x00,0x00,
};

static const uint8_t kAtlas6GlyphBits61[108] = {
    0x00,0x00,0x00,0x00,0x00,0x00,0x00,0x00,0x00,0x00,0x00,0x00,0x00,0x00,0x00,0x0F,
    0xFC,0x00,0x0F,0xFC,0x00,0x00,0x1C,0x00,0x00,0x1C,0x00,0x00,0x1C,0x00,0x00,0x1C,
    0x00,0x00,0x1C,0x00,0x00,0x1C,0x00,0x00,0x1C,0x00,0x00,0x1C,0x00,0x00,0x1C,0x00,
    0x00,0x1C,0x00,0x00,0x1C,0x00,0x00,0x1C,0x00,0x00,0x1C,0x00,0x00,0x1C,0x00,0x00,
    0x1C,0x00,0x00,0x1C,0x00,0x00,0x1C,0x00,0x00,0x1C,0x00,0x00,0x1C,0x00,0x00,0x1C,
    0x00,0x00,0x1C,0x00,0x00,0x1C,0x00,0x00,0x1C,0x00,0x00,0x1C,0x00,0x0F,0xFC,0x00,
    0x0F,0xFC,0x00,0x00,0x00,0x00,0x00,0x00,0x00,0x00,0x00,0x00,
};

static const uint8_t kAtlas6GlyphBits62[108] = {
    0x00,0x00,0x00,0x00,0x00,0x00,0x00,0x00,0x00,0x00,0x00,0x00,0x00,0x00,0x00,0x00,
    0x00,0x00,0x00,0xE0,0x00,0x01,0xE0,0x00,0x03,0xF0,0x00,0x03,0xB8,0x00,0x07,0x1C,
    0x00,0x0E,0x0E,0x00,0x1C,0x07,0x00,0x38,0x07,0x00,0x70,0x03,0xC0,0x00,0x00,0x00,
    0x00,0x00,0x00,0x00,0x00,0x00,0x00,0x00,0x00,0x00,0x00,0x00,0x00,0x00,0x00,0x00,
    0x00,0x00,0x00,0x00,0x00,0x00,0x00,0x00,0x00,0x00,0x00,0x00,0x00,0x00,0x00,0x00,
    0x00,0x00,0x00,0x00,0x00,0x00,0x00,0x00,0x00,0x00,0x00,0x00,0x00,0x00,0x00,0x00,
    0x00,0x00,0x00,0x00,0x00,0x00,0x00,0x00,0x00,0x00,0x00,0x00,
};

static const uint8_t kAtlas6GlyphBits63[108] = {
    0x00,0x00,0x00,0x00,0x00,0x00,0x00,0x00,0x00,0x00,0x00,0x00,0x00,0x00,0x00,0x00,
    0x00,0x00,0x00,0x00,0x00,0x00,0x00,0x00,0x00,0x00,0x00,0x00,0x00,0x00,0x00,0x00,
    0x00,0x00,0x00,0x00,0x00,0x00,0x00,0x00,0x00,0x00,0x00,0x00,0x00,0x00,0x00,0x00,
    0x00,0x00,0x00,0x00,0x00,0x00,0x00,0x00,0x00,0x00,0x00,0x00,0x00,0x00,0x00,0x00,
    0x00,0x00,0x00,0x00,0x00,0x00,0x00,0x00,0x00,0x00,0x00,0x00,0x00,0x00,0x00,0x00,
    0x00,0x00,0x00,0x00,0x00,0x00,0x00,0x00,0x00,0x00,0x00,0x00,0x00,0x00,0x00,0x00,
    0x7F,0xFF,0x80,0x7F,0xFF,0x80,0x00,0x00,0x00,0x00,0x00,0x00,
};

static const uint8_t kAtlas6GlyphBits64[108] = {
    0x00,0x00,0x00,0x00,0x00,0x00,0x00,0x00,0x00,0x00,0x00,0x00,0x0E,0x00,0x00,0x07,
    0x00,0x00,0x03,0x80,0x00,0x01,0xC0,0x00,0x00,0xC0,0x00,0x00,0x60,0x00,0x00,0x00,
    0x00,0x00,0x00,0x00,0x00,0x00,0x00,0x00,0x00,0x00,0x00,0x00,0x00,0x00,0x00,0x00,
    0x00,0x00,0x00,0x00,0x00,0x00,0x00,0x00,0x00,0x00,0x00,0x00,0x00,0x00,0x00,0x00,
    0x00,0x00,0x00,0x00,0x00,0x00,0x00,0x00,0x00,0x00,0x00,0x00,0x00,0x00,0x00,0x00,
    0x00,0x00,0x00,0x00,0x00,0x00,0x00,0x00,0x00,0x00,0x00,0x00,0x00,0x00,0x00,0x00,
    0x00,0x00,0x00,0x00,0x00,0x00,0x00,0x00,0x00,0x00,0x00,0x00,
};

static const uint8_t kAtlas6GlyphBits65[108] = {
    0x00,0x00,0x00,0x00,0x00,0x00,0x00,0x00,0x00,0x00,0x00,0x00,0x00,0x00,0x00,0x00,
    0x00,0x00,0x00,0x00,0x00,0x00,0x00,0x00,0x00,0x00,0x00,0x00,0x00,0x00,0x00,0x00,
    0x00,0x00,0x00,0x00,0x07,0xF0,0x00,0x1F,0xFC,0x00,0x1E,0x1E,0x00,0x10,0x07,0x00,
    0x00,0x07,0x00,0x00,0x07,0x00,0x03,0xFF,0x00,0x0F,0xFF,0x00,0x1F,0x07,0x00,0x3C,
    0x07,0x00,0x38,0x07,0x00,0x38,0x07,0x00,0x38,0x0F,0x00,0x38,0x0F,0x00,0x1E,0x3B,
    0x00,0x0F,0xF3,0x00,0x07,0xC3,0x80,0x00,0x00,0x00,0x00,0x00,0x00,0x00,0x00,0x00,
    0x00,0x00,0x00,0x00,0x00,0x00,0x00,0x00,0x00,0x00,0x00,0x00,
};

static const uint8_t kAtlas6GlyphBits66[108] = {
    0x00,0x00,0x00,0x00,0x00,0x00,0x00,0x00,0x00,0x00,0x00,0x00,0x00,0x00,0x00,0x00,
    0x00,0x00,0x1C,0x00,0x00,0x1C,0x00,0x00,0x1C,0x00,0x00,0x1C,0x00,0x00,0x1C,0x00,
    0x00,0x1C,0x00,0x00,0x1C,0xF8,0x00,0x1D,0xFC,0x00,0x1F,0x1E,0x00,0x1E,0x07,0x00,
    0x1C,0x07,0x00,0x1C,0x03,0x80,0x1C,0x03,0x80,0x1C,0x03,0x80,0x1C,0x03,0x80,0x1C,
    0x03,0x80,0x1C,0x03,0x80,0x1C,0x03,0x80,0x1C,0x07,0x00,0x1E,0x07,0x00,0x1F,0x1E,
    0x00,0x1F,0xFC,0x00,0x18,0xF8,0x00,0x00,0x00,0x00,0x00,0x00,0x00,0x00,0x00,0x00,
    0x00,0x00,0x00,0x00,0x00,0x00,0x00,0x00,0x00,0x00,0x00,0x00,
};

static const uint8_t kAtlas6GlyphBits67[108] = {
    0x00,0x00,0x00,0x00,0x00,0x00,0x00,0x00,0x00,0x00,0x00,0x00,0x00,0x00,0x00,0x00,
    0x00,0x00,0x00,0x00,0x00,0x00,0x00,0x00,0x00,0x00,0x00,0x00,0x00,0x00,0x00,0x00,
    0x00,0x00,0x00,0x00,0x01,0xFC,0x00,0x03,0xFF,0x00,0x0F,0x87,0x00,0x0E,0x01,0x00,
    0x1C,0x00,0x00,0x1C,0x00,0x00,0x1C,0x00,0x00,0x18,0x00,0x00,0x38,0x00,0x00,0x18,
    0x00,0x00,0x1C,0x00,0x00,0x1C,0x00,0x00,0x1C,0x00,0x00,0x0E,0x01,0x00,0x0F,0x87,
    0x00,0x03,0xFF,0x00,0x01,0xFC,0x00,0x00,0x00,0x00,0x00,0x00,0x00,0x00,0x00,0x00,
    0x00,0x00,0x00,0x00,0x00,0x00,0x00,0x00,0x00,0x00,0x00,0x00,
};

static const uint8_t kAtlas6GlyphBits68[108] = {
    0x00,0x00,0x00,0x00,0x00,0x00,0x00,0x00,0x00,0x00,0x00,0x00,0x00,0x00,0x00,0x00,
    0x00,0x00,0x00,0x07,0x00,0x00,0x07,0x00,0x00,0x07,0x00,0x00,0x07,0x00,0x00,0x07,
    0x00,0x00,0x07,0x00,0x03,0xE7,0x00,0x0F,0xF7,0x00,0x1F,0x3F,0x00,0x1C,0x0F,0x00,
    0x38,0x0F,0x00,0x38,0x07,0x00,0x38,0x07,0x00,0x38,0x07,0x00,0x38,0x07,0x00,0x38,
    0x07,0x00,0x38,0x07,0x00,0x38,0x07,0x00,0x38,0x0F,0x00,0x1C,0x0F,0x00,0x1F,0x3F,
    0x00,0x0F,0xF7,0x00,0x03,0xE7,0x00,0x00,0x00,0x00,0x00,0x00,0x00,0x00,0x00,0x00,
    0x00,0x00,0x00,0x00,0x00,0x00,0x00,0x00,0x00,0x00,0x00,0x00,
};

static const uint8_t kAtlas6GlyphBits69[108] = {
    0x00,0x00,0x00,0x00,0x00,0x00,0x00,0x00,0x00,0x00,0x00,0x00,0x00,0x00,0x00,0x00,
    0x00,0x00,0x00,0x00,0x00,0x00,0x00,0x00,0x00,0x00,0x00,0x00,0x00,0x00,0x00,0x00,
    0x00,0x00,0x00,0x00,0x01,0xF8,0x00,0x07,0xFC,0x00,0x0F,0x1E,0x00,0x1C,0x07,0x00,
    0x1C,0x03,0x00,0x38,0x03,0x80,0x38,0x03,0x80,0x3F,0xFF,0x80,0x3F,0xFF,0x80,0x38,
    0x00,0x00,0x38,0x00,0x00,0x38,0x00,0x00,0x1C,0x00,0x00,0x1E,0x01,0x00,0x0F,0x8F,
    0x00,0x07,0xFF,0x00,0x01,0xFC,0x00,0x00,0x00,0x00,0x00,0x00,0x00,0x00,0x00,0x00,
    0x00,0x00,0x00,0x00,0x00,0x00,0x00,0x00,0x00,0x00,0x00,0x00,
};

static const uint8_t kAtlas6GlyphBits70[108] = {
    0x00,0x00,0x00,0x00,0x00,0x00,0x00,0x00,0x00,0x00,0x00,0x00,0x00,0x00,0x00,0x00,
    0x00,0x00,0x00,0x7F,0x00,0x00,0xFF,0x00,0x01,0xE0,0x00,0x01,0xC0,0x00,0x01,0xC0,
    0x00,0x01,0xC0,0x00,0x1F,0xFF,0x00,0x1F,0xFF,0x00,0x01,0xC0,0x00,0x01,0xC0,0x00,
    0x01,0xC0,0x00,0x01,0xC0,0x00,0x01,0xC0,0x00,0x01,0xC0,0x00,0x01,0xC0,0x00,0x01,
    0xC0,0x00,0x01,0xC0,0x00,0x01,0xC0,0x00,0x01,0xC0,0x00,0x01,0xC0,0x00,0x01,0xC0,
    0x00,0x01,0xC0,0x00,0x01,0xC0,0x00,0x00,0x00,0x00,0x00,0x00,0x00,0x00,0x00,0x00,
    0x00,0x00,0x00,0x00,0x00,0x00,0x00,0x00,0x00,0x00,0x00,0x00,
};

static const uint8_t kAtlas6GlyphBits71[108] = {
    0x00,0x00,0x00,0x00,0x00,0x00,0x00,0x00,0x00,0x00,0x00,0x00,0x00,0x00,0x00,0x00,
    0x00,0x00,0x00,0x00,0x00,0x00,0x00,0x00,0x00,0x00,0x00,0x00,0x00,0x00,0x00,0x00,
    0x00,0x00,0x00,0x00,0x03,0xE3,0x00,0x07,0xFB,0x00,0x0F,0x1F,0x00,0x1E,0x0F,0x00,
    0x1C,0x07,0x00,0x1C,0x07,0x00,0x38,0x07,0x00,0x38,0x07,0x00,0x38,0x07,0x00,0x38,
    0x07,0x00,0x38,0x07,0x00,0x1C,0x07,0x00,0x1C,0x07,0x00,0x1E,0x0F,0x00,0x0F,0x1F,
    0x00,0x07,0xFF,0x00,0x03,0xE7,0x00,0x00,0x07,0x00,0x00,0x07,0x00,0x00,0x0E,0x00,
    0x0E,0x1E,0x00,0x0F,0xFC,0x00,0x07,0xF0,0x00,0x00,0x00,0x00,
};

static const uint8_t kAtlas6GlyphBits72[108] = {
    0x00,0x00,0x00,0x00,0x00,0x00,0x00,0x00,0x00,0x00,0x00,0x00,0x00,0x00,0x00,0x00,
    0x00,0x00,0x1C,0x00,0x00,0x1C,0x00,0x00,0x1C,0x00,0x00,0x1C,0x00,0x00,0x1C,0x00,
    0x00,0x1C,0x00,0x00,0x1C,0xF8,0x00,0x1D,0xFE,0x00,0x1F,0x1E,0x00,0x1E,0x0F,0x00,
    0x1C,0x07,0x00,0x1C,0x07,0x00,0x1C,0x07,0x00,0x1C,0x07,0x00,0x1C,0x07,0x00,0x1C,
    0x07,0x00,0x1C,0x07,0x00,0x1C,0x07,0x00,0x1C,0x07,0x00,0x1C,0x07,0x00,0x1C,0x07,
    0x00,0x1C,0x07,0x00,0x1C,0x07,0x00,0x00,0x00,0x00,0x00,0x00,0x00,0x00,0x00,0x00,
    0x00,0x00,0x00,0x00,0x00,0x00,0x00,0x00,0x00,0x00,0x00,0x00,
};

static const uint8_t kAtlas6GlyphBits73[108] = {
    0x00,0x00,0x00,0x00,0x00,0x00,0x00,0x00,0x00,0x00,0x00,0x00,0x00,0x00,0x00,0x00,
    0x00,0x00,0x01,0xE0,0x00,0x01,0xE0,0x00,0x01,0xE0,0x00,0x00,0x00,0x00,0x00,0x00,
    0x00,0x00,0x00,0x00,0x0F,0xE0,0x00,0x0F,0xE0,0x00,0x00,0xE0,0x00,0x00,0xE0,0x00,
    0x00,0xE0,0x00,0x00,0xE0,0x00,0x00,0xE0,0x00,0x00,0xE0,0x00,0x00,0xE0,0x00,0x00,
    0xE0,0x00,0x00,0xE0,0x00,0x00,0xE0,0x00,0x00,0xE0,0x00,0x00,0xE0,0x00,0x00,0x70,
    0x00,0x00,0x7F,0x80,0x00,0x1F,0x80,0x00,0x00,0x00,0x00,0x00,0x00,0x00,0x00,0x00,
    0x00,0x00,0x00,0x00,0x00,0x00,0x00,0x00,0x00,0x00,0x00,0x00,
};

static const uint8_t kAtlas6GlyphBits74[108] = {
    0x00,0x00,0x00,0x00,0x00,0x00,0x00,0x00,0x00,0x00,0x00,0x00,0x00,0x00,0x00,0x00,
    0x00,0x00,0x00,0x78,0x00,0x00,0x78,0x00,0x00,0x78,0x00,0x00,0x00,0x00,0x00,0x00,
    0x00,0x00,0x00,0x00,0x07,0xF8,0x00,0x07,0xF8,0x00,0x00,0x38,0x00,0x00,0x38,0x00,
    0x00,0x38,0x00,0x00,0x38,0x00,0x00,0x38,0x00,0x00,0x38,0x00,0x00,0x38,0x00,0x00,
    0x38,0x00,0x00,0x38,0x00,0x00,0x38,0x00,0x00,0x38,0x00,0x00,0x38,0x00,0x00,0x38,
    0x00,0x00,0x38,0x00,0x00,0x38,0x00,0x00,0x38,0x00,0x00,0x38,0x00,0x00,0x70,0x00,
    0x00,0xF0,0x00,0x0F,0xE0,0x00,0x0F,0xC0,0x00,0x00,0x00,0x00,
};

static const uint8_t kAtlas6GlyphBits75[108] = {
    0x00,0x00,0x00,0x00,0x00,0x00,0x00,0x00,0x00,0x00,0x00,0x00,0x00,0x00,0x00,0x00,
    0x00,0x00,0x1C,0x00,0x00,0x1C,0x00,0x00,0x1C,0x00,0x00,0x1C,0x00,0x00,0x1C,0x00,
    0x00,0x1C,0x00,0x00,0x1C,0x07,0x80,0x1C,0x0E,0x00,0x1C,0x1C,0x00,0x1C,0x38,0x00,
    0x1C,0x70,0x00,0x1C,0xE0,0x00,0x1D,0xC0,0x00,0x1F,0xE0,0x00,0x1F,0x70,0x00,0x1E,
    0x78,0x00,0x1C,0x38,0x00,0x1C,0x1C,0x00,0x1C,0x1E,0x00,0x1C,0x0E,0x00,0x1C,0x07,
    0x00,0x1C,0x03,0x80,0x1C,0x03,0xC0,0x00,0x00,0x00,0x00,0x00,0x00,0x00,0x00,0x00,
    0x00,0x00,0x00,0x00,0x00,0x00,0x00,0x00,0x00,0x00,0x00,0x00,
};

static const uint8_t kAtlas6GlyphBits76[108] = {
    0x00,0x00,0x00,0x00,0x00,0x00,0x00,0x00,0x00,0x00,0x00,0x00,0x00,0x00,0x00,0x00,
    0x00,0x00,0x1F,0xC0,0x00,0x1F,0xC0,0x00,0x01,0xC0,0x00,0x01,0xC0,0x00,0x01,0xC0,
    0x00,0x01,0xC0,0x00,0x01,0xC0,0x00,0x01,0xC0,0x00,0x01,0xC0,0x00,0x01,0xC0,0x00,
    0x01,0xC0,0x00,0x01,0xC0,0x00,0x01,0xC0,0x00,0x01,0xC0,0x00,0x01,0xC0,0x00,0x01,
    0xC0,0x00,0x01,0xC0,0x00,0x01,0xC0,0x00,0x01,0xC0,0x00,0x00,0xE0,0x00,0x00,0xF0,
    0x00,0x00,0x7F,0x00,0x00,0x3F,0x00,0x00,0x00,0x00,0x00,0x00,0x00,0x00,0x00,0x00,
    0x00,0x00,0x00,0x00,0x00,0x00,0x00,0x00,0x00,0x00,0x00,0x00,
};

static const uint8_t kAtlas6GlyphBits77[108] = {
    0x00,0x00,0x00,0x00,0x00,0x00,0x00,0x00,0x00,0x00,0x00,0x00,0x00,0x00,0x00,0x00,
    0x00,0x00,0x00,0x00,0x00,0x00,0x00,0x00,0x00,0x00,0x00,0x00,0x00,0x00,0x00,0x00,
    0x00,0x00,0x00,0x00,0x37,0x8E,0x00,0x3F,0xDF,0x00,0x39,0xF3,0x80,0x38,0xE3,0x80,
    0x30,0xE1,0x80,0x30,0xE1,0x80,0x30,0xE1,0x80,0x30,0xE1,0x80,0x30,0xE1,0x80,0x30,
    0xE1,0x80,0x30,0xE1,0x80,0x30,0xE1,0x80,0x30,0xE1,0x80,0x30,0xE1,0x80,0x30,0xE1,
    0x80,0x30,0xE1,0x80,0x30,0xE1,0x80,0x00,0x00,0x00,0x00,0x00,0x00,0x00,0x00,0x00,
    0x00,0x00,0x00,0x00,0x00,0x00,0x00,0x00,0x00,0x00,0x00,0x00,
};

static const uint8_t kAtlas6GlyphBits78[108] = {
    0x00,0x00,0x00,0x00,0x00,0x00,0x00,0x00,0x00,0x00,0x00,0x00,0x00,0x00,0x00,0x00,
    0x00,0x00,0x00,0x00,0x00,0x00,0x00,0x00,0x00,0x00,0x00,0x00,0x00,0x00,0x00,0x00,
    0x00,0x00,0x00,0x00,0x1C,0xF8,0x00,0x1D,0xFC,0x00,0x1F,0x9E,0x00,0x1E,0x0F,0x00,
    0x1C,0x07,0x00,0x1C,0x07,0x00,0x1C,0x07,0x00,0x1C,0x07,0x00,0x1C,0x07,0x00,0x1C,
    0x07,0x00,0x1C,0x07,0x00,0x1C,0x07,0x00,0x1C,0x07,0x00,0x1C,0x07,0x00,0x1C,0x07,
    0x00,0x1C,0x07,0x00,0x1C,0x07,0x00,0x00,0x00,0x00,0x00,0x00,0x00,0x00,0x00,0x00,
    0x00,0x00,0x00,0x00,0x00,0x00,0x00,0x00,0x00,0x00,0x00,0x00,
};

static const uint8_t kAtlas6GlyphBits79[108] = {
    0x00,0x00,0x00,0x00,0x00,0x00,0x00,0x00,0x00,0x00,0x00,0x00,0x00,0x00,0x00,0x00,
    0x00,0x00,0x00,0x00,0x00,0x00,0x00,0x00,0x00,0x00,0x00,0x00,0x00,0x00,0x00,0x00,
    0x00,0x00,0x00,0x00,0x03,0xF0,0x00,0x07,0xFC,0x00,0x0F,0x1E,0x00,0x1C,0x0F,0x00,
    0x1C,0x07,0x00,0x38,0x07,0x00,0x38,0x07,0x00,0x38,0x03,0x80,0x38,0x03,0x80,0x38,
    0x03,0x80,0x38,0x07,0x00,0x38,0x07,0x00,0x1C,0x07,0x00,0x1C,0x0F,0x00,0x0F,0x1E,
    0x00,0x07,0xFC,0x00,0x03,0xF0,0x00,0x00,0x00,0x00,0x00,0x00,0x00,0x00,0x00,0x00,
    0x00,0x00,0x00,0x00,0x00,0x00,0x00,0x00,0x00,0x00,0x00,0x00,
};

static const uint8_t kAtlas6GlyphBits80[108] = {
    0x00,0x00,0x00,0x00,0x00,0x00,0x00,0x00,0x00,0x00,0x00,0x00,0x00,0x00,0x00,0x00,
    0x00,0x00,0x00,0x00,0x00,0x00,0x00,0x00,0x00,0x00,0x00,0x00,0x00,0x00,0x00,0x00,
    0x00,0x00,0x00,0x00,0x18,0xF8,0x00,0x1D,0xFC,0x00,0x1F,0x9E,0x00,0x1E,0x07,0x00,
    0x1C,0x07,0x00,0x1C,0x03,0x00,0x1C,0x03,0x80,0x1C,0x03,0x80,0x1C,0x03,0x80,0x1C,
    0x03,0x80,0x1C,0x03,0x80,0x1C,0x03,0x00,0x1C,0x07,0x00,0x1E,0x07,0x00,0x1F,0x9E,
    0x00,0x1F,0xFC,0x00,0x1C,0xF8,0x00,0x1C,0x00,0x00,0x1C,0x00,0x00,0x1C,0x00,0x00,
    0x1C,0x00,0x00,0x1C,0x00,0x00,0x1C,0x00,0x00,0x00,0x00,0x00,
};

static const uint8_t kAtlas6GlyphBits81[108] = {
    0x00,0x00,0x00,0x00,0x00,0x00,0x00,0x00,0x00,0x00,0x00,0x00,0x00,0x00,0x00,0x00,
    0x00,0x00,0x00,0x00,0x00,0x00,0x00,0x00,0x00,0x00,0x00,0x00,0x00,0x00,0x00,0x00,
    0x00,0x00,0x00,0x00,0x03,0xE7,0x00,0x07,0xF7,0x00,0x0F,0x3F,0x00,0x1C,0x0F,0x00,
    0x1C,0x0F,0x00,0x38,0x07,0x00,0x38,0x07,0x00,0x38,0x07,0x00,0x38,0x07,0x00,0x38,
    0x07,0x00,0x38,0x07,0x00,0x38,0x07,0x00,0x1C,0x0F,0x00,0x1C,0x0F,0x00,0x0F,0x3F,
    0x00,0x0F,0xF7,0x00,0x03,0xE7,0x00,0x00,0x07,0x00,0x00,0x07,0x00,0x00,0x07,0x00,
    0x00,0x07,0x00,0x00,0x07,0x00,0x00,0x07,0x00,0x00,0x00,0x00,
};

static const uint8_t kAtlas6GlyphBits82[108] = {
    0x00,0x00,0x00,0x00,0x00,0x00,0x00,0x00,0x00,0x00,0x00,0x00,0x00,0x00,0x00,0x00,
    0x00,0x00,0x00,0x00,0x00,0x00,0x00,0x00,0x00,0x00,0x00,0x00,0x00,0x00,0x00,0x00,
    0x00,0x00,0x00,0x00,0x06,0x3F,0x00,0x06,0x7F,0x80,0x06,0xE3,0x80,0x07,0x80,0x80,
    0x07,0x00,0x00,0x07,0x00,0x00,0x07,0x00,0x00,0x06,0x00,0x00,0x06,0x00,0x00,0x06,
    0x00,0x00,0x06,0x00,0x00,0x06,0x00,0x00,0x06,0x00,0x00,0x06,0x00,0x00,0x06,0x00,
    0x00,0x06,0x00,0x00,0x06,0x00,0x00,0x00,0x00,0x00,0x00,0x00,0x00,0x00,0x00,0x00,
    0x00,0x00,0x00,0x00,0x00,0x00,0x00,0x00,0x00,0x00,0x00,0x00,
};

static const uint8_t kAtlas6GlyphBits83[108] = {
    0x00,0x00,0x00,0x00,0x00,0x00,0x00,0x00,0x00,0x00,0x00,0x00,0x00,0x00,0x00,0x00,
    0x00,0x00,0x00,0x00,0x00,0x00,0x00,0x00,0x00,0x00,0x00,0x00,0x00,0x00,0x00,0x00,
    0x00,0x00,0x00,0x00,0x03,0xF8,0x00,0x07,0xFE,0x00,0x0F,0x0E,0x00,0x1C,0x02,0x00,
    0x1C,0x00,0x00,0x1C,0x00,0x00,0x0E,0x00,0x00,0x0F,0xE0,0x00,0x03,0xFC,0x00,0x00,
    0x7E,0x00,0x00,0x0E,0x00,0x00,0x07,0x00,0x00,0x07,0x00,0x10,0x0E,0x00,0x1E,0x1E,
    0x00,0x1F,0xFC,0x00,0x07,0xF0,0x00,0x00,0x00,0x00,0x00,0x00,0x00,0x00,0x00,0x00,
    0x00,0x00,0x00,0x00,0x00,0x00,0x00,0x00,0x00,0x00,0x00,0x00,
};

static const uint8_t kAtlas6GlyphBits84[108] = {
    0x00,0x00,0x00,0x00,0x00,0x00,0x00,0x00,0x00,0x00,0x00,0x00,0x00,0x00,0x00,0x00,
    0x00,0x00,0x00,0x40,0x00,0x01,0x80,0x00,0x01,0x80,0x00,0x01,0x80,0x00,0x01,0x80,
    0x00,0x01,0x80,0x00,0x3F,0xFF,0x00,0x3F,0xFF,0x00,0x01,0x80,0x00,0x01,0x80,0x00,
    0x01,0x80,0x00,0x01,0x80,0x00,0x01,0x80,0x00,0x01,0x80,0x00,0x01,0x80,0x00,0x01,
    0x80,0x00,0x01,0x80,0x00,0x01,0x80,0x00,0x01,0x80,0x00,0x01,0xC0,0x00,0x01,0xE0,
    0x00,0x00,0xFF,0x00,0x00,0x7F,0x00,0x00,0x00,0x00,0x00,0x00,0x00,0x00,0x00,0x00,
    0x00,0x00,0x00,0x00,0x00,0x00,0x00,0x00,0x00,0x00,0x00,0x00,
};

static const uint8_t kAtlas6GlyphBits85[108] = {
    0x00,0x00,0x00,0x00,0x00,0x00,0x00,0x00,0x00,0x00,0x00,0x00,0x00,0x00,0x00,0x00,
    0x00,0x00,0x00,0x00,0x00,0x00,0x00,0x00,0x00,0x00,0x00,0x00,0x00,0x00,0x00,0x00,
    0x00,0x00,0x00,0x00,0x1C,0x07,0x00,0x1C,0x07,0x00,0x1C,0x07,0x00,0x1C,0x07,0x00,
    0x1C,0x07,0x00,0x1C,0x07,0x00,0x1C,0x07,0x00,0x1C,0x07,0x00,0x1C,0x07,0x00,0x1C,
    0x07,0x00,0x1C,0x07,0x00,0x1C,0x07,0x00,0x1C,0x07,0x00,0x1E,0x0F,0x00,0x0F,0x3F,
    0x00,0x0F,0xF7,0x00,0x03,0xE7,0x00,0x00,0x00,0x00,0x00,0x00,0x00,0x00,0x00,0x00,
    0x00,0x00,0x00,0x00,0x00,0x00,0x00,0x00,0x00,0x00,0x00,0x00,
};

static const uint8_t kAtlas6GlyphBits86[108] = {
    0x00,0x00,0x00,0x00,0x00,0x00,0x00,0x00,0x00,0x00,0x00,0x00,0x00,0x00,0x00,0x00,
    0x00,0x00,0x00,0x00,0x00,0x00,0x00,0x00,0x00,0x00,0x00,0x00,0x00,0x00,0x00,0x00,
    0x00,0x00,0x00,0x00,0x38,0x03,0x80,0x38,0x03,0x80,0x38,0x07,0x00,0x1C,0x07,0x00,
    0x1C,0x07,0x00,0x1C,0x0E,0x00,0x0E,0x0E,0x00,0x0E,0x0C,0x00,0x06,0x1C,0x00,0x07,
    0x1C,0x00,0x07,0x18,0x00,0x03,0x38,0x00,0x03,0xB8,0x00,0x03,0xB0,0x00,0x01,0xF0,
    0x00,0x01,0xF0,0x00,0x01,0xE0,0x00,0x00,0x00,0x00,0x00,0x00,0x00,0x00,0x00,0x00,
    0x00,0x00,0x00,0x00,0x00,0x00,0x00,0x00,0x00,0x00,0x00,0x00,
};

static const uint8_t kAtlas6GlyphBits87[108] = {
    0x00,0x00,0x00,0x00,0x00,0x00,0x00,0x00,0x00,0x00,0x00,0x00,0x00,0x00,0x00,0x00,
    0x00,0x00,0x00,0x00,0x00,0x00,0x00,0x00,0x00,0x00,0x00,0x00,0x00,0x00,0x00,0x00,
    0x00,0x00,0x00,0x00,0xE0,0x00,0xE0,0xE0,0x00,0xC0,0x60,0x01,0xC0,0x70,0x01,0xC0,
    0x70,0x01,0xC0,0x70,0xE1,0x80,0x30,0xE1,0x80,0x31,0xE3,0x80,0x39,0xA3,0x80,0x39,
    0xB3,0x00,0x39,0xB3,0x00,0x1B,0x37,0x00,0x1B,0x1F,0x00,0x1F,0x1F,0x00,0x1E,0x1E,
    0x00,0x0E,0x0E,0x00,0x0E,0x0E,0x00,0x00,0x00,0x00,0x00,0x00,0x00,0x00,0x00,0x00,
    0x00,0x00,0x00,0x00,0x00,0x00,0x00,0x00,0x00,0x00,0x00,0x00,
};

static const uint8_t kAtlas6GlyphBits88[108] = {
    0x00,0x00,0x00,0x00,0x00,0x00,0x00,0x00,0x00,0x00,0x00,0x00,0x00,0x00,0x00,0x00,
    0x00,0x00,0x00,0x00,0x00,0x00,0x00,0x00,0x00,0x00,0x00,0x00,0x00,0x00,0x00,0x00,
    0x00,0x00,0x00,0x00,0x38,0x07,0x80,0x1C,0x07,0x00,0x0E,0x0E,0x00,0x0E,0x1C,0x00,
    0x07,0x1C,0x00,0x03,0xB8,0x00,0x01,0xF0,0x00,0x01,0xE0,0x00,0x00,0xE0,0x00,0x01,
    0xF0,0x00,0x03,0xB8,0x00,0x07,0x38,0x00,0x07,0x1C,0x00,0x0E,0x0E,0x00,0x1C,0x0F,
    0x00,0x38,0x07,0x00,0x78,0x03,0xC0,0x00,0x00,0x00,0x00,0x00,0x00,0x00,0x00,0x00,
    0x00,0x00,0x00,0x00,0x00,0x00,0x00,0x00,0x00,0x00,0x00,0x00,
};

static const uint8_t kAtlas6GlyphBits89[108] = {
    0x00,0x00,0x00,0x00,0x00,0x00,0x00,0x00,0x00,0x00,0x00,0x00,0x00,0x00,0x00,0x00,
    0x00,0x00,0x00,0x00,0x00,0x00,0x00,0x00,0x00,0x00,0x00,0x00,0x00,0x00,0x00,0x00,
    0x00,0x00,0x00,0x00,0x38,0x03,0x80,0x38,0x03,0x80,0x18,0x03,0x00,0x1C,0x07,0x00,
    0x1C,0x07,0x00,0x0E,0x0E,0x00,0x0E,0x0E,0x00,0x06,0x0C,0x00,0x07,0x1C,0x00,0x07,
    0x1C,0x00,0x03,0x98,0x00,0x03,0xB8,0x00,0x01,0xB8,0x00,0x01,0xF0,0x00,0x01,0xF0,
    0x00,0x00,0xE0,0x00,0x00,0xE0,0x00,0x00,0xE0,0x00,0x01,0xC0,0x00,0x01,0xC0,0x00,
    0x03,0x80,0x00,0x1F,0x80,0x00,0x1E,0x00,0x00,0x00,0x00,0x00,
};

static const uint8_t kAtlas6GlyphBits90[108] = {
    0x00,0x00,0x00,0x00,0x00,0x00,0x00,0x00,0x00,0x00,0x00,0x00,0x00,0x00,0x00,0x00,
    0x00,0x00,0x00,0x00,0x00,0x00,0x00,0x00,0x00,0x00,0x00,0x00,0x00,0x00,0x00,0x00,
    0x00,0x00,0x00,0x00,0x1F,0xFF,0x00,0x1F,0xFF,0x00,0x00,0x07,0x00,0x00,0x0E,0x00,
    0x00,0x1C,0x00,0x00,0x3C,0x00,0x00,0x78,0x00,0x00,0x70,0x00,0x00,0xE0,0x00,0x01,
    0xC0,0x00,0x03,0x80,0x00,0x07,0x80,0x00,0x07,0x00,0x00,0x0E,0x00,0x00,0x1C,0x00,
    0x00,0x1F,0xFF,0x00,0x1F,0xFF,0x00,0x00,0x00,0x00,0x00,0x00,0x00,0x00,0x00,0x00,
    0x00,0x00,0x00,0x00,0x00,0x00,0x00,0x00,0x00,0x00,0x00,0x00,
};

static const uint8_t kAtlas6GlyphBits91[108] = {
    0x00,0x00,0x00,0x00,0x00,0x00,0x00,0x00,0x00,0x00,0x00,0x00,0x00,0x00,0x00,0x00,
    0x3E,0x00,0x00,0xFE,0x00,0x00,0xF0,0x00,0x00,0xE0,0x00,0x01,0xC0,0x00,0x01,0xC0,
    0x00,0x01,0xC0,0x00,0x01,0xC0,0x00,0x01,0xC0,0x00,0x01,0xC0,0x00,0x01,0xC0,0x00,
    0x01,0xC0,0x00,0x07,0xC0,0x00,0x3F,0x00,0x00,0x3F,0x80,0x00,0x03,0xC0,0x00,0x01,
    0xC0,0x00,0x01,0xC0,0x00,0x01,0xC0,0x00,0x01,0xC0,0x00,0x01,0xC0,0x00,0x01,0xC0,
    0x00,0x01,0xC0,0x00,0x01,0xC0,0x00,0x00,0xE0,0x00,0x00,0xF0,0x00,0x00,0xFE,0x00,
    0x00,0x3E,0x00,0x00,0x00,0x00,0x00,0x00,0x00,0x00,0x00,0x00,
};

static const uint8_t kAtlas6GlyphBits92[108] = {
    0x00,0x00,0x00,0x00,0x00,0x00,0x00,0x00,0x00,0x00,0x00,0x00,0x00,0x00,0x00,0x00,
    0x00,0x00,0x00,0xE0,0x00,0x00,0xE0,0x00,0x00,0xE0,0x00,0x00,0xE0,0x00,0x00,0xE0,
    0x00,0x00,0xE0,0x00,0x00,0xE0,0x00,0x00,0xE0,0x00,0x00,0xE0,0x00,0x00,0xE0,0x00,
    0x00,0xE0,0x00,0x00,0xE0,0x00,0x00,0xE0,0x00,0x00,0xE0,0x00,0x00,0xE0,0x00,0x00,
    0xE0,0x00,0x00,0xE0,0x00,0x00,0xE0,0x00,0x00,0xE0,0x00,0x00,0xE0,0x00,0x00,0xE0,
    0x00,0x00,0xE0,0x00,0x00,0xE0,0x00,0x00,0xE0,0x00,0x00,0xE0,0x00,0x00,0xE0,0x00,
    0x00,0xE0,0x00,0x00,0xE0,0x00,0x00,0xE0,0x00,0x00,0xE0,0x00,
};

static const uint8_t kAtlas6GlyphBits93[108] = {
    0x00,0x00,0x00,0x00,0x00,0x00,0x00,0x00,0x00,0x00,0x00,0x00,0x00,0x00,0x00,0x0F,
    0x80,0x00,0x0F,0xC0,0x00,0x01,0xE0,0x00,0x00,0xE0,0x00,0x00,0xE0,0x00,0x00,0xE0,
    0x00,0x00,0xE0,0x00,0x00,0xE0,0x00,0x00,0xE0,0x00,0x00,0xE0,0x00,0x00,0xE0,0x00,
    0x00,0x70,0x00,0x00,0x7C,0x00,0x00,0x3F,0x80,0x00,0x3F,0x80,0x00,0x78,0x00,0x00,
    0x70,0x00,0x00,0xE0,0x00,0x00,0xE0,0x00,0x00,0xE0,0x00,0x00,0xE0,0x00,0x00,0xE0,
    0x00,0x00,0xE0,0x00,0x00,0xE0,0x00,0x00,0xE0,0x00,0x01,0xE0,0x00,0x0F,0xC0,0x00,
    0x0F,0x80,0x00,0x00,0x00,0x00,0x00,0x00,0x00,0x00,0x00,0x00,
};

static const uint8_t kAtlas6GlyphBits94[108] = {
    0x00,0x00,0x00,0x00,0x00,0x00,0x00,0x00,0x00,0x00,0x00,0x00,0x00,0x00,0x00,0x00,
    0x00,0x00,0x00,0x00,0x00,0x00,0x00,0x00,0x00,0x00,0x00,0x00,0x00,0x00,0x00,0x00,
    0x00,0x00,0x00,0x00,0x00,0x00,0x00,0x00,0x00,0x00,0x00,0x00,0x00,0x00,0x00,0x00,
    0x00,0x00,0x00,0x1F,0x01,0x80,0x1F,0x81,0x80,0x39,0xC1,0x80,0x30,0xE3,0x80,0x70,
    0x73,0x80,0x70,0x3F,0x00,0x70,0x1E,0x00,0x00,0x00,0x00,0x00,0x00,0x00,0x00,0x00,
    0x00,0x00,0x00,0x00,0x00,0x00,0x00,0x00,0x00,0x00,0x00,0x00,0x00,0x00,0x00,0x00,
    0x00,0x00,0x00,0x00,0x00,0x00,0x00,0x00,0x00,0x00,0x00,0x00,
};

static const uint8_t kAtlas6GlyphBits95[108] = {
    0x00,0x00,0x00,0x00,0x00,0x00,0x00,0x00,0x00,0x00,0x00,0x00,0x00,0x00,0x00,0x00,
    0x00,0x00,0x00,0x00,0x00,0x00,0x00,0x00,0x00,0x00,0x00,0x00,0x00,0x00,0x00,0x00,
    0x00,0x00,0x00,0x00,0x00,0xC0,0x00,0x01,0xE0,0x00,0x03,0xF0,0x00,0x07,0xF8,0x00,
    0x0E,0xEC,0x00,0x04,0xE8,0x00,0x00,0xE0,0x00,0x00,0xE0,0x00,0x00,0xE0,0x00,0x00,
    0xE0,0x00,0x00,0xE0,0x00,0x00,0xE0,0x00,0x00,0xE0,0x00,0x00,0xE0,0x00,0x00,0xE0,
    0x00,0x00,0xE0,0x00,0x00,0xE0,0x00,0x00,0x00,0x00,0x00,0x00,0x00,0x00,0x00,0x00,
    0x00,0x00,0x00,0x00,0x00,0x00,0x00,0x00,0x00,0x00,0x00,0x00,
};

static const uint8_t kAtlas6GlyphBits96[108] = {
    0x00,0x00,0x00,0x00,0x00,0x00,0x00,0x00,0x00,0x00,0x00,0x00,0x00,0x00,0x00,0x00,
    0x00,0x00,0x00,0x00,0x00,0x00,0x00,0x00,0x00,0x00,0x00,0x00,0x00,0x00,0x00,0x00,
    0x00,0x00,0x00,0x00,0x00,0x00,0x00,0x00,0x00,0x00,0x00,0x04,0x00,0x00,0x0E,0x00,
    0x00,0x07,0x00,0x00,0x03,0x80,0xFF,0xFF,0xC0,0xFF,0xFF,0xC0,0x00,0x03,0x00,0x00,
    0x06,0x00,0x00,0x0C,0x00,0x00,0x04,0x00,0x00,0x00,0x00,0x00,0x00,0x00,0x00,0x00,
    0x00,0x00,0x00,0x00,0x00,0x00,0x00,0x00,0x00,0x00,0x00,0x00,0x00,0x00,0x00,0x00,
    0x00,0x00,0x00,0x00,0x00,0x00,0x00,0x00,0x00,0x00,0x00,0x00,
};

static const Glyph kAtlas6Glyphs[97] = {
    { 0x20, kAtlas6GlyphBits0 },
    { 0x21, kAtlas6GlyphBits1 },
    { 0x22, kAtlas6GlyphBits2 },
    { 0x23, kAtlas6GlyphBits3 },
    { 0x24, kAtlas6GlyphBits4 },
    { 0x25, kAtlas6GlyphBits5 },
    { 0x26, kAtlas6GlyphBits6 },
    { 0x27, kAtlas6GlyphBits7 },
    { 0x28, kAtlas6GlyphBits8 },
    { 0x29, kAtlas6GlyphBits9 },
    { 0x2a, kAtlas6GlyphBits10 },
    { 0x2b, kAtlas6GlyphBits11 },
    { 0x2c, kAtlas6GlyphBits12 },
    { 0x2d, kAtlas6GlyphBits13 },
    { 0x2e, kAtlas6GlyphBits14 },
    { 0x2f, kAtlas6GlyphBits15 },
    { 0x30, kAtlas6GlyphBits16 },
    { 0x31, kAtlas6GlyphBits17 },
    { 0x32, kAtlas6GlyphBits18 },
    { 0x33, kAtlas6GlyphBits19 },
    { 0x34, kAtlas6GlyphBits20 },
    { 0x35, kAtlas6GlyphBits21 },
    { 0x36, kAtlas6GlyphBits22 },
    { 0x37, kAtlas6GlyphBits23 },
    { 0x38, kAtlas6GlyphBits24 },
    { 0x39, kAtlas6GlyphBits25 },
    { 0x3a, kAtlas6GlyphBits26 },
    { 0x3b, kAtlas6GlyphBits27 },
    { 0x3c, kAtlas6GlyphBits28 },
    { 0x3d, kAtlas6GlyphBits29 },
    { 0x3e, kAtlas6GlyphBits30 },
    { 0x3f, kAtlas6GlyphBits31 },
    { 0x40, kAtlas6GlyphBits32 },
    { 0x41, kAtlas6GlyphBits33 },
    { 0x42, kAtlas6GlyphBits34 },
    { 0x43, kAtlas6GlyphBits35 },
    { 0x44, kAtlas6GlyphBits36 },
    { 0x45, kAtlas6GlyphBits37 },
    { 0x46, kAtlas6GlyphBits38 },
    { 0x47, kAtlas6GlyphBits39 },
    { 0x48, kAtlas6GlyphBits40 },
    { 0x49, kAtlas6GlyphBits41 },
    { 0x4a, kAtlas6GlyphBits42 },
    { 0x4b, kAtlas6GlyphBits43 },
    { 0x4c, kAtlas6GlyphBits44 },
    { 0x4d, kAtlas6GlyphBits45 },
    { 0x4e, kAtlas6GlyphBits46 },
    { 0x4f, kAtlas6GlyphBits47 },
    { 0x50, kAtlas6GlyphBits48 },
    { 0x51, kAtlas6GlyphBits49 },
    { 0x52, kAtlas6GlyphBits50 },
    { 0x53, kAtlas6GlyphBits51 },
    { 0x54, kAtlas6GlyphBits52 },
    { 0x55, kAtlas6GlyphBits53 },
    { 0x56, kAtlas6GlyphBits54 },
    { 0x57, kAtlas6GlyphBits55 },
    { 0x58, kAtlas6GlyphBits56 },
    { 0x59, kAtlas6GlyphBits57 },
    { 0x5a, kAtlas6GlyphBits58 },
    { 0x5b, kAtlas6GlyphBits59 },
    { 0x5c, kAtlas6GlyphBits60 },
    { 0x5d, kAtlas6GlyphBits61 },
    { 0x5e, kAtlas6GlyphBits62 },
    { 0x5f, kAtlas6GlyphBits63 },
    { 0x60, kAtlas6GlyphBits64 },
    { 0x61, kAtlas6GlyphBits65 },
    { 0x62, kAtlas6GlyphBits66 },
    { 0x63, kAtlas6GlyphBits67 },
    { 0x64, kAtlas6GlyphBits68 },
    { 0x65, kAtlas6GlyphBits69 },
    { 0x66, kAtlas6GlyphBits70 },
    { 0x67, kAtlas6GlyphBits71 },
    { 0x68, kAtlas6GlyphBits72 },
    { 0x69, kAtlas6GlyphBits73 },
    { 0x6a, kAtlas6GlyphBits74 },
    { 0x6b, kAtlas6GlyphBits75 },
    { 0x6c, kAtlas6GlyphBits76 },
    { 0x6d, kAtlas6GlyphBits77 },
    { 0x6e, kAtlas6GlyphBits78 },
    { 0x6f, kAtlas6GlyphBits79 },
    { 0x70, kAtlas6GlyphBits80 },
    { 0x71, kAtlas6GlyphBits81 },
    { 0x72, kAtlas6GlyphBits82 },
    { 0x73, kAtlas6GlyphBits83 },
    { 0x74, kAtlas6GlyphBits84 },
    { 0x75, kAtlas6GlyphBits85 },
    { 0x76, kAtlas6GlyphBits86 },
    { 0x77, kAtlas6GlyphBits87 },
    { 0x78, kAtlas6GlyphBits88 },
    { 0x79, kAtlas6GlyphBits89 },
    { 0x7a, kAtlas6GlyphBits90 },
    { 0x7b, kAtlas6GlyphBits91 },
    { 0x7c, kAtlas6GlyphBits92 },
    { 0x7d, kAtlas6GlyphBits93 },
    { 0x7e, kAtlas6GlyphBits94 },
    { 0x2191, kAtlas6GlyphBits95 },
    { 0x2192, kAtlas6GlyphBits96 },
};

static const uint8_t kAtlas7GlyphBits0[132] = {
    0x00,0x00,0x00,0x00,0x00,0x00,0x00,0x00,0x00,0x00,0x00,0x00,0x00,0x00,0x00,0x00,
    0x00,0x00,0x00,0x00,0x00,0x00,0x00,0x00,0x00,0x00,0x00,0x00,0x00,0x00,0x00,0x00,
    0x00,0x00,0x00,0x00,0x00,0x00,0x00,0x00,0x00,0x00,0x00,0x00,0x00,0x00,0x00,0x00,
    0x00,0x00,0x00,0x00,0x00,0x00,0x00,0x00,0x00,0x00,0x00,0x00,0x00,0x00,0x00,0x00,
    0x00,0x00,0x00,0x00,0x00,0x00,0x00,0x00,0x00,0x00,0x00,0x00,0x00,0x00,0x00,0x00,
    0x00,0x00,0x00,0x00,0x00,0x00,0x00,0x00,0x00,0x00,0x00,0x00,0x00,0x00,0x00,0x00,
    0x00,0x00,0x00,0x00,0x00,0x00,0x00,0x00,0x00,0x00,0x00,0x00,0x00,0x00,0x00,0x00,
    0x00,0x00,0x00,0x00,0x00,0x00,0x00,0x00,0x00,0x00,0x00,0x00,0x00,0x00,0x00,0x00,
    0x00,0x00,0x00,0x00,
};

static const uint8_t kAtlas7GlyphBits1[132] = {
    0x00,0x00,0x00,0x00,0x00,0x00,0x00,0x00,0x00,0x00,0x00,0x00,0x00,0x00,0x00,0x00,
    0x00,0x00,0x00,0x00,0x00,0x00,0x00,0x00,0x00,0x7C,0x00,0x00,0x7C,0x00,0x00,0x7C,
    0x00,0x00,0x7C,0x00,0x00,0x7C,0x00,0x00,0x7C,0x00,0x00,0x7C,0x00,0x00,0x7C,0x00,
    0x00,0x7C,0x00,0x00,0x7C,0x00,0x00,0x7C,0x00,0x00,0x78,0x00,0x00,0x78,0x00,0x00,
    0x38,0x00,0x00,0x38,0x00,0x00,0x38,0x00,0x00,0x38,0x00,0x00,0x38,0x00,0x00,0x38,
    0x00,0x00,0x00,0x00,0x00,0x00,0x00,0x00,0x00,0x00,0x00,0x00,0x00,0x00,0x38,0x00,
    0x00,0x7C,0x00,0x00,0xFC,0x00,0x00,0xFC,0x00,0x00,0x7C,0x00,0x00,0x38,0x00,0x00,
    0x00,0x00,0x00,0x00,0x00,0x00,0x00,0x00,0x00,0x00,0x00,0x00,0x00,0x00,0x00,0x00,
    0x00,0x00,0x00,0x00,
};

static const uint8_t kAtlas7GlyphBits2[132] = {
    0x00,0x00,0x00,0x00,0x00,0x00,0x00,0x00,0x00,0x00,0x00,0x00,0x00,0x00,0x00,0x00,
    0x00,0x00,0x00,0x00,0x00,0x00,0x00,0x00,0x03,0xC7,0x80,0x03,0xC7,0x80,0x03,0xC7,
    0x80,0x03,0xC7,0x80,0x03,0xC7,0x80,0x03,0xC7,0x80,0x03,0xC7,0x80,0x03,0xC7,0x80,
    0x03,0xC7,0x80,0x03,0xC7,0x80,0x00,0x00,0x00,0x00,0x00,0x00,0x00,0x00,0x00,0x00,
    0x00,0x00,0x00,0x00,0x00,0x00,0x00,0x00,0x00,0x00,0x00,0x00,0x00,0x00,0x00,0x00,
    0x00,0x00,0x00,0x00,0x00,0x00,0x00,0x00,0x00,0x00,0x00,0x00,0x00,0x00,0x00,0x00,
    0x00,0x00,0x00,0x00,0x00,0x00,0x00,0x00,0x00,0x00,0x00,0x00,0x00,0x00,0x00,0x00,
    0x00,0x00,0x00,0x00,0x00,0x00,0x00,0x00,0x00,0x00,0x00,0x00,0x00,0x00,0x00,0x00,
    0x00,0x00,0x00,0x00,
};

static const uint8_t kAtlas7GlyphBits3[132] = {
    0x00,0x00,0x00,0x00,0x00,0x00,0x00,0x00,0x00,0x00,0x00,0x00,0x00,0x00,0x00,0x00,
    0x00,0x00,0x00,0x00,0x00,0x00,0x00,0x00,0x00,0x38,0x70,0x00,0x70,0x70,0x00,0x70,
    0x70,0x00,0x70,0xE0,0x00,0x70,0xE0,0x00,0xE0,0xE0,0x00,0xE0,0xE0,0x00,0xE1,0xC0,
    0x3F,0xFF,0xFE,0x3F,0xFF,0xFE,0x3F,0xFF,0xFE,0x01,0xC3,0x80,0x01,0xC3,0x80,0x03,
    0x83,0x80,0x03,0x83,0x80,0x03,0x87,0x00,0x03,0x87,0x00,0xFF,0xFF,0xF8,0xFF,0xFF,
    0xF8,0xFF,0xFF,0xF8,0x07,0x0E,0x00,0x0E,0x0E,0x00,0x0E,0x0E,0x00,0x0E,0x1C,0x00,
    0x0E,0x1C,0x00,0x1C,0x1C,0x00,0x1C,0x3C,0x00,0x00,0x00,0x00,0x00,0x00,0x00,0x00,
    0x00,0x00,0x00,0x00,0x00,0x00,0x00,0x00,0x00,0x00,0x00,0x00,0x00,0x00,0x00,0x00,
    0x00,0x00,0x00,0x00,
};

static const uint8_t kAtlas7GlyphBits4[132] = {
    0x00,0x00,0x00,0x00,0x00,0x00,0x00,0x00,0x00,0x00,0x00,0x00,0x00,0x00,0x00,0x00,
    0x00,0x00,0x00,0x3C,0x00,0x00,0x3C,0x00,0x00,0x3C,0x00,0x00,0x3C,0x00,0x00,0x7C,
    0x00,0x01,0xFF,0xE0,0x07,0xFF,0xE0,0x0F,0x98,0xE0,0x0F,0x18,0x20,0x0E,0x18,0x00,
    0x0E,0x18,0x00,0x0E,0x18,0x00,0x0E,0x18,0x00,0x0F,0x18,0x00,0x07,0xD8,0x00,0x07,
    0xFE,0x00,0x01,0xFF,0x80,0x00,0x3F,0xE0,0x00,0x1B,0xF0,0x00,0x18,0xF0,0x00,0x18,
    0x70,0x00,0x18,0x78,0x00,0x18,0x78,0x00,0x18,0x78,0x08,0x18,0x70,0x0E,0x19,0xF0,
    0x0F,0xFF,0xE0,0x0F,0xFF,0xC0,0x01,0xFF,0x00,0x00,0x3C,0x00,0x00,0x3C,0x00,0x00,
    0x3C,0x00,0x00,0x3C,0x00,0x00,0x3C,0x00,0x00,0x00,0x00,0x00,0x00,0x00,0x00,0x00,
    0x00,0x00,0x00,0x00,
};

static const uint8_t kAtlas7GlyphBits5[132] = {
    0x00,0x00,0x00,0x00,0x00,0x00,0x00,0x00,0x00,0x00,0x00,0x00,0x00,0x00,0x00,0x00,
    0x00,0x00,0x00,0x00,0x00,0x00,0x00,0x00,0x00,0x00,0x00,0x0F,0x80,0x00,0x3F,0xC0,
    0x00,0x3F,0xE0,0x00,0x70,0x70,0x00,0x60,0x30,0x00,0x60,0x30,0x00,0x60,0x30,0x00,
    0x70,0x70,0x00,0x78,0xF0,0x0C,0x3F,0xE0,0x3C,0x1F,0xC1,0xF8,0x0F,0x8F,0xC0,0x00,
    0x3E,0x00,0x01,0xF8,0x00,0x0F,0xC3,0xC0,0x3E,0x0F,0xF0,0x78,0x0F,0xF8,0x40,0x1C,
    0x3C,0x00,0x18,0x1C,0x00,0x38,0x0C,0x00,0x38,0x0C,0x00,0x18,0x1C,0x00,0x1C,0x3C,
    0x00,0x1F,0xF8,0x00,0x0F,0xF0,0x00,0x03,0xE0,0x00,0x00,0x00,0x00,0x00,0x00,0x00,
    0x00,0x00,0x00,0x00,0x00,0x00,0x00,0x00,0x00,0x00,0x00,0x00,0x00,0x00,0x00,0x00,
    0x00,0x00,0x00,0x00,
};

static const uint8_t kAtlas7GlyphBits6[132] = {
    0x00,0x00,0x00,0x00,0x00,0x00,0x00,0x00,0x00,0x00,0x00,0x00,0x00,0x00,0x00,0x00,
    0x00,0x00,0x00,0x00,0x00,0x00,0x10,0x00,0x01,0xFF,0x00,0x03,0xFF,0x00,0x07,0xC7,
    0x00,0x07,0x00,0x80,0x0F,0x00,0x00,0x0F,0x00,0x00,0x0F,0x00,0x00,0x07,0x00,0x00,
    0x07,0x80,0x00,0x03,0x80,0x00,0x03,0xC0,0x00,0x07,0xE0,0x00,0x0E,0xF0,0x00,0x1C,
    0x70,0x1C,0x38,0x78,0x1C,0x38,0x3C,0x1C,0x78,0x1E,0x1C,0x70,0x0F,0x1C,0x70,0x0F,
    0x1C,0x70,0x07,0xB8,0x78,0x03,0xF8,0x78,0x01,0xF0,0x3C,0x01,0xF0,0x3E,0x01,0xF0,
    0x1F,0x8F,0xF8,0x0F,0xFF,0xBC,0x03,0xFE,0x3E,0x00,0x20,0x00,0x00,0x00,0x00,0x00,
    0x00,0x00,0x00,0x00,0x00,0x00,0x00,0x00,0x00,0x00,0x00,0x00,0x00,0x00,0x00,0x00,
    0x00,0x00,0x00,0x00,
};

static const uint8_t kAtlas7GlyphBits7[132] = {
    0x00,0x00,0x00,0x00,0x00,0x00,0x00,0x00,0x00,0x00,0x00,0x00,0x00,0x00,0x00,0x00,
    0x00,0x00,0x00,0x00,0x00,0x00,0x00,0x00,0x00,0x38,0x00,0x00,0x38,0x00,0x00,0x38,
    0x00,0x00,0x38,0x00,0x00,0x38,0x00,0x00,0x38,0x00,0x00,0x38,0x00,0x00,0x38,0x00,
    0x00,0x38,0x00,0x00,0x38,0x00,0x00,0x00,0x00,0x00,0x00,0x00,0x00,0x00,0x00,0x00,
    0x00,0x00,0x00,0x00,0x00,0x00,0x00,0x00,0x00,0x00,0x00,0x00,0x00,0x00,0x00,0x00,
    0x00,0x00,0x00,0x00,0x00,0x00,0x00,0x00,0x00,0x00,0x00,0x00,0x00,0x00,0x00,0x00,
    0x00,0x00,0x00,0x00,0x00,0x00,0x00,0x00,0x00,0x00,0x00,0x00,0x00,0x00,0x00,0x00,
    0x00,0x00,0x00,0x00,0x00,0x00,0x00,0x00,0x00,0x00,0x00,0x00,0x00,0x00,0x00,0x00,
    0x00,0x00,0x00,0x00,
};

static const uint8_t kAtlas7GlyphBits8[132] = {
    0x00,0x00,0x00,0x00,0x00,0x00,0x00,0x00,0x00,0x00,0x00,0x00,0x00,0x00,0x00,0x00,
    0x00,0x00,0x00,0x1C,0x00,0x00,0x38,0x00,0x00,0x38,0x00,0x00,0x70,0x00,0x00,0xF0,
    0x00,0x00,0xE0,0x00,0x00,0xE0,0x00,0x01,0xE0,0x00,0x01,0xC0,0x00,0x01,0xC0,0x00,
    0x03,0xC0,0x00,0x03,0xC0,0x00,0x03,0x80,0x00,0x03,0x80,0x00,0x03,0x80,0x00,0x03,
    0x80,0x00,0x07,0x80,0x00,0x03,0x80,0x00,0x03,0x80,0x00,0x03,0x80,0x00,0x03,0x80,
    0x00,0x03,0x80,0x00,0x03,0xC0,0x00,0x03,0xC0,0x00,0x01,0xC0,0x00,0x01,0xC0,0x00,
    0x01,0xE0,0x00,0x00,0xE0,0x00,0x00,0xF0,0x00,0x00,0x70,0x00,0x00,0x70,0x00,0x00,
    0x38,0x00,0x00,0x3C,0x00,0x00,0x00,0x00,0x00,0x00,0x00,0x00,0x00,0x00,0x00,0x00,
    0x00,0x00,0x00,0x00,
};

static const uint8_t kAtlas7GlyphBits9[132] = {
    0x00,0x00,0x00,0x00,0x00,0x00,0x00,0x00,0x00,0x00,0x00,0x00,0x00,0x00,0x00,0x00,
    0x00,0x00,0x00,0x70,0x00,0x00,0x38,0x00,0x00,0x38,0x00,0x00,0x1C,0x00,0x00,0x1C,
    0x00,0x00,0x0E,0x00,0x00,0x0E,0x00,0x00,0x0F,0x00,0x00,0x07,0x00,0x00,0x07,0x00,
    0x00,0x07,0x80,0x00,0x07,0x80,0x00,0x07,0x80,0x00,0x03,0x80,0x00,0x03,0x80,0x00,
    0x03,0x80,0x00,0x03,0x80,0x00,0x03,0x80,0x00,0x03,0x80,0x00,0x03,0x80,0x00,0x03,
    0x80,0x00,0x07,0x80,0x00,0x07,0x80,0x00,0x07,0x00,0x00,0x07,0x00,0x00,0x0F,0x00,
    0x00,0x0E,0x00,0x00,0x0E,0x00,0x00,0x1E,0x00,0x00,0x1C,0x00,0x00,0x3C,0x00,0x00,
    0x38,0x00,0x00,0x70,0x00,0x00,0x00,0x00,0x00,0x00,0x00,0x00,0x00,0x00,0x00,0x00,
    0x00,0x00,0x00,0x00,
};

static const uint8_t kAtlas7GlyphBits10[132] = {
    0x00,0x00,0x00,0x00,0x00,0x00,0x00,0x00,0x00,0x00,0x00,0x00,0x00,0x00,0x00,0x00,
    0x00,0x00,0x00,0x00,0x00,0x00,0x00,0x00,0x00,0x00,0x00,0x00,0x30,0x00,0x00,0x30,
    0x00,0x00,0x38,0x00,0x00,0x38,0x00,0x00,0x38,0x00,0x00,0x38,0x00,0x1C,0x38,0x70,
    0x3F,0xBB,0xF0,0x07,0xFF,0xC0,0x01,0xFF,0x00,0x00,0x7C,0x00,0x00,0xFC,0x00,0x00,
    0xEE,0x00,0x01,0xC7,0x00,0x03,0x87,0x00,0x03,0x83,0x80,0x07,0x01,0xC0,0x06,0x00,
    0xC0,0x00,0x00,0x00,0x00,0x00,0x00,0x00,0x00,0x00,0x00,0x00,0x00,0x00,0x00,0x00,
    0x00,0x00,0x00,0x00,0x00,0x00,0x00,0x00,0x00,0x00,0x00,0x00,0x00,0x00,0x00,0x00,
    0x00,0x00,0x00,0x00,0x00,0x00,0x00,0x00,0x00,0x00,0x00,0x00,0x00,0x00,0x00,0x00,
    0x00,0x00,0x00,0x00,
};

static const uint8_t kAtlas7GlyphBits11[132] = {
    0x00,0x00,0x00,0x00,0x00,0x00,0x00,0x00,0x00,0x00,0x00,0x00,0x00,0x00,0x00,0x00,
    0x00,0x00,0x00,0x00,0x00,0x00,0x00,0x00,0x00,0x00,0x00,0x00,0x00,0x00,0x00,0x00,
    0x00,0x00,0x00,0x00,0x00,0x00,0x00,0x00,0x00,0x00,0x00,0x38,0x00,0x00,0x38,0x00,
    0x00,0x38,0x00,0x00,0x38,0x00,0x00,0x38,0x00,0x00,0x38,0x00,0x00,0x38,0x00,0x00,
    0x38,0x00,0x3F,0xFF,0xF8,0x3F,0xFF,0xF8,0x3F,0xFF,0xF8,0x00,0x38,0x00,0x00,0x38,
    0x00,0x00,0x38,0x00,0x00,0x38,0x00,0x00,0x38,0x00,0x00,0x38,0x00,0x00,0x38,0x00,
    0x00,0x38,0x00,0x00,0x00,0x00,0x00,0x00,0x00,0x00,0x00,0x00,0x00,0x00,0x00,0x00,
    0x00,0x00,0x00,0x00,0x00,0x00,0x00,0x00,0x00,0x00,0x00,0x00,0x00,0x00,0x00,0x00,
    0x00,0x00,0x00,0x00,
};

static const uint8_t kAtlas7GlyphBits12[132] = {
    0x00,0x00,0x00,0x00,0x00,0x00,0x00,0x00,0x00,0x00,0x00,0x00,0x00,0x00,0x00,0x00,
    0x00,0x00,0x00,0x00,0x00,0x00,0x00,0x00,0x00,0x00,0x00,0x00,0x00,0x00,0x00,0x00,
    0x00,0x00,0x00,0x00,0x00,0x00,0x00,0x00,0x00,0x00,0x00,0x00,0x00,0x00,0x00,0x00,
    0x00,0x00,0x00,0x00,0x00,0x00,0x00,0x00,0x00,0x00,0x00,0x00,0x00,0x00,0x00,0x00,
    0x00,0x00,0x00,0x00,0x00,0x00,0x00,0x00,0x00,0x00,0x00,0x00,0x00,0x00,0x00,0x00,
    0x00,0x00,0x00,0x00,0x00,0x38,0x00,0x00,0x7C,0x00,0x00,0x7E,0x00,0x00,0xFE,0x00,
    0x00,0x7E,0x00,0x00,0x3E,0x00,0x00,0x0E,0x00,0x00,0x0C,0x00,0x00,0x1C,0x00,0x00,
    0x1C,0x00,0x00,0x38,0x00,0x00,0x70,0x00,0x01,0xE0,0x00,0x00,0x80,0x00,0x00,0x00,
    0x00,0x00,0x00,0x00,
};

static const uint8_t kAtlas7GlyphBits13[132] = {
    0x00,0x00,0x00,0x00,0x00,0x00,0x00,0x00,0x00,0x00,0x00,0x00,0x00,0x00,0x00,0x00,
    0x00,0x00,0x00,0x00,0x00,0x00,0x00,0x00,0x00,0x00,0x00,0x00,0x00,0x00,0x00,0x00,
    0x00,0x00,0x00,0x00,0x00,0x00,0x00,0x00,0x00,0x00,0x00,0x00,0x00,0x00,0x00,0x00,
    0x00,0x00,0x00,0x00,0x00,0x00,0x00,0x00,0x00,0x00,0x00,0x00,0x00,0x00,0x00,0x00,
    0x00,0x00,0x0F,0xFF,0xE0,0x0F,0xFF,0xE0,0x0F,0xFF,0xE0,0x00,0x00,0x00,0x00,0x00,
    0x00,0x00,0x00,0x00,0x00,0x00,0x00,0x00,0x00,0x00,0x00,0x00,0x00,0x00,0x00,0x00,
    0x00,0x00,0x00,0x00,0x00,0x00,0x00,0x00,0x00,0x00,0x00,0x00,0x00,0x00,0x00,0x00,
    0x00,0x00,0x00,0x00,0x00,0x00,0x00,0x00,0x00,0x00,0x00,0x00,0x00,0x00,0x00,0x00,
    0x00,0x00,0x00,0x00,
};

static const uint8_t kAtlas7GlyphBits14[132] = {
    0x00,0x00,0x00,0x00,0x00,0x00,0x00,0x00,0x00,0x00,0x00,0x00,0x00,0x00,0x00,0x00,
    0x00,0x00,0x00,0x00,0x00,0x00,0x00,0x00,0x00,0x00,0x00,0x00,0x00,0x00,0x00,0x00,
    0x00,0x00,0x00,0x00,0x00,0x00,0x00,0x00,0x00,0x00,0x00,0x00,0x00,0x00,0x00,0x00,
    0x00,0x00,0x00,0x00,0x00,0x00,0x00,0x00,0x00,0x00,0x00,0x00,0x00,0x00,0x00,0x00,
    0x00,0x00,0x00,0x00,0x00,0x00,0x00,0x00,0x00,0x00,0x00,0x00,0x00,0x00,0x00,0x00,
    0x00,0x00,0x00,0x00,0x00,0x00,0x00,0x00,0x10,0x00,0x00,0x7C,0x00,0x00,0x7C,0x00,
    0x00,0xFC,0x00,0x00,0x7C,0x00,0x00,0x7C,0x00,0x00,0x10,0x00,0x00,0x00,0x00,0x00,
    0x00,0x00,0x00,0x00,0x00,0x00,0x00,0x00,0x00,0x00,0x00,0x00,0x00,0x00,0x00,0x00,
    0x00,0x00,0x00,0x00,
};

static const uint8_t kAtlas7GlyphBits15[132] = {
    0x00,0x00,0x00,0x00,0x00,0x00,0x00,0x00,0x00,0x00,0x00,0x00,0x00,0x00,0x00,0x00,
    0x00,0x00,0x00,0x00,0x00,0x00,0x00,0x00,0x00,0x00,0xF0,0x00,0x00,0xE0,0x00,0x01,
    0xE0,0x00,0x01,0xC0,0x00,0x03,0xC0,0x00,0x03,0x80,0x00,0x07,0x80,0x00,0x07,0x00,
    0x00,0x0F,0x00,0x00,0x0F,0x00,0x00,0x0E,0x00,0x00,0x1E,0x00,0x00,0x1C,0x00,0x00,
    0x3C,0x00,0x00,0x38,0x00,0x00,0x78,0x00,0x00,0x70,0x00,0x00,0xF0,0x00,0x00,0xE0,
    0x00,0x01,0xE0,0x00,0x01,0xC0,0x00,0x03,0xC0,0x00,0x03,0x80,0x00,0x07,0x80,0x00,
    0x07,0x00,0x00,0x0F,0x00,0x00,0x0F,0x00,0x00,0x0E,0x00,0x00,0x1E,0x00,0x00,0x1C,
    0x00,0x00,0x3C,0x00,0x00,0x00,0x00,0x00,0x00,0x00,0x00,0x00,0x00,0x00,0x00,0x00,
    0x00,0x00,0x00,0x00,
};

static const uint8_t kAtlas7GlyphBits16[132] = {
    0x00,0x00,0x00,0x00,0x00,0x00,0x00,0x00,0x00,0x00,0x00,0x00,0x00,0x00,0x00,0x00,
    0x00,0x00,0x00,0x00,0x00,0x00,0x10,0x00,0x01,0xFF,0x00,0x03,0xFF,0x80,0x07,0xC7,
    0xC0,0x0F,0x83,0xC0,0x0F,0x01,0xE0,0x0E,0x00,0xE0,0x1E,0x10,0xF0,0x1E,0x38,0xF0,
    0x1E,0x38,0xF0,0x1C,0x38,0xF0,0x1C,0x38,0x70,0x1C,0x38,0x70,0x3C,0x38,0x70,0x3C,
    0x38,0x70,0x3C,0x38,0x70,0x1C,0x38,0x70,0x1C,0x38,0x70,0x1C,0x38,0xF0,0x1E,0x10,
    0xF0,0x1E,0x00,0xF0,0x1E,0x00,0xF0,0x0E,0x00,0xE0,0x0F,0x01,0xE0,0x0F,0x83,0xC0,
    0x07,0xC7,0xC0,0x03,0xFF,0x80,0x01,0xFF,0x00,0x00,0x10,0x00,0x00,0x00,0x00,0x00,
    0x00,0x00,0x00,0x00,0x00,0x00,0x00,0x00,0x00,0x00,0x00,0x00,0x00,0x00,0x00,0x00,
    0x00,0x00,0x00,0x00,
};

static const uint8_t kAtlas7GlyphBits17[132] = {
    0x00,0x00,0x00,0x00,0x00,0x00,0x00,0x00,0x00,0x00,0x00,0x00,0x00,0x00,0x00,0x00,
    0x00,0x00,0x00,0x00,0x00,0x00,0x00,0x00,0x00,0x3E,0x00,0x00,0x7E,0x00,0x00,0x7E,
    0x00,0x00,0xFE,0x00,0x01,0xFE,0x00,0x03,0xDE,0x00,0x07,0x9E,0x00,0x0F,0x1E,0x00,
    0x07,0x1E,0x00,0x02,0x1E,0x00,0x00,0x1E,0x00,0x00,0x1E,0x00,0x00,0x1E,0x00,0x00,
    0x1E,0x00,0x00,0x1E,0x00,0x00,0x1E,0x00,0x00,0x1E,0x00,0x00,0x1E,0x00,0x00,0x1E,
    0x00,0x00,0x1E,0x00,0x00,0x1E,0x00,0x00,0x1E,0x00,0x00,0x1E,0x00,0x00,0x1E,0x00,
    0x07,0xFF,0xF0,0x07,0xFF,0xF0,0x07,0xFF,0xF0,0x00,0x00,0x00,0x00,0x00,0x00,0x00,
    0x00,0x00,0x00,0x00,0x00,0x00,0x00,0x00,0x00,0x00,0x00,0x00,0x00,0x00,0x00,0x00,
    0x00,0x00,0x00,0x00,
};

static const uint8_t kAtlas7GlyphBits18[132] = {
    0x00,0x00,0x00,0x00,0x00,0x00,0x00,0x00,0x00,0x00,0x00,0x00,0x00,0x00,0x00,0x00,
    0x00,0x00,0x00,0x00,0x00,0x00,0x20,0x00,0x07,0xFE,0x00,0x1F,0xFF,0x80,0x1F,0x8F,
    0xC0,0x1C,0x03,0xE0,0x10,0x01,0xE0,0x00,0x01,0xE0,0x00,0x00,0xE0,0x00,0x00,0xE0,
    0x00,0x01,0xE0,0x00,0x01,0xE0,0x00,0x01,0xE0,0x00,0x03,0xC0,0x00,0x07,0xC0,0x00,
    0x07,0x80,0x00,0x0F,0x00,0x00,0x1E,0x00,0x00,0x3C,0x00,0x00,0x78,0x00,0x00,0xF0,
    0x00,0x01,0xE0,0x00,0x03,0xC0,0x00,0x07,0x80,0x00,0x0F,0x00,0x00,0x1E,0x00,0x00,
    0x1F,0xFF,0xF0,0x1F,0xFF,0xF0,0x1F,0xFF,0xF0,0x00,0x00,0x00,0x00,0x00,0x00,0x00,
    0x00,0x00,0x00,0x00,0x00,0x00,0x00,0x00,0x00,0x00,0x00,0x00,0x00,0x00,0x00,0x00,
    0x00,0x00,0x00,0x00,
};

static const uint8_t kAtlas7GlyphBits19[132] = {
    0x00,0x00,0x00,0x00,0x00,0x00,0x00,0x00,0x00,0x00,0x00,0x00,0x00,0x00,0x00,0x00,
    0x00,0x00,0x00,0x00,0x00,0x00,0x20,0x00,0x0F,0xFF,0x00,0x0F,0xFF,0x80,0x0F,0x8F,
    0xC0,0x08,0x01,0xE0,0x00,0x01,0xE0,0x00,0x00,0xF0,0x00,0x00,0xF0,0x00,0x00,0xF0,
    0x00,0x00,0xE0,0x00,0x01,0xE0,0x00,0x07,0xC0,0x00,0xFF,0x80,0x00,0xFE,0x00,0x00,
    0xFF,0x80,0x00,0x03,0xC0,0x00,0x01,0xE0,0x00,0x00,0xF0,0x00,0x00,0xF0,0x00,0x00,
    0xF0,0x00,0x00,0x70,0x00,0x00,0xF0,0x00,0x00,0xF0,0x00,0x00,0xF0,0x18,0x01,0xE0,
    0x1F,0x0F,0xE0,0x1F,0xFF,0xC0,0x0F,0xFF,0x00,0x00,0x20,0x00,0x00,0x00,0x00,0x00,
    0x00,0x00,0x00,0x00,0x00,0x00,0x00,0x00,0x00,0x00,0x00,0x00,0x00,0x00,0x00,0x00,
    0x00,0x00,0x00,0x00,
};

static const uint8_t kAtlas7GlyphBits20[132] = {
    0x00,0x00,0x00,0x00,0x00,0x00,0x00,0x00,0x00,0x00,0x00,0x00,0x00,0x00,0x00,0x00,
    0x00,0x00,0x00,0x00,0x00,0x00,0x00,0x00,0x00,0x07,0x80,0x00,0x0F,0x80,0x00,0x1F,
    0x80,0x00,0x1F,0x80,0x00,0x3B,0x80,0x00,0x73,0x80,0x00,0x73,0x80,0x00,0xE3,0x80,
    0x01,0xC3,0x80,0x01,0xC3,0x80,0x03,0x83,0x80,0x07,0x03,0x80,0x07,0x03,0x80,0x0E,
    0x03,0x80,0x1E,0x03,0x80,0x1C,0x03,0x80,0x38,0x03,0x80,0x3F,0xFF,0xF8,0x3F,0xFF,
    0xF8,0x3F,0xFF,0xF8,0x00,0x03,0x80,0x00,0x03,0x80,0x00,0x03,0x80,0x00,0x03,0x80,
    0x00,0x03,0x80,0x00,0x03,0x80,0x00,0x03,0x80,0x00,0x00,0x00,0x00,0x00,0x00,0x00,
    0x00,0x00,0x00,0x00,0x00,0x00,0x00,0x00,0x00,0x00,0x00,0x00,0x00,0x00,0x00,0x00,
    0x00,0x00,0x00,0x00,
};

static const uint8_t kAtlas7GlyphBits21[132] = {
    0x00,0x00,0x00,0x00,0x00,0x00,0x00,0x00,0x00,0x00,0x00,0x00,0x00,0x00,0x00,0x00,
    0x00,0x00,0x00,0x00,0x00,0x00,0x00,0x00,0x0F,0xFF,0xC0,0x0F,0xFF,0xC0,0x0F,0xFF,
    0xC0,0x0E,0x00,0x00,0x0E,0x00,0x00,0x0E,0x00,0x00,0x0E,0x00,0x00,0x0E,0x00,0x00,
    0x0E,0x00,0x00,0x0F,0xFC,0x00,0x0F,0xFF,0x00,0x0F,0xFF,0x80,0x0C,0x07,0xC0,0x00,
    0x03,0xE0,0x00,0x01,0xE0,0x00,0x00,0xF0,0x00,0x00,0xF0,0x00,0x00,0xF0,0x00,0x00,
    0xF0,0x00,0x00,0xF0,0x00,0x00,0xF0,0x00,0x01,0xE0,0x00,0x01,0xE0,0x10,0x03,0xC0,
    0x1F,0x1F,0xC0,0x1F,0xFF,0x80,0x1F,0xFE,0x00,0x00,0x40,0x00,0x00,0x00,0x00,0x00,
    0x00,0x00,0x00,0x00,0x00,0x00,0x00,0x00,0x00,0x00,0x00,0x00,0x00,0x00,0x00,0x00,
    0x00,0x00,0x00,0x00,
};

static const uint8_t kAtlas7GlyphBits22[132] = {
    0x00,0x00,0x00,0x00,0x00,0x00,0x00,0x00,0x00,0x00,0x00,0x00,0x00,0x00,0x00,0x00,
    0x00,0x00,0x00,0x00,0x00,0x00,0x08,0x00,0x00,0xFF,0xC0,0x01,0xFF,0xC0,0x03,0xF1,
    0xC0,0x07,0x80,0x20,0x0F,0x00,0x00,0x0E,0x00,0x00,0x1E,0x00,0x00,0x1E,0x00,0x00,
    0x1C,0x00,0x00,0x1C,0x7E,0x00,0x1C,0xFF,0x80,0x1D,0xFF,0xC0,0x3F,0x83,0xE0,0x3F,
    0x01,0xF0,0x3E,0x00,0xF0,0x1E,0x00,0xF0,0x1E,0x00,0x70,0x1E,0x00,0x70,0x1E,0x00,
    0x70,0x1E,0x00,0x70,0x1E,0x00,0x70,0x1E,0x00,0xF0,0x0F,0x00,0xF0,0x0F,0x01,0xE0,
    0x07,0xC7,0xE0,0x03,0xFF,0xC0,0x01,0xFF,0x00,0x00,0x10,0x00,0x00,0x00,0x00,0x00,
    0x00,0x00,0x00,0x00,0x00,0x00,0x00,0x00,0x00,0x00,0x00,0x00,0x00,0x00,0x00,0x00,
    0x00,0x00,0x00,0x00,
};

static const uint8_t kAtlas7GlyphBits23[132] = {
    0x00,0x00,0x00,0x00,0x00,0x00,0x00,0x00,0x00,0x00,0x00,0x00,0x00,0x00,0x00,0x00,
    0x00,0x00,0x00,0x00,0x00,0x00,0x00,0x00,0x1F,0xFF,0xF0,0x1F,0xFF,0xF0,0x1F,0xFF,
    0xF0,0x00,0x00,0xE0,0x00,0x01,0xE0,0x00,0x01,0xC0,0x00,0x03,0xC0,0x00,0x03,0xC0,
    0x00,0x03,0x80,0x00,0x07,0x80,0x00,0x07,0x80,0x00,0x0F,0x00,0x00,0x0F,0x00,0x00,
    0x0E,0x00,0x00,0x1E,0x00,0x00,0x1E,0x00,0x00,0x3C,0x00,0x00,0x3C,0x00,0x00,0x38,
    0x00,0x00,0x78,0x00,0x00,0x78,0x00,0x00,0xF0,0x00,0x00,0xF0,0x00,0x00,0xE0,0x00,
    0x01,0xE0,0x00,0x01,0xE0,0x00,0x03,0xC0,0x00,0x00,0x00,0x00,0x00,0x00,0x00,0x00,
    0x00,0x00,0x00,0x00,0x00,0x00,0x00,0x00,0x00,0x00,0x00,0x00,0x00,0x00,0x00,0x00,
    0x00,0x00,0x00,0x00,
};

static const uint8_t kAtlas7GlyphBits24[132] = {
    0x00,0x00,0x00,0x00,0x00,0x00,0x00,0x00,0x00,0x00,0x00,0x00,0x00,0x00,0x00,0x00,
    0x00,0x00,0x00,0x00,0x00,0x00,0x10,0x00,0x01,0xFF,0x00,0x07,0xFF,0xC0,0x0F,0xC7,
    0xE0,0x0F,0x01,0xE0,0x1E,0x00,0xF0,0x1E,0x00,0xF0,0x1E,0x00,0xF0,0x1E,0x00,0xF0,
    0x1E,0x00,0xE0,0x0F,0x01,0xE0,0x07,0x83,0xC0,0x03,0xFF,0x80,0x00,0xFE,0x00,0x03,
    0xFF,0x80,0x0F,0x83,0xE0,0x0E,0x01,0xE0,0x1E,0x00,0xF0,0x1C,0x00,0xF0,0x1C,0x00,
    0x70,0x3C,0x00,0x70,0x3C,0x00,0x70,0x1E,0x00,0xF0,0x1E,0x00,0xF0,0x1F,0x01,0xF0,
    0x0F,0xC7,0xE0,0x07,0xFF,0xC0,0x03,0xFF,0x00,0x00,0x10,0x00,0x00,0x00,0x00,0x00,
    0x00,0x00,0x00,0x00,0x00,0x00,0x00,0x00,0x00,0x00,0x00,0x00,0x00,0x00,0x00,0x00,
    0x00,0x00,0x00,0x00,
};

static const uint8_t kAtlas7GlyphBits25[132] = {
    0x00,0x00,0x00,0x00,0x00,0x00,0x00,0x00,0x00,0x00,0x00,0x00,0x00,0x00,0x00,0x00,
    0x00,0x00,0x00,0x00,0x00,0x00,0x10,0x00,0x03,0xFE,0x00,0x07,0xFF,0x80,0x0F,0xCF,
    0xC0,0x1F,0x03,0xC0,0x1E,0x01,0xE0,0x1C,0x00,0xE0,0x1C,0x00,0xF0,0x3C,0x00,0xF0,
    0x3C,0x00,0xF0,0x3C,0x00,0xF0,0x3C,0x00,0xF0,0x1C,0x00,0xF0,0x1E,0x01,0xF0,0x1E,
    0x01,0xF0,0x0F,0x87,0xF0,0x07,0xFF,0x70,0x03,0xFE,0x70,0x00,0xF8,0x70,0x00,0x00,
    0xF0,0x00,0x00,0xF0,0x00,0x00,0xE0,0x00,0x01,0xE0,0x00,0x01,0xE0,0x08,0x03,0xC0,
    0x0F,0x1F,0x80,0x0F,0xFF,0x00,0x0F,0xFE,0x00,0x00,0x40,0x00,0x00,0x00,0x00,0x00,
    0x00,0x00,0x00,0x00,0x00,0x00,0x00,0x00,0x00,0x00,0x00,0x00,0x00,0x00,0x00,0x00,
    0x00,0x00,0x00,0x00,
};

static const uint8_t kAtlas7GlyphBits26[132] = {
    0x00,0x00,0x00,0x00,0x00,0x00,0x00,0x00,0x00,0x00,0x00,0x00,0x00,0x00,0x00,0x00,
    0x00,0x00,0x00,0x00,0x00,0x00,0x00,0x00,0x00,0x00,0x00,0x00,0x00,0x00,0x00,0x00,
    0x00,0x00,0x00,0x00,0x00,0x00,0x00,0x00,0x00,0x00,0x00,0x38,0x00,0x00,0x7C,0x00,
    0x00,0x7C,0x00,0x00,0xFE,0x00,0x00,0x7C,0x00,0x00,0x38,0x00,0x00,0x00,0x00,0x00,
    0x00,0x00,0x00,0x00,0x00,0x00,0x00,0x00,0x00,0x00,0x00,0x00,0x00,0x00,0x00,0x00,
    0x00,0x00,0x38,0x00,0x00,0x7C,0x00,0x00,0x7C,0x00,0x00,0xFE,0x00,0x00,0x7C,0x00,
    0x00,0x38,0x00,0x00,0x00,0x00,0x00,0x00,0x00,0x00,0x00,0x00,0x00,0x00,0x00,0x00,
    0x00,0x00,0x00,0x00,0x00,0x00,0x00,0x00,0x00,0x00,0x00,0x00,0x00,0x00,0x00,0x00,
    0x00,0x00,0x00,0x00,
};

static const uint8_t kAtlas7GlyphBits27[132] = {
    0x00,0x00,0x00,0x00,0x00,0x00,0x00,0x00,0x00,0x00,0x00,0x00,0x00,0x00,0x00,0x00,
    0x00,0x00,0x00,0x00,0x00,0x00,0x00,0x00,0x00,0x00,0x00,0x00,0x00,0x00,0x00,0x00,
    0x00,0x00,0x00,0x00,0x00,0x00,0x00,0x00,0x00,0x00,0x00,0x00,0x00,0x00,0x00,0x00,
    0x00,0x38,0x00,0x00,0x7C,0x00,0x00,0xFC,0x00,0x00,0xFC,0x00,0x00,0xFC,0x00,0x00,
    0x7C,0x00,0x00,0x38,0x00,0x00,0x00,0x00,0x00,0x00,0x00,0x00,0x00,0x00,0x00,0x00,
    0x00,0x00,0x00,0x00,0x00,0x00,0x00,0x00,0x10,0x00,0x00,0x7C,0x00,0x00,0x7E,0x00,
    0x00,0xFE,0x00,0x00,0x7E,0x00,0x00,0x7E,0x00,0x00,0x1E,0x00,0x00,0x0E,0x00,0x00,
    0x0E,0x00,0x00,0x1C,0x00,0x00,0x1C,0x00,0x00,0x38,0x00,0x00,0xF0,0x00,0x01,0xE0,
    0x00,0x00,0x80,0x00,
};

static const uint8_t kAtlas7GlyphBits28[132] = {
    0x00,0x00,0x00,0x00,0x00,0x00,0x00,0x00,0x00,0x00,0x00,0x00,0x00,0x00,0x00,0x00,
    0x00,0x00,0x00,0x00,0x00,0x00,0x00,0x00,0x00,0x00,0x00,0x00,0x00,0x00,0x00,0x00,
    0x00,0x00,0x00,0x00,0x00,0x00,0x00,0x00,0x00,0x00,0x00,0x00,0x08,0x00,0x00,0x38,
    0x00,0x01,0xF8,0x00,0x0F,0xF8,0x00,0x3F,0xC0,0x01,0xFF,0x00,0x07,0xF8,0x00,0x3F,
    0xC0,0x00,0x3F,0x00,0x00,0x3C,0x00,0x00,0x3F,0x80,0x00,0x0F,0xF0,0x00,0x03,0xFC,
    0x00,0x00,0x7F,0x80,0x00,0x1F,0xF0,0x00,0x03,0xF8,0x00,0x00,0xF8,0x00,0x00,0x18,
    0x00,0x00,0x00,0x00,0x00,0x00,0x00,0x00,0x00,0x00,0x00,0x00,0x00,0x00,0x00,0x00,
    0x00,0x00,0x00,0x00,0x00,0x00,0x00,0x00,0x00,0x00,0x00,0x00,0x00,0x00,0x00,0x00,
    0x00,0x00,0x00,0x00,
};

static const uint8_t kAtlas7GlyphBits29[132] = {
    0x00,0x00,0x00,0x00,0x00,0x00,0x00,0x00,0x00,0x00,0x00,0x00,0x00,0x00,0x00,0x00,
    0x00,0x00,0x00,0x00,0x00,0x00,0x00,0x00,0x00,0x00,0x00,0x00,0x00,0x00,0x00,0x00,
    0x00,0x00,0x00,0x00,0x00,0x00,0x00,0x00,0x00,0x00,0x00,0x00,0x00,0x00,0x00,0x00,
    0x00,0x00,0x00,0x00,0x00,0x00,0x3F,0xFF,0xF8,0x3F,0xFF,0xF8,0x3F,0xFF,0xF8,0x00,
    0x00,0x00,0x00,0x00,0x00,0x00,0x00,0x00,0x00,0x00,0x00,0x00,0x00,0x00,0x3F,0xFF,
    0xF8,0x3F,0xFF,0xF8,0x3F,0xFF,0xF8,0x00,0x00,0x00,0x00,0x00,0x00,0x00,0x00,0x00,
    0x00,0x00,0x00,0x00,0x00,0x00,0x00,0x00,0x00,0x00,0x00,0x00,0x00,0x00,0x00,0x00,
    0x00,0x00,0x00,0x00,0x00,0x00,0x00,0x00,0x00,0x00,0x00,0x00,0x00,0x00,0x00,0x00,
    0x00,0x00,0x00,0x00,
};

static const uint8_t kAtlas7GlyphBits30[132] = {
    0x00,0x00,0x00,0x00,0x00,0x00,0x00,0x00,0x00,0x00,0x00,0x00,0x00,0x00,0x00,0x00,
    0x00,0x00,0x00,0x00,0x00,0x00,0x00,0x00,0x00,0x00,0x00,0x00,0x00,0x00,0x00,0x00,
    0x00,0x00,0x00,0x00,0x00,0x00,0x00,0x00,0x00,0x00,0x20,0x00,0x00,0x38,0x00,0x00,
    0x3F,0x00,0x00,0x3F,0xC0,0x00,0x07,0xF8,0x00,0x01,0xFF,0x00,0x00,0x3F,0xC0,0x00,
    0x07,0xF8,0x00,0x01,0xF8,0x00,0x00,0x78,0x00,0x03,0xF8,0x00,0x1F,0xE0,0x00,0x7F,
    0x80,0x03,0xFC,0x00,0x1F,0xF0,0x00,0x3F,0x80,0x00,0x3E,0x00,0x00,0x30,0x00,0x00,
    0x00,0x00,0x00,0x00,0x00,0x00,0x00,0x00,0x00,0x00,0x00,0x00,0x00,0x00,0x00,0x00,
    0x00,0x00,0x00,0x00,0x00,0x00,0x00,0x00,0x00,0x00,0x00,0x00,0x00,0x00,0x00,0x00,
    0x00,0x00,0x00,0x00,
};

static const uint8_t kAtlas7GlyphBits31[132] = {
    0x00,0x00,0x00,0x00,0x00,0x00,0x00,0x00,0x00,0x00,0x00,0x00,0x00,0x00,0x00,0x00,
    0x00,0x00,0x00,0x00,0x00,0x00,0x10,0x00,0x01,0xFF,0x00,0x07,0xFF,0xC0,0x07,0xC7,
    0xC0,0x06,0x01,0xE0,0x04,0x01,0xE0,0x00,0x00,0xE0,0x00,0x01,0xE0,0x00,0x01,0xE0,
    0x00,0x03,0xC0,0x00,0x07,0xC0,0x00,0x0F,0x80,0x00,0x1F,0x00,0x00,0x3C,0x00,0x00,
    0x3C,0x00,0x00,0x78,0x00,0x00,0x78,0x00,0x00,0x78,0x00,0x00,0x78,0x00,0x00,0x00,
    0x00,0x00,0x00,0x00,0x00,0x00,0x00,0x00,0x20,0x00,0x00,0x78,0x00,0x00,0xFC,0x00,
    0x00,0xFC,0x00,0x00,0xFC,0x00,0x00,0x78,0x00,0x00,0x20,0x00,0x00,0x00,0x00,0x00,
    0x00,0x00,0x00,0x00,0x00,0x00,0x00,0x00,0x00,0x00,0x00,0x00,0x00,0x00,0x00,0x00,
    0x00,0x00,0x00,0x00,
};

static const uint8_t kAtlas7GlyphBits32[132] = {
    0x00,0x00,0x00,0x00,0x00,0x00,0x00,0x00,0x00,0x00,0x00,0x00,0x00,0x00,0x00,0x00,
    0x00,0x00,0x00,0x00,0x00,0x00,0x00,0x00,0x00,0x00,0x00,0x00,0x3F,0x00,0x01,0xFF,
    0xC0,0x03,0xFF,0xE0,0x07,0xC0,0xF0,0x0F,0x00,0x78,0x1E,0x00,0x38,0x1C,0x00,0x1C,
    0x38,0x00,0x1C,0x38,0x0F,0x9C,0x70,0x3F,0xDC,0x70,0x7F,0xFC,0x70,0x78,0x7C,0x70,
    0xF0,0x3C,0x60,0xE0,0x1C,0x60,0xE0,0x1C,0xE0,0xE0,0x1C,0x60,0xE0,0x1C,0x60,0xE0,
    0x1C,0x60,0xE0,0x1C,0x70,0xF0,0x3C,0x70,0x78,0x7C,0x70,0x7F,0xFC,0x70,0x3F,0xDC,
    0x38,0x0F,0x9C,0x38,0x00,0x00,0x1C,0x00,0x00,0x1E,0x00,0x00,0x0F,0x00,0x00,0x07,
    0xE0,0x20,0x03,0xFF,0xE0,0x00,0xFF,0xE0,0x00,0x1F,0xC0,0x00,0x00,0x00,0x00,0x00,
    0x00,0x00,0x00,0x00,
};

static const uint8_t kAtlas7GlyphBits33[132] = {
    0x00,0x00,0x00,0x00,0x00,0x00,0x00,0x00,0x00,0x00,0x00,0x00,0x00,0x00,0x00,0x00,
    0x00,0x00,0x00,0x00,0x00,0x00,0x00,0x00,0x00,0x7C,0x00,0x00,0x7C,0x00,0x00,0xFE,
    0x00,0x00,0xEE,0x00,0x00,0xEE,0x00,0x01,0xEE,0x00,0x01,0xCF,0x00,0x01,0xC7,0x00,
    0x01,0xC7,0x00,0x03,0xC7,0x80,0x03,0x83,0x80,0x03,0x83,0x80,0x07,0x83,0xC0,0x07,
    0x03,0xC0,0x07,0x01,0xC0,0x0F,0x01,0xE0,0x0F,0x01,0xE0,0x0F,0xFF,0xE0,0x1F,0xFF,
    0xF0,0x1F,0xFF,0xF0,0x1C,0x00,0xF0,0x3C,0x00,0x70,0x3C,0x00,0x78,0x3C,0x00,0x78,
    0x78,0x00,0x38,0x78,0x00,0x3C,0x78,0x00,0x3C,0x00,0x00,0x00,0x00,0x00,0x00,0x00,
    0x00,0x00,0x00,0x00,0x00,0x00,0x00,0x00,0x00,0x00,0x00,0x00,0x00,0x00,0x00,0x00,
    0x00,0x00,0x00,0x00,
};

static const uint8_t kAtlas7GlyphBits34[132] = {
    0x00,0x00,0x00,0x00,0x00,0x00,0x00,0x00,0x00,0x00,0x00,0x00,0x00,0x00,0x00,0x00,
    0x00,0x00,0x00,0x00,0x00,0x00,0x00,0x00,0x1F,0xFE,0x00,0x1F,0xFF,0x80,0x1F,0xFF,
    0xE0,0x1E,0x01,0xE0,0x1E,0x00,0xF0,0x1E,0x00,0xF0,0x1E,0x00,0xF0,0x1E,0x00,0xF0,
    0x1E,0x00,0xF0,0x1E,0x00,0xF0,0x1E,0x03,0xE0,0x1F,0xFF,0xC0,0x1F,0xFF,0x00,0x1F,
    0xFF,0xC0,0x1E,0x01,0xE0,0x1E,0x00,0xF0,0x1E,0x00,0x78,0x1E,0x00,0x78,0x1E,0x00,
    0x78,0x1E,0x00,0x78,0x1E,0x00,0x78,0x1E,0x00,0x78,0x1E,0x00,0xF8,0x1E,0x01,0xF0,
    0x1F,0xFF,0xE0,0x1F,0xFF,0xC0,0x1F,0xFF,0x00,0x00,0x00,0x00,0x00,0x00,0x00,0x00,
    0x00,0x00,0x00,0x00,0x00,0x00,0x00,0x00,0x00,0x00,0x00,0x00,0x00,0x00,0x00,0x00,
    0x00,0x00,0x00,0x00,
};

static const uint8_t kAtlas7GlyphBits35[132] = {
    0x00,0x00,0x00,0x00,0x00,0x00,0x00,0x00,0x00,0x00,0x00,0x00,0x00,0x00,0x00,0x00,
    0x00,0x00,0x00,0x00,0x00,0x00,0x04,0x00,0x00,0x7F,0xE0,0x01,0xFF,0xF0,0x03,0xF1,
    0xF0,0x07,0xC0,0x30,0x07,0x80,0x10,0x0F,0x00,0x00,0x0F,0x00,0x00,0x1E,0x00,0x00,
    0x1E,0x00,0x00,0x1E,0x00,0x00,0x1E,0x00,0x00,0x1E,0x00,0x00,0x1E,0x00,0x00,0x1E,
    0x00,0x00,0x1E,0x00,0x00,0x1E,0x00,0x00,0x1E,0x00,0x00,0x1E,0x00,0x00,0x1E,0x00,
    0x00,0x1E,0x00,0x00,0x0F,0x00,0x00,0x0F,0x00,0x00,0x07,0x80,0x10,0x07,0xC0,0x30,
    0x03,0xF1,0xF0,0x01,0xFF,0xF0,0x00,0x7F,0xE0,0x00,0x04,0x00,0x00,0x00,0x00,0x00,
    0x00,0x00,0x00,0x00,0x00,0x00,0x00,0x00,0x00,0x00,0x00,0x00,0x00,0x00,0x00,0x00,
    0x00,0x00,0x00,0x00,
};

static const uint8_t kAtlas7GlyphBits36[132] = {
    0x00,0x00,0x00,0x00,0x00,0x00,0x00,0x00,0x00,0x00,0x00,0x00,0x00,0x00,0x00,0x00,
    0x00,0x00,0x00,0x00,0x00,0x00,0x00,0x00,0x1F,0xF8,0x00,0x1F,0xFE,0x00,0x1F,0xFF,
    0x80,0x1C,0x0F,0xC0,0x1C,0x03,0xC0,0x1C,0x01,0xE0,0x1C,0x00,0xE0,0x1C,0x00,0xF0,
    0x1C,0x00,0xF0,0x1C,0x00,0xF0,0x1C,0x00,0xF0,0x1C,0x00,0x70,0x1C,0x00,0x70,0x1C,
    0x00,0x78,0x1C,0x00,0x78,0x1C,0x00,0x70,0x1C,0x00,0xF0,0x1C,0x00,0xF0,0x1C,0x00,
    0xF0,0x1C,0x00,0xF0,0x1C,0x01,0xE0,0x1C,0x01,0xE0,0x1C,0x03,0xC0,0x1C,0x0F,0xC0,
    0x1F,0xFF,0x80,0x1F,0xFE,0x00,0x1F,0xF8,0x00,0x00,0x00,0x00,0x00,0x00,0x00,0x00,
    0x00,0x00,0x00,0x00,0x00,0x00,0x00,0x00,0x00,0x00,0x00,0x00,0x00,0x00,0x00,0x00,
    0x00,0x00,0x00,0x00,
};

static const uint8_t kAtlas7GlyphBits37[132] = {
    0x00,0x00,0x00,0x00,0x00,0x00,0x00,0x00,0x00,0x00,0x00,0x00,0x00,0x00,0x00,0x00,
    0x00,0x00,0x00,0x00,0x00,0x00,0x00,0x00,0x0F,0xFF,0xF0,0x0F,0xFF,0xF0,0x0F,0xFF,
    0xF0,0x0E,0x00,0x00,0x0E,0x00,0x00,0x0E,0x00,0x00,0x0E,0x00,0x00,0x0E,0x00,0x00,
    0x0E,0x00,0x00,0x0E,0x00,0x00,0x0E,0x00,0x00,0x0F,0xFF,0xF0,0x0F,0xFF,0xF0,0x0F,
    0xFF,0xF0,0x0E,0x00,0x00,0x0E,0x00,0x00,0x0E,0x00,0x00,0x0E,0x00,0x00,0x0E,0x00,
    0x00,0x0E,0x00,0x00,0x0E,0x00,0x00,0x0E,0x00,0x00,0x0E,0x00,0x00,0x0E,0x00,0x00,
    0x0F,0xFF,0xF0,0x0F,0xFF,0xF0,0x0F,0xFF,0xF0,0x00,0x00,0x00,0x00,0x00,0x00,0x00,
    0x00,0x00,0x00,0x00,0x00,0x00,0x00,0x00,0x00,0x00,0x00,0x00,0x00,0x00,0x00,0x00,
    0x00,0x00,0x00,0x00,
};

static const uint8_t kAtlas7GlyphBits38[132] = {
    0x00,0x00,0x00,0x00,0x00,0x00,0x00,0x00,0x00,0x00,0x00,0x00,0x00,0x00,0x00,0x00,
    0x00,0x00,0x00,0x00,0x00,0x00,0x00,0x00,0x0F,0xFF,0xF8,0x0F,0xFF,0xF8,0x0F,0xFF,
    0xF8,0x0F,0x00,0x00,0x0F,0x00,0x00,0x0F,0x00,0x00,0x0F,0x00,0x00,0x0F,0x00,0x00,
    0x0F,0x00,0x00,0x0F,0x00,0x00,0x0F,0x00,0x00,0x0F,0xFF,0xE0,0x0F,0xFF,0xE0,0x0F,
    0xFF,0xE0,0x0F,0x00,0x00,0x0F,0x00,0x00,0x0F,0x00,0x00,0x0F,0x00,0x00,0x0F,0x00,
    0x00,0x0F,0x00,0x00,0x0F,0x00,0x00,0x0F,0x00,0x00,0x0F,0x00,0x00,0x0F,0x00,0x00,
    0x0F,0x00,0x00,0x0F,0x00,0x00,0x0F,0x00,0x00,0x00,0x00,0x00,0x00,0x00,0x00,0x00,
    0x00,0x00,0x00,0x00,0x00,0x00,0x00,0x00,0x00,0x00,0x00,0x00,0x00,0x00,0x00,0x00,
    0x00,0x00,0x00,0x00,
};

static const uint8_t kAtlas7GlyphBits39[132] = {
    0x00,0x00,0x00,0x00,0x00,0x00,0x00,0x00,0x00,0x00,0x00,0x00,0x00,0x00,0x00,0x00,
    0x00,0x00,0x00,0x00,0x00,0x00,0x04,0x00,0x00,0xFF,0xC0,0x01,0xFF,0xF0,0x07,0xF1,
    0xF0,0x07,0x80,0x70,0x0F,0x00,0x10,0x1E,0x00,0x00,0x1E,0x00,0x00,0x1E,0x00,0x00,
    0x3C,0x00,0x00,0x3C,0x00,0x00,0x3C,0x00,0x00,0x3C,0x00,0x00,0x3C,0x00,0x00,0x3C,
    0x07,0xF0,0x3C,0x07,0xF0,0x3C,0x07,0xF0,0x3C,0x00,0x70,0x3C,0x00,0x70,0x3C,0x00,
    0x70,0x1E,0x00,0x70,0x1E,0x00,0x70,0x1E,0x00,0x70,0x0F,0x00,0x70,0x07,0x80,0x70,
    0x07,0xE1,0xF0,0x01,0xFF,0xF0,0x00,0xFF,0xC0,0x00,0x08,0x00,0x00,0x00,0x00,0x00,
    0x00,0x00,0x00,0x00,0x00,0x00,0x00,0x00,0x00,0x00,0x00,0x00,0x00,0x00,0x00,0x00,
    0x00,0x00,0x00,0x00,
};

static const uint8_t kAtlas7GlyphBits40[132] = {
    0x00,0x00,0x00,0x00,0x00,0x00,0x00,0x00,0x00,0x00,0x00,0x00,0x00,0x00,0x00,0x00,
    0x00,0x00,0x00,0x00,0x00,0x00,0x00,0x00,0x1C,0x00,0x70,0x1C,0x00,0x70,0x1C,0x00,
    0x70,0x1C,0x00,0x70,0x1C,0x00,0x70,0x1C,0x00,0x70,0x1C,0x00,0x70,0x1C,0x00,0x70,
    0x1C,0x00,0x70,0x1C,0x00,0x70,0x1C,0x00,0x70,0x1F,0xFF,0xF0,0x1F,0xFF,0xF0,0x1F,
    0xFF,0xF0,0x1C,0x00,0x70,0x1C,0x00,0x70,0x1C,0x00,0x70,0x1C,0x00,0x70,0x1C,0x00,
    0x70,0x1C,0x00,0x70,0x1C,0x00,0x70,0x1C,0x00,0x70,0x1C,0x00,0x70,0x1C,0x00,0x70,
    0x1C,0x00,0x70,0x1C,0x00,0x70,0x1C,0x00,0x70,0x00,0x00,0x00,0x00,0x00,0x00,0x00,
    0x00,0x00,0x00,0x00,0x00,0x00,0x00,0x00,0x00,0x00,0x00,0x00,0x00,0x00,0x00,0x00,
    0x00,0x00,0x00,0x00,
};

static const uint8_t kAtlas7GlyphBits41[132] = {
    0x00,0x00,0x00,0x00,0x00,0x00,0x00,0x00,0x00,0x00,0x00,0x00,0x00,0x00,0x00,0x00,
    0x00,0x00,0x00,0x00,0x00,0x00,0x00,0x00,0x0F,0xFF,0xE0,0x0F,0xFF,0xE0,0x0F,0xFF,
    0xE0,0x00,0x38,0x00,0x00,0x38,0x00,0x00,0x38,0x00,0x00,0x38,0x00,0x00,0x38,0x00,
    0x00,0x38,0x00,0x00,0x38,0x00,0x00,0x38,0x00,0x00,0x38,0x00,0x00,0x38,0x00,0x00,
    0x38,0x00,0x00,0x38,0x00,0x00,0x38,0x00,0x00,0x38,0x00,0x00,0x38,0x00,0x00,0x38,
    0x00,0x00,0x38,0x00,0x00,0x38,0x00,0x00,0x38,0x00,0x00,0x38,0x00,0x00,0x38,0x00,
    0x0F,0xFF,0xE0,0x0F,0xFF,0xE0,0x0F,0xFF,0xE0,0x00,0x00,0x00,0x00,0x00,0x00,0x00,
    0x00,0x00,0x00,0x00,0x00,0x00,0x00,0x00,0x00,0x00,0x00,0x00,0x00,0x00,0x00,0x00,
    0x00,0x00,0x00,0x00,
};

static const uint8_t kAtlas7GlyphBits42[132] = {
    0x00,0x00,0x00,0x00,0x00,0x00,0x00,0x00,0x00,0x00,0x00,0x00,0x00,0x00,0x00,0x00,
    0x00,0x00,0x00,0x00,0x00,0x00,0x00,0x00,0x01,0xFF,0xC0,0x01,0xFF,0xC0,0x01,0xFF,
    0xC0,0x00,0x03,0xC0,0x00,0x03,0xC0,0x00,0x03,0xC0,0x00,0x03,0xC0,0x00,0x03,0xC0,
    0x00,0x03,0xC0,0x00,0x03,0xC0,0x00,0x03,0xC0,0x00,0x03,0xC0,0x00,0x03,0xC0,0x00,
    0x03,0xC0,0x00,0x03,0xC0,0x00,0x03,0xC0,0x00,0x03,0xC0,0x00,0x03,0xC0,0x00,0x03,
    0xC0,0x00,0x03,0xC0,0x00,0x03,0xC0,0x00,0x03,0x80,0x20,0x07,0x80,0x38,0x07,0x80,
    0x3F,0x1F,0x00,0x3F,0xFF,0x00,0x1F,0xFC,0x00,0x00,0x40,0x00,0x00,0x00,0x00,0x00,
    0x00,0x00,0x00,0x00,0x00,0x00,0x00,0x00,0x00,0x00,0x00,0x00,0x00,0x00,0x00,0x00,
    0x00,0x00,0x00,0x00,
};

static const uint8_t kAtlas7GlyphBits43[132] = {
    0x00,0x00,0x00,0x00,0x00,0x00,0x00,0x00,0x00,0x00,0x00,0x00,0x00,0x00,0x00,0x00,
    0x00,0x00,0x00,0x00,0x00,0x00,0x00,0x00,0x1C,0x00,0x3C,0x1C,0x00,0x78,0x1C,0x00,
    0xF0,0x1C,0x01,0xE0,0x1C,0x03,0xC0,0x1C,0x07,0x80,0x1C,0x0F,0x00,0x1C,0x1E,0x00,
    0x1C,0x3C,0x00,0x1C,0x78,0x00,0x1C,0xF0,0x00,0x1D,0xF0,0x00,0x1F,0xF8,0x00,0x1F,
    0xF8,0x00,0x1F,0x3C,0x00,0x1E,0x1E,0x00,0x1C,0x1E,0x00,0x1C,0x0F,0x00,0x1C,0x07,
    0x80,0x1C,0x07,0xC0,0x1C,0x03,0xC0,0x1C,0x01,0xE0,0x1C,0x01,0xF0,0x1C,0x00,0xF0,
    0x1C,0x00,0x78,0x1C,0x00,0x7C,0x1C,0x00,0x3E,0x00,0x00,0x00,0x00,0x00,0x00,0x00,
    0x00,0x00,0x00,0x00,0x00,0x00,0x00,0x00,0x00,0x00,0x00,0x00,0x00,0x00,0x00,0x00,
    0x00,0x00,0x00,0x00,
};

static const uint8_t kAtlas7GlyphBits44[132] = {
    0x00,0x00,0x00,0x00,0x00,0x00,0x00,0x00,0x00,0x00,0x00,0x00,0x00,0x00,0x00,0x00,
    0x00,0x00,0x00,0x00,0x00,0x00,0x00,0x00,0x0F,0x00,0x00,0x0F,0x00,0x00,0x0F,0x00,
    0x00,0x0F,0x00,0x00,0x0F,0x00,0x00,0x0F,0x00,0x00,0x0F,0x00,0x00,0x0F,0x00,0x00,
    0x0F,0x00,0x00,0x0F,0x00,0x00,0x0F,0x00,0x00,0x0F,0x00,0x00,0x0F,0x00,0x00,0x0F,
    0x00,0x00,0x0F,0x00,0x00,0x0F,0x00,0x00,0x0F,0x00,0x00,0x0F,0x00,0x00,0x0F,0x00,
    0x00,0x0F,0x00,0x00,0x0F,0x00,0x00,0x0F,0x00,0x00,0x0F,0x00,0x00,0x0F,0x00,0x00,
    0x0F,0xFF,0xF8,0x0F,0xFF,0xF8,0x0F,0xFF,0xF8,0x00,0x00,0x00,0x00,0x00,0x00,0x00,
    0x00,0x00,0x00,0x00,0x00,0x00,0x00,0x00,0x00,0x00,0x00,0x00,0x00,0x00,0x00,0x00,
    0x00,0x00,0x00,0x00,
};

static const uint8_t kAtlas7GlyphBits45[132] = {
    0x00,0x00,0x00,0x00,0x00,0x00,0x00,0x00,0x00,0x00,0x00,0x00,0x00,0x00,0x00,0x00,
    0x00,0x00,0x00,0x00,0x00,0x00,0x00,0x00,0x3E,0x00,0xF8,0x3E,0x00,0xF8,0x3E,0x01,
    0xF8,0x3F,0x01,0xF8,0x3B,0x01,0xB8,0x3B,0x83,0xB8,0x3B,0x83,0xB8,0x39,0x83,0x38,
    0x39,0xC7,0x38,0x39,0xC7,0x38,0x38,0xC6,0x38,0x38,0xEE,0x38,0x38,0xEE,0x38,0x38,
    0x7C,0x38,0x38,0x7C,0x38,0x38,0x78,0x38,0x38,0x38,0x38,0x38,0x00,0x38,0x38,0x00,
    0x38,0x38,0x00,0x38,0x38,0x00,0x38,0x38,0x00,0x38,0x38,0x00,0x38,0x38,0x00,0x38,
    0x38,0x00,0x38,0x38,0x00,0x38,0x38,0x00,0x38,0x00,0x00,0x00,0x00,0x00,0x00,0x00,
    0x00,0x00,0x00,0x00,0x00,0x00,0x00,0x00,0x00,0x00,0x00,0x00,0x00,0x00,0x00,0x00,
    0x00,0x00,0x00,0x00,
};

static const uint8_t kAtlas7GlyphBits46[132] = {
    0x00,0x00,0x00,0x00,0x00,0x00,0x00,0x00,0x00,0x00,0x00,0x00,0x00,0x00,0x00,0x00,
    0x00,0x00,0x00,0x00,0x00,0x00,0x00,0x00,0x1F,0x00,0x70,0x1F,0x00,0x70,0x1F,0x00,
    0x70,0x1F,0x80,0x70,0x1F,0x80,0x70,0x1F,0xC0,0x70,0x1D,0xC0,0x70,0x1D,0xC0,0x70,
    0x1C,0xE0,0x70,0x1C,0xE0,0x70,0x1C,0x70,0x70,0x1C,0x70,0x70,0x1C,0x78,0x70,0x1C,
    0x38,0x70,0x1C,0x38,0x70,0x1C,0x1C,0x70,0x1C,0x1C,0x70,0x1C,0x0E,0x70,0x1C,0x0E,
    0x70,0x1C,0x0F,0x70,0x1C,0x07,0x70,0x1C,0x07,0x70,0x1C,0x03,0xF0,0x1C,0x03,0xF0,
    0x1C,0x03,0xF0,0x1C,0x01,0xF0,0x1C,0x01,0xF0,0x00,0x00,0x00,0x00,0x00,0x00,0x00,
    0x00,0x00,0x00,0x00,0x00,0x00,0x00,0x00,0x00,0x00,0x00,0x00,0x00,0x00,0x00,0x00,
    0x00,0x00,0x00,0x00,
};

static const uint8_t kAtlas7GlyphBits47[132] = {
    0x00,0x00,0x00,0x00,0x00,0x00,0x00,0x00,0x00,0x00,0x00,0x00,0x00,0x00,0x00,0x00,
    0x00,0x00,0x00,0x00,0x00,0x00,0x10,0x00,0x01,0xFF,0x00,0x03,0xFF,0x80,0x07,0xC7,
    0xC0,0x0F,0x01,0xE0,0x0F,0x01,0xE0,0x1E,0x00,0xF0,0x1E,0x00,0xF0,0x1E,0x00,0xF0,
    0x1C,0x00,0x70,0x3C,0x00,0x70,0x3C,0x00,0x78,0x3C,0x00,0x78,0x3C,0x00,0x78,0x3C,
    0x00,0x78,0x3C,0x00,0x78,0x3C,0x00,0x78,0x3C,0x00,0x78,0x3C,0x00,0x70,0x1C,0x00,
    0x70,0x1E,0x00,0xF0,0x1E,0x00,0xF0,0x1E,0x00,0xF0,0x0F,0x01,0xE0,0x0F,0x01,0xE0,
    0x07,0xC7,0xC0,0x03,0xFF,0x80,0x01,0xFF,0x00,0x00,0x10,0x00,0x00,0x00,0x00,0x00,
    0x00,0x00,0x00,0x00,0x00,0x00,0x00,0x00,0x00,0x00,0x00,0x00,0x00,0x00,0x00,0x00,
    0x00,0x00,0x00,0x00,
};

static const uint8_t kAtlas7GlyphBits48[132] = {
    0x00,0x00,0x00,0x00,0x00,0x00,0x00,0x00,0x00,0x00,0x00,0x00,0x00,0x00,0x00,0x00,
    0x00,0x00,0x00,0x00,0x00,0x00,0x00,0x00,0x1F,0xFE,0x00,0x1F,0xFF,0xC0,0x1F,0xFF,
    0xE0,0x1E,0x03,0xF0,0x1E,0x00,0xF0,0x1E,0x00,0xF0,0x1E,0x00,0x78,0x1E,0x00,0x78,
    0x1E,0x00,0x78,0x1E,0x00,0x78,0x1E,0x00,0xF0,0x1E,0x00,0xF0,0x1E,0x03,0xF0,0x1F,
    0xFF,0xE0,0x1F,0xFF,0x80,0x1F,0xFE,0x00,0x1E,0x00,0x00,0x1E,0x00,0x00,0x1E,0x00,
    0x00,0x1E,0x00,0x00,0x1E,0x00,0x00,0x1E,0x00,0x00,0x1E,0x00,0x00,0x1E,0x00,0x00,
    0x1E,0x00,0x00,0x1E,0x00,0x00,0x1E,0x00,0x00,0x00,0x00,0x00,0x00,0x00,0x00,0x00,
    0x00,0x00,0x00,0x00,0x00,0x00,0x00,0x00,0x00,0x00,0x00,0x00,0x00,0x00,0x00,0x00,
    0x00,0x00,0x00,0x00,
};

static const uint8_t kAtlas7GlyphBits49[132] = {
    0x00,0x00,0x00,0x00,0x00,0x00,0x00,0x00,0x00,0x00,0x00,0x00,0x00,0x00,0x00,0x00,
    0x00,0x00,0x00,0x00,0x00,0x00,0x10,0x00,0x01,0xFF,0x00,0x03,0xFF,0x80,0x07,0xC7,
    0xC0,0x0F,0x01,0xE0,0x0F,0x01,0xE0,0x1E,0x00,0xF0,0x1E,0x00,0xF0,0x1E,0x00,0xF0,
    0x1C,0x00,0x70,0x3C,0x00,0x70,0x3C,0x00,0x78,0x3C,0x00,0x78,0x3C,0x00,0x78,0x3C,
    0x00,0x78,0x3C,0x00,0x78,0x3C,0x00,0x78,0x3C,0x00,0x78,0x3C,0x00,0x70,0x1C,0x00,
    0x70,0x1E,0x00,0xF0,0x1E,0x00,0xF0,0x1E,0x00,0xF0,0x0F,0x01,0xE0,0x0F,0x01,0xE0,
    0x07,0xC7,0xC0,0x03,0xFF,0x80,0x01,0xFF,0x00,0x00,0x1F,0x00,0x00,0x07,0x80,0x00,
    0x03,0xC0,0x00,0x01,0xE0,0x00,0x00,0xF0,0x00,0x00,0x7C,0x00,0x00,0x00,0x00,0x00,
    0x00,0x00,0x00,0x00,
};

static const uint8_t kAtlas7GlyphBits50[132] = {
    0x00,0x00,0x00,0x00,0x00,0x00,0x00,0x00,0x00,0x00,0x00,0x00,0x00,0x00,0x00,0x00,
    0x00,0x00,0x00,0x00,0x00,0x00,0x00,0x00,0x1F,0xFC,0x00,0x1F,0xFF,0x80,0x1F,0xFF,
    0xC0,0x1C,0x03,0xE0,0x1C,0x01,0xE0,0x1C,0x01,0xF0,0x1C,0x00,0xF0,0x1C,0x00,0xF0,
    0x1C,0x00,0xF0,0x1C,0x00,0xF0,0x1C,0x01,0xE0,0x1C,0x03,0xE0,0x1F,0xFF,0x80,0x1F,
    0xFE,0x00,0x1F,0xFF,0x00,0x1C,0x0F,0x80,0x1C,0x03,0xC0,0x1C,0x03,0xC0,0x1C,0x01,
    0xE0,0x1C,0x01,0xE0,0x1C,0x00,0xF0,0x1C,0x00,0xF0,0x1C,0x00,0x78,0x1C,0x00,0x78,
    0x1C,0x00,0x3C,0x1C,0x00,0x3C,0x1C,0x00,0x1E,0x00,0x00,0x00,0x00,0x00,0x00,0x00,
    0x00,0x00,0x00,0x00,0x00,0x00,0x00,0x00,0x00,0x00,0x00,0x00,0x00,0x00,0x00,0x00,
    0x00,0x00,0x00,0x00,
};

static const uint8_t kAtlas7GlyphBits51[132] = {
    0x00,0x00,0x00,0x00,0x00,0x00,0x00,0x00,0x00,0x00,0x00,0x00,0x00,0x00,0x00,0x00,
    0x00,0x00,0x00,0x00,0x00,0x00,0x10,0x00,0x01,0xFF,0xC0,0x07,0xFF,0xE0,0x0F,0xC3,
    0xE0,0x0F,0x00,0x60,0x1E,0x00,0x20,0x1C,0x00,0x00,0x1C,0x00,0x00,0x1C,0x00,0x00,
    0x1C,0x00,0x00,0x1E,0x00,0x00,0x1F,0x80,0x00,0x0F,0xF8,0x00,0x07,0xFF,0x00,0x03,
    0xFF,0xC0,0x00,0x7F,0xE0,0x00,0x07,0xE0,0x00,0x01,0xF0,0x00,0x00,0xF0,0x00,0x00,
    0x70,0x00,0x00,0x70,0x00,0x00,0x70,0x00,0x00,0x70,0x10,0x00,0xF0,0x1C,0x01,0xF0,
    0x1F,0x87,0xE0,0x1F,0xFF,0xC0,0x07,0xFF,0x00,0x00,0x20,0x00,0x00,0x00,0x00,0x00,
    0x00,0x00,0x00,0x00,0x00,0x00,0x00,0x00,0x00,0x00,0x00,0x00,0x00,0x00,0x00,0x00,
    0x00,0x00,0x00,0x00,
};

static const uint8_t kAtlas7GlyphBits52[132] = {
    0x00,0x00,0x00,0x00,0x00,0x00,0x00,0x00,0x00,0x00,0x00,0x00,0x00,0x00,0x00,0x00,
    0x00,0x00,0x00,0x00,0x00,0x00,0x00,0x00,0x7F,0xFF,0xFC,0x7F,0xFF,0xFC,0x7F,0xFF,
    0xFC,0x00,0x38,0x00,0x00,0x38,0x00,0x00,0x38,0x00,0x00,0x38,0x00,0x00,0x38,0x00,
    0x00,0x38,0x00,0x00,0x38,0x00,0x00,0x38,0x00,0x00,0x38,0x00,0x00,0x38,0x00,0x00,
    0x38,0x00,0x00,0x38,0x00,0x00,0x38,0x00,0x00,0x38,0x00,0x00,0x38,0x00,0x00,0x38,
    0x00,0x00,0x38,0x00,0x00,0x38,0x00,0x00,0x38,0x00,0x00,0x38,0x00,0x00,0x38,0x00,
    0x00,0x38,0x00,0x00,0x38,0x00,0x00,0x38,0x00,0x00,0x00,0x00,0x00,0x00,0x00,0x00,
    0x00,0x00,0x00,0x00,0x00,0x00,0x00,0x00,0x00,0x00,0x00,0x00,0x00,0x00,0x00,0x00,
    0x00,0x00,0x00,0x00,
};

static const uint8_t kAtlas7GlyphBits53[132] = {
    0x00,0x00,0x00,0x00,0x00,0x00,0x00,0x00,0x00,0x00,0x00,0x00,0x00,0x00,0x00,0x00,
    0x00,0x00,0x00,0x00,0x00,0x00,0x00,0x00,0x1E,0x00,0xF0,0x1E,0x00,0xF0,0x1E,0x00,
    0xF0,0x1E,0x00,0xF0,0x1E,0x00,0xF0,0x1E,0x00,0xF0,0x1E,0x00,0xF0,0x1E,0x00,0xF0,
    0x1E,0x00,0xF0,0x1E,0x00,0xF0,0x1E,0x00,0xF0,0x1E,0x00,0xF0,0x1E,0x00,0xF0,0x1E,
    0x00,0xF0,0x1E,0x00,0xF0,0x1E,0x00,0xF0,0x1E,0x00,0xF0,0x1E,0x00,0xF0,0x1E,0x00,
    0xF0,0x1E,0x00,0xF0,0x1E,0x00,0xF0,0x1E,0x00,0xF0,0x1E,0x00,0xF0,0x0F,0x01,0xE0,
    0x0F,0xC7,0xE0,0x07,0xFF,0xC0,0x01,0xFF,0x00,0x00,0x10,0x00,0x00,0x00,0x00,0x00,
    0x00,0x00,0x00,0x00,0x00,0x00,0x00,0x00,0x00,0x00,0x00,0x00,0x00,0x00,0x00,0x00,
    0x00,0x00,0x00,0x00,
};

static const uint8_t kAtlas7GlyphBits54[132] = {
    0x00,0x00,0x00,0x00,0x00,0x00,0x00,0x00,0x00,0x00,0x00,0x00,0x00,0x00,0x00,0x00,
    0x00,0x00,0x00,0x00,0x00,0x00,0x00,0x00,0x78,0x00,0x3C,0x38,0x00,0x38,0x3C,0x00,
    0x78,0x3C,0x00,0x78,0x3C,0x00,0x70,0x1C,0x00,0xF0,0x1E,0x00,0xF0,0x1E,0x00,0xF0,
    0x0E,0x00,0xE0,0x0F,0x01,0xE0,0x0F,0x01,0xE0,0x07,0x01,0xC0,0x07,0x01,0xC0,0x07,
    0x83,0xC0,0x07,0x83,0x80,0x03,0x83,0x80,0x03,0x87,0x80,0x03,0xC7,0x80,0x01,0xC7,
    0x00,0x01,0xC7,0x00,0x01,0xEF,0x00,0x00,0xEE,0x00,0x00,0xEE,0x00,0x00,0xEE,0x00,
    0x00,0xFC,0x00,0x00,0x7C,0x00,0x00,0x7C,0x00,0x00,0x00,0x00,0x00,0x00,0x00,0x00,
    0x00,0x00,0x00,0x00,0x00,0x00,0x00,0x00,0x00,0x00,0x00,0x00,0x00,0x00,0x00,0x00,
    0x00,0x00,0x00,0x00,
};

static const uint8_t kAtlas7GlyphBits55[132] = {
    0x00,0x00,0x00,0x00,0x00,0x00,0x00,0x00,0x00,0x00,0x00,0x00,0x00,0x00,0x00,0x00,
    0x00,0x00,0x00,0x00,0x00,0x00,0x00,0x00,0xF0,0x00,0x1E,0xF0,0x00,0x1E,0xF0,0x00,
    0x1C,0x70,0x00,0x1C,0x70,0x00,0x1C,0x70,0x00,0x1C,0x70,0x00,0x3C,0x78,0x78,0x3C,
    0x78,0x7C,0x3C,0x78,0x7C,0x38,0x38,0x7C,0x38,0x38,0x6C,0x38,0x38,0xEC,0x38,0x38,
    0xEE,0x38,0x38,0xEE,0x78,0x3C,0xCE,0x70,0x1D,0xC6,0x70,0x1D,0xC7,0x70,0x1D,0xC7,
    0x70,0x1D,0x87,0x70,0x1D,0x83,0x70,0x1F,0x83,0x70,0x1F,0x83,0xE0,0x0F,0x83,0xE0,
    0x0F,0x01,0xE0,0x0F,0x01,0xE0,0x0F,0x01,0xE0,0x00,0x00,0x00,0x00,0x00,0x00,0x00,
    0x00,0x00,0x00,0x00,0x00,0x00,0x00,0x00,0x00,0x00,0x00,0x00,0x00,0x00,0x00,0x00,
    0x00,0x00,0x00,0x00,
};

static const uint8_t kAtlas7GlyphBits56[132] = {
    0x00,0x00,0x00,0x00,0x00,0x00,0x00,0x00,0x00,0x00,0x00,0x00,0x00,0x00,0x00,0x00,
    0x00,0x00,0x00,0x00,0x00,0x00,0x00,0x00,0x3C,0x00,0x3C,0x1E,0x00,0x78,0x1E,0x00,
    0xF0,0x0F,0x00,0xF0,0x0F,0x01,0xE0,0x07,0x81,0xC0,0x03,0x83,0xC0,0x03,0xC7,0x80,
    0x01,0xE7,0x00,0x00,0xEF,0x00,0x00,0xFE,0x00,0x00,0x7C,0x00,0x00,0x7C,0x00,0x00,
    0x7C,0x00,0x00,0xFE,0x00,0x00,0xFE,0x00,0x01,0xEF,0x00,0x03,0xC7,0x80,0x03,0xC3,
    0x80,0x07,0x83,0xC0,0x07,0x01,0xC0,0x0F,0x01,0xE0,0x1E,0x00,0xF0,0x1E,0x00,0xF0,
    0x3C,0x00,0x78,0x78,0x00,0x3C,0xF8,0x00,0x3E,0x00,0x00,0x00,0x00,0x00,0x00,0x00,
    0x00,0x00,0x00,0x00,0x00,0x00,0x00,0x00,0x00,0x00,0x00,0x00,0x00,0x00,0x00,0x00,
    0x00,0x00,0x00,0x00,
};

static const uint8_t kAtlas7GlyphBits57[132] = {
    0x00,0x00,0x00,0x00,0x00,0x00,0x00,0x00,0x00,0x00,0x00,0x00,0x00,0x00,0x00,0x00,
    0x00,0x00,0x00,0x00,0x00,0x00,0x00,0x00,0x78,0x00,0x3C,0x3C,0x00,0x78,0x3C,0x00,
    0x78,0x1E,0x00,0xF0,0x1E,0x00,0xF0,0x0F,0x01,0xE0,0x07,0x01,0xC0,0x07,0x83,0xC0,
    0x03,0x87,0x80,0x03,0xC7,0x80,0x01,0xEF,0x00,0x00,0xEE,0x00,0x00,0xFE,0x00,0x00,
    0x7C,0x00,0x00,0x7C,0x00,0x00,0x38,0x00,0x00,0x38,0x00,0x00,0x38,0x00,0x00,0x38,
    0x00,0x00,0x38,0x00,0x00,0x38,0x00,0x00,0x38,0x00,0x00,0x38,0x00,0x00,0x38,0x00,
    0x00,0x38,0x00,0x00,0x38,0x00,0x00,0x38,0x00,0x00,0x00,0x00,0x00,0x00,0x00,0x00,
    0x00,0x00,0x00,0x00,0x00,0x00,0x00,0x00,0x00,0x00,0x00,0x00,0x00,0x00,0x00,0x00,
    0x00,0x00,0x00,0x00,
};

static const uint8_t kAtlas7GlyphBits58[132] = {
    0x00,0x00,0x00,0x00,0x00,0x00,0x00,0x00,0x00,0x00,0x00,0x00,0x00,0x00,0x00,0x00,
    0x00,0x00,0x00,0x00,0x00,0x00,0x00,0x00,0x3F,0xFF,0xF0,0x3F,0xFF,0xF0,0x3F,0xFF,
    0xF0,0x00,0x00,0xF0,0x00,0x01,0xE0,0x00,0x03,0xC0,0x00,0x03,0xC0,0x00,0x07,0x80,
    0x00,0x0F,0x00,0x00,0x0F,0x00,0x00,0x1E,0x00,0x00,0x3C,0x00,0x00,0x3C,0x00,0x00,
    0x78,0x00,0x00,0x70,0x00,0x00,0xF0,0x00,0x01,0xE0,0x00,0x01,0xC0,0x00,0x03,0xC0,
    0x00,0x07,0x80,0x00,0x07,0x00,0x00,0x0F,0x00,0x00,0x1E,0x00,0x00,0x1C,0x00,0x00,
    0x3F,0xFF,0xF8,0x3F,0xFF,0xF8,0x3F,0xFF,0xF8,0x00,0x00,0x00,0x00,0x00,0x00,0x00,
    0x00,0x00,0x00,0x00,0x00,0x00,0x00,0x00,0x00,0x00,0x00,0x00,0x00,0x00,0x00,0x00,
    0x00,0x00,0x00,0x00,
};

static const uint8_t kAtlas7GlyphBits59[132] = {
    0x00,0x00,0x00,0x00,0x00,0x00,0x00,0x00,0x00,0x00,0x00,0x00,0x00,0x00,0x00,0x03,
    0xFF,0xC0,0x03,0xFF,0xC0,0x03,0xFF,0xC0,0x03,0x80,0x00,0x03,0x80,0x00,0x03,0x80,
    0x00,0x03,0x80,0x00,0x03,0x80,0x00,0x03,0x80,0x00,0x03,0x80,0x00,0x03,0x80,0x00,
    0x03,0x80,0x00,0x03,0x80,0x00,0x03,0x80,0x00,0x03,0x80,0x00,0x03,0x80,0x00,0x03,
    0x80,0x00,0x03,0x80,0x00,0x03,0x80,0x00,0x03,0x80,0x00,0x03,0x80,0x00,0x03,0x80,
    0x00,0x03,0x80,0x00,0x03,0x80,0x00,0x03,0x80,0x00,0x03,0x80,0x00,0x03,0x80,0x00,
    0x03,0x80,0x00,0x03,0x80,0x00,0x03,0x80,0x00,0x03,0x80,0x00,0x03,0x80,0x00,0x03,
    0xFF,0xC0,0x03,0xFF,0xC0,0x03,0xFF,0xC0,0x00,0x00,0x00,0x00,0x00,0x00,0x00,0x00,
    0x00,0x00,0x00,0x00,
};

static const uint8_t kAtlas7GlyphBits60[132] = {
    0x00,0x00,0x00,0x00,0x00,0x00,0x00,0x00,0x00,0x00,0x00,0x00,0x00,0x00,0x00,0x00,
    0x00,0x00,0x00,0x00,0x00,0x00,0x00,0x00,0x3C,0x00,0x00,0x1E,0x00,0x00,0x0E,0x00,
    0x00,0x0F,0x00,0x00,0x0F,0x00,0x00,0x07,0x80,0x00,0x07,0x80,0x00,0x03,0x80,0x00,
    0x03,0xC0,0x00,0x01,0xC0,0x00,0x01,0xE0,0x00,0x00,0xE0,0x00,0x00,0xF0,0x00,0x00,
    0x70,0x00,0x00,0x78,0x00,0x00,0x38,0x00,0x00,0x3C,0x00,0x00,0x1C,0x00,0x00,0x1E,
    0x00,0x00,0x0E,0x00,0x00,0x0F,0x00,0x00,0x07,0x00,0x00,0x07,0x80,0x00,0x07,0x80,
    0x00,0x03,0x80,0x00,0x03,0xC0,0x00,0x01,0xC0,0x00,0x01,0xE0,0x00,0x00,0xE0,0x00,
    0x00,0xF0,0x00,0x00,0x78,0x00,0x00,0x00,0x00,0x00,0x00,0x00,0x00,0x00,0x00,0x00,
    0x00,0x00,0x00,0x00,
};

static const uint8_t kAtlas7GlyphBits61[132] = {
    0x00,0x00,0x00,0x00,0x00,0x00,0x00,0x00,0x00,0x00,0x00,0x00,0x00,0x00,0x00,0x07,
    0xFF,0x80,0x07,0xFF,0x80,0x07,0xFF,0x80,0x00,0x07,0x80,0x00,0x07,0x80,0x00,0x07,
    0x80,0x00,0x07,0x80,0x00,0x07,0x80,0x00,0x07,0x80,0x00,0x07,0x80,0x00,0x07,0x80,
    0x00,0x07,0x80,0x00,0x07,0x80,0x00,0x07,0x80,0x00,0x07,0x80,0x00,0x07,0x80,0x00,
    0x07,0x80,0x00,0x07,0x80,0x00,0x07,0x80,0x00,0x07,0x80,0x00,0x07,0x80,0x00,0x07,
    0x80,0x00,0x07,0x80,0x00,0x07,0x80,0x00,0x07,0x80,0x00,0x07,0x80,0x00,0x07,0x80,
    0x00,0x07,0x80,0x00,0x07,0x80,0x00,0x07,0x80,0x00,0x07,0x80,0x00,0x07,0x80,0x07,
    0xFF,0x80,0x07,0xFF,0x80,0x07,0xFF,0x80,0x00,0x00,0x00,0x00,0x00,0x00,0x00,0x00,
    0x00,0x00,0x00,0x00,
};

static const uint8_t kAtlas7GlyphBits62[132] = {
    0x00,0x00,0x00,0x00,0x00,0x00,0x00,0x00,0x00,0x00,0x00,0x00,0x00,0x00,0x00,0x00,
    0x00,0x00,0x00,0x00,0x00,0x00,0x00,0x00,0x00,0x7C,0x00,0x00,0x7C,0x00,0x00,0xFE,
    0x00,0x01,0xEF,0x00,0x03,0xC7,0x80,0x07,0x83,0xC0,0x0F,0x01,0xE0,0x1E,0x00,0xE0,
    0x1C,0x00,0x70,0x78,0x00,0x3C,0x00,0x00,0x00,0x00,0x00,0x00,0x00,0x00,0x00,0x00,
    0x00,0x00,0x00,0x00,0x00,0x00,0x00,0x00,0x00,0x00,0x00,0x00,0x00,0x00,0x00,0x00,
    0x00,0x00,0x00,0x00,0x00,0x00,0x00,0x00,0x00,0x00,0x00,0x00,0x00,0x00,0x00,0x00,
    0x00,0x00,0x00,0x00,0x00,0x00,0x00,0x00,0x00,0x00,0x00,0x00,0x00,0x00,0x00,0x00,
    0x00,0x00,0x00,0x00,0x00,0x00,0x00,0x00,0x00,0x00,0x00,0x00,0x00,0x00,0x00,0x00,
    0x00,0x00,0x00,0x00,
};

static const uint8_t kAtlas7GlyphBits63[132] = {
    0x00,0x00,0x00,0x00,0x00,0x00,0x00,0x00,0x00,0x00,0x00,0x00,0x00,0x00,0x00,0x00,
    0x00,0x00,0x00,0x00,0x00,0x00,0x00,0x00,0x00,0x00,0x00,0x00,0x00,0x00,0x00,0x00,
    0x00,0x00,0x00,0x00,0x00,0x00,0x00,0x00,0x00,0x00,0x00,0x00,0x00,0x00,0x00,0x00,
    0x00,0x00,0x00,0x00,0x00,0x00,0x00,0x00,0x00,0x00,0x00,0x00,0x00,0x00,0x00,0x00,
    0x00,0x00,0x00,0x00,0x00,0x00,0x00,0x00,0x00,0x00,0x00,0x00,0x00,0x00,0x00,0x00,
    0x00,0x00,0x00,0x00,0x00,0x00,0x00,0x00,0x00,0x00,0x00,0x00,0x00,0x00,0x00,0x00,
    0x00,0x00,0x00,0x00,0x00,0x00,0x00,0x00,0x00,0x00,0x00,0x00,0x00,0x00,0x00,0x00,
    0x00,0x00,0x00,0x00,0x00,0x3F,0xFF,0xF8,0x3F,0xFF,0xF8,0x00,0x00,0x00,0x00,0x00,
    0x00,0x00,0x00,0x00,
};

static const uint8_t kAtlas7GlyphBits64[132] = {
    0x00,0x00,0x00,0x00,0x00,0x00,0x00,0x00,0x00,0x00,0x00,0x00,0x00,0x00,0x00,0x07,
    0x80,0x00,0x03,0xC0,0x00,0x01,0xE0,0x00,0x00,0xE0,0x00,0x00,0x70,0x00,0x00,0x38,
    0x00,0x00,0x1C,0x00,0x00,0x00,0x00,0x00,0x00,0x00,0x00,0x00,0x00,0x00,0x00,0x00,
    0x00,0x00,0x00,0x00,0x00,0x00,0x00,0x00,0x00,0x00,0x00,0x00,0x00,0x00,0x00,0x00,
    0x00,0x00,0x00,0x00,0x00,0x00,0x00,0x00,0x00,0x00,0x00,0x00,0x00,0x00,0x00,0x00,
    0x00,0x00,0x00,0x00,0x00,0x00,0x00,0x00,0x00,0x00,0x00,0x00,0x00,0x00,0x00,0x00,
    0x00,0x00,0x00,0x00,0x00,0x00,0x00,0x00,0x00,0x00,0x00,0x00,0x00,0x00,0x00,0x00,
    0x00,0x00,0x00,0x00,0x00,0x00,0x00,0x00,0x00,0x00,0x00,0x00,0x00,0x00,0x00,0x00,
    0x00,0x00,0x00,0x00,
};

static const uint8_t kAtlas7GlyphBits65[132] = {
    0x00,0x00,0x00,0x00,0x00,0x00,0x00,0x00,0x00,0x00,0x00,0x00,0x00,0x00,0x00,0x00,
    0x00,0x00,0x00,0x00,0x00,0x00,0x00,0x00,0x00,0x00,0x00,0x00,0x00,0x00,0x00,0x00,
    0x00,0x00,0x00,0x00,0x00,0x00,0x00,0x00,0x10,0x00,0x07,0xFF,0x00,0x0F,0xFF,0x80,
    0x0F,0x87,0xC0,0x0C,0x01,0xE0,0x00,0x00,0xE0,0x00,0x00,0xF0,0x00,0x00,0xF0,0x00,
    0x00,0xF0,0x00,0xFF,0xF0,0x07,0xFF,0xF0,0x0F,0xFF,0xF0,0x1F,0x00,0xF0,0x1E,0x00,
    0xF0,0x1C,0x00,0xF0,0x1C,0x00,0xF0,0x1C,0x01,0xF0,0x1C,0x01,0xF0,0x1E,0x03,0xF0,
    0x1F,0x8F,0x70,0x0F,0xFE,0x70,0x07,0xFC,0x78,0x00,0x40,0x00,0x00,0x00,0x00,0x00,
    0x00,0x00,0x00,0x00,0x00,0x00,0x00,0x00,0x00,0x00,0x00,0x00,0x00,0x00,0x00,0x00,
    0x00,0x00,0x00,0x00,
};

static const uint8_t kAtlas7GlyphBits66[132] = {
    0x00,0x00,0x00,0x00,0x00,0x00,0x00,0x00,0x00,0x00,0x00,0x00,0x00,0x00,0x00,0x00,
    0x00,0x00,0x0E,0x00,0x00,0x0E,0x00,0x00,0x0E,0x00,0x00,0x0E,0x00,0x00,0x0E,0x00,
    0x00,0x0E,0x00,0x00,0x0E,0x00,0x00,0x0E,0x08,0x00,0x0E,0x7F,0x80,0x0E,0xFF,0xC0,
    0x0F,0xE7,0xE0,0x0F,0x81,0xE0,0x0F,0x00,0xF0,0x0F,0x00,0xF0,0x0E,0x00,0x70,0x0E,
    0x00,0x70,0x0E,0x00,0x78,0x0E,0x00,0x78,0x0E,0x00,0x78,0x0E,0x00,0x78,0x0E,0x00,
    0x78,0x0E,0x00,0x70,0x0E,0x00,0x70,0x0F,0x00,0xF0,0x0F,0x00,0xF0,0x0F,0x81,0xE0,
    0x0F,0xE7,0xE0,0x0E,0xFF,0xC0,0x0E,0x7F,0x00,0x00,0x08,0x00,0x00,0x00,0x00,0x00,
    0x00,0x00,0x00,0x00,0x00,0x00,0x00,0x00,0x00,0x00,0x00,0x00,0x00,0x00,0x00,0x00,
    0x00,0x00,0x00,0x00,
};

static const uint8_t kAtlas7GlyphBits67[132] = {
    0x00,0x00,0x00,0x00,0x00,0x00,0x00,0x00,0x00,0x00,0x00,0x00,0x00,0x00,0x00,0x00,
    0x00,0x00,0x00,0x00,0x00,0x00,0x00,0x00,0x00,0x00,0x00,0x00,0x00,0x00,0x00,0x00,
    0x00,0x00,0x00,0x00,0x00,0x00,0x00,0x00,0x04,0x00,0x00,0xFF,0xC0,0x01,0xFF,0xE0,
    0x03,0xF1,0xE0,0x07,0x80,0x60,0x0F,0x00,0x20,0x0F,0x00,0x00,0x0E,0x00,0x00,0x1E,
    0x00,0x00,0x1E,0x00,0x00,0x1E,0x00,0x00,0x1E,0x00,0x00,0x1E,0x00,0x00,0x1E,0x00,
    0x00,0x1E,0x00,0x00,0x0E,0x00,0x00,0x0F,0x00,0x00,0x0F,0x00,0x20,0x07,0x80,0x20,
    0x03,0xF1,0xE0,0x01,0xFF,0xE0,0x00,0xFF,0xC0,0x00,0x04,0x00,0x00,0x00,0x00,0x00,
    0x00,0x00,0x00,0x00,0x00,0x00,0x00,0x00,0x00,0x00,0x00,0x00,0x00,0x00,0x00,0x00,
    0x00,0x00,0x00,0x00,
};

static const uint8_t kAtlas7GlyphBits68[132] = {
    0x00,0x00,0x00,0x00,0x00,0x00,0x00,0x00,0x00,0x00,0x00,0x00,0x00,0x00,0x00,0x00,
    0x00,0x00,0x00,0x00,0xE0,0x00,0x00,0xE0,0x00,0x00,0xE0,0x00,0x00,0xE0,0x00,0x00,
    0xE0,0x00,0x00,0xE0,0x00,0x00,0xE0,0x00,0x20,0xE0,0x01,0xFC,0xE0,0x07,0xFE,0xE0,
    0x0F,0xCF,0xE0,0x0F,0x03,0xE0,0x1E,0x01,0xE0,0x1E,0x01,0xE0,0x1C,0x01,0xE0,0x3C,
    0x00,0xE0,0x3C,0x00,0xE0,0x3C,0x00,0xE0,0x3C,0x00,0xE0,0x3C,0x00,0xE0,0x3C,0x00,
    0xE0,0x1C,0x00,0xE0,0x1C,0x01,0xE0,0x1E,0x01,0xE0,0x1E,0x01,0xE0,0x0F,0x03,0xE0,
    0x0F,0xCF,0xE0,0x07,0xFE,0xE0,0x03,0xFC,0xE0,0x00,0x20,0x00,0x00,0x00,0x00,0x00,
    0x00,0x00,0x00,0x00,0x00,0x00,0x00,0x00,0x00,0x00,0x00,0x00,0x00,0x00,0x00,0x00,
    0x00,0x00,0x00,0x00,
};

static const uint8_t kAtlas7GlyphBits69[132] = {
    0x00,0x00,0x00,0x00,0x00,0x00,0x00,0x00,0x00,0x00,0x00,0x00,0x00,0x00,0x00,0x00,
    0x00,0x00,0x00,0x00,0x00,0x00,0x00,0x00,0x00,0x00,0x00,0x00,0x00,0x00,0x00,0x00,
    0x00,0x00,0x00,0x00,0x00,0x00,0x00,0x00,0x10,0x00,0x01,0xFF,0x00,0x03,0xFF,0xC0,
    0x07,0xE7,0xE0,0x0F,0x81,0xE0,0x0F,0x00,0xF0,0x1E,0x00,0x70,0x1E,0x00,0x70,0x1C,
    0x00,0x70,0x3C,0x00,0x78,0x3F,0xFF,0xF8,0x3F,0xFF,0xF8,0x3F,0xFF,0xF8,0x3C,0x00,
    0x00,0x1C,0x00,0x00,0x1C,0x00,0x00,0x1E,0x00,0x00,0x0E,0x00,0x00,0x0F,0x00,0x30,
    0x07,0xE3,0xF0,0x03,0xFF,0xF0,0x00,0xFF,0xC0,0x00,0x08,0x00,0x00,0x00,0x00,0x00,
    0x00,0x00,0x00,0x00,0x00,0x00,0x00,0x00,0x00,0x00,0x00,0x00,0x00,0x00,0x00,0x00,
    0x00,0x00,0x00,0x00,
};

static const uint8_t kAtlas7GlyphBits70[132] = {
    0x00,0x00,0x00,0x00,0x00,0x00,0x00,0x00,0x00,0x00,0x00,0x00,0x00,0x00,0x00,0x00,
    0x00,0x00,0x00,0x0F,0xE0,0x00,0x3F,0xE0,0x00,0x3F,0xE0,0x00,0x78,0x00,0x00,0x70,
    0x00,0x00,0x70,0x00,0x00,0x70,0x00,0x00,0x70,0x00,0x1F,0xFF,0xE0,0x1F,0xFF,0xE0,
    0x1F,0xFF,0xE0,0x00,0x70,0x00,0x00,0x70,0x00,0x00,0x70,0x00,0x00,0x70,0x00,0x00,
    0x70,0x00,0x00,0x70,0x00,0x00,0x70,0x00,0x00,0x70,0x00,0x00,0x70,0x00,0x00,0x70,
    0x00,0x00,0x70,0x00,0x00,0x70,0x00,0x00,0x70,0x00,0x00,0x70,0x00,0x00,0x70,0x00,
    0x00,0x70,0x00,0x00,0x70,0x00,0x00,0x70,0x00,0x00,0x00,0x00,0x00,0x00,0x00,0x00,
    0x00,0x00,0x00,0x00,0x00,0x00,0x00,0x00,0x00,0x00,0x00,0x00,0x00,0x00,0x00,0x00,
    0x00,0x00,0x00,0x00,
};

static const uint8_t kAtlas7GlyphBits71[132] = {
    0x00,0x00,0x00,0x00,0x00,0x00,0x00,0x00,0x00,0x00,0x00,0x00,0x00,0x00,0x00,0x00,
    0x00,0x00,0x00,0x00,0x00,0x00,0x00,0x00,0x00,0x00,0x00,0x00,0x00,0x00,0x00,0x00,
    0x00,0x00,0x00,0x00,0x00,0x00,0x00,0x00,0x20,0x00,0x01,0xFC,0x70,0x03,0xFF,0x70,
    0x07,0xC7,0xF0,0x0F,0x01,0xF0,0x0F,0x01,0xF0,0x1E,0x00,0xF0,0x1E,0x00,0xF0,0x1E,
    0x00,0xF0,0x1C,0x00,0xF0,0x1C,0x00,0xF0,0x1C,0x00,0xF0,0x1C,0x00,0xF0,0x1E,0x00,
    0xF0,0x1E,0x00,0xF0,0x1E,0x00,0xF0,0x0E,0x00,0xF0,0x0F,0x01,0xF0,0x07,0x83,0xF0,
    0x07,0xFF,0xF0,0x03,0xFE,0xF0,0x00,0xF8,0xF0,0x00,0x00,0xF0,0x00,0x00,0xF0,0x00,
    0x00,0xE0,0x00,0x01,0xE0,0x07,0x03,0xC0,0x07,0xFF,0xC0,0x07,0xFF,0x80,0x01,0xFE,
    0x00,0x00,0x00,0x00,
};

static const uint8_t kAtlas7GlyphBits72[132] = {
    0x00,0x00,0x00,0x00,0x00,0x00,0x00,0x00,0x00,0x00,0x00,0x00,0x00,0x00,0x00,0x00,
    0x00,0x00,0x0E,0x00,0x00,0x0E,0x00,0x00,0x0E,0x00,0x00,0x0E,0x00,0x00,0x0E,0x00,
    0x00,0x0E,0x00,0x00,0x0E,0x00,0x00,0x0E,0x04,0x00,0x0E,0x7F,0x80,0x0E,0xFF,0xC0,
    0x0F,0xE7,0xC0,0x0F,0x81,0xE0,0x0F,0x00,0xE0,0x0F,0x00,0xE0,0x0E,0x00,0xE0,0x0E,
    0x00,0xE0,0x0E,0x00,0xF0,0x0E,0x00,0xF0,0x0E,0x00,0xF0,0x0E,0x00,0xF0,0x0E,0x00,
    0xF0,0x0E,0x00,0xF0,0x0E,0x00,0xF0,0x0E,0x00,0xF0,0x0E,0x00,0xF0,0x0E,0x00,0xF0,
    0x0E,0x00,0xF0,0x0E,0x00,0xF0,0x0E,0x00,0xF0,0x00,0x00,0x00,0x00,0x00,0x00,0x00,
    0x00,0x00,0x00,0x00,0x00,0x00,0x00,0x00,0x00,0x00,0x00,0x00,0x00,0x00,0x00,0x00,
    0x00,0x00,0x00,0x00,
};

static const uint8_t kAtlas7GlyphBits73[132] = {
    0x00,0x00,0x00,0x00,0x00,0x00,0x00,0x00,0x00,0x00,0x00,0x00,0x00,0x00,0x00,0x00,
    0x00,0x00,0x00,0x78,0x00,0x00,0x78,0x00,0x00,0x78,0x00,0x00,0x78,0x00,0x00,0x00,
    0x00,0x00,0x00,0x00,0x00,0x00,0x00,0x00,0x00,0x00,0x07,0xF8,0x00,0x07,0xF8,0x00,
    0x07,0xF8,0x00,0x00,0x38,0x00,0x00,0x38,0x00,0x00,0x38,0x00,0x00,0x38,0x00,0x00,
    0x38,0x00,0x00,0x38,0x00,0x00,0x38,0x00,0x00,0x38,0x00,0x00,0x38,0x00,0x00,0x38,
    0x00,0x00,0x38,0x00,0x00,0x38,0x00,0x00,0x38,0x00,0x00,0x3C,0x00,0x00,0x3C,0x00,
    0x00,0x1F,0xF0,0x00,0x0F,0xF0,0x00,0x07,0xF0,0x00,0x00,0x00,0x00,0x00,0x00,0x00,
    0x00,0x00,0x00,0x00,0x00,0x00,0x00,0x00,0x00,0x00,0x00,0x00,0x00,0x00,0x00,0x00,
    0x00,0x00,0x00,0x00,
};

static const uint8_t kAtlas7GlyphBits74[132] = {
    0x00,0x00,0x00,0x00,0x00,0x00,0x00,0x00,0x00,0x00,0x00,0x00,0x00,0x00,0x00,0x00,
    0x00,0x00,0x00,0x0E,0x00,0x00,0x0E,0x00,0x00,0x0E,0x00,0x00,0x0E,0x00,0x00,0x00,
    0x00,0x00,0x00,0x00,0x00,0x00,0x00,0x00,0x00,0x00,0x03,0xFF,0x00,0x03,0xFF,0x00,
    0x03,0xFF,0x00,0x00,0x0F,0x00,0x00,0x0F,0x00,0x00,0x0F,0x00,0x00,0x0F,0x00,0x00,
    0x0F,0x00,0x00,0x0F,0x00,0x00,0x0F,0x00,0x00,0x0F,0x00,0x00,0x0F,0x00,0x00,0x0F,
    0x00,0x00,0x0F,0x00,0x00,0x0F,0x00,0x00,0x0F,0x00,0x00,0x0F,0x00,0x00,0x0F,0x00,
    0x00,0x0F,0x00,0x00,0x0F,0x00,0x00,0x0F,0x00,0x00,0x0F,0x00,0x00,0x0E,0x00,0x00,
    0x0E,0x00,0x00,0x0E,0x00,0x00,0x1E,0x00,0x0F,0xFC,0x00,0x0F,0xF8,0x00,0x0F,0xF0,
    0x00,0x00,0x00,0x00,
};

static const uint8_t kAtlas7GlyphBits75[132] = {
    0x00,0x00,0x00,0x00,0x00,0x00,0x00,0x00,0x00,0x00,0x00,0x00,0x00,0x00,0x00,0x00,
    0x00,0x00,0x0F,0x00,0x00,0x0F,0x00,0x00,0x0F,0x00,0x00,0x0F,0x00,0x00,0x0F,0x00,
    0x00,0x0F,0x00,0x00,0x0F,0x00,0x00,0x0F,0x00,0x00,0x0F,0x00,0xF8,0x0F,0x01,0xE0,
    0x0F,0x03,0xC0,0x0F,0x07,0x80,0x0F,0x0F,0x00,0x0F,0x1E,0x00,0x0F,0x3C,0x00,0x0F,
    0x78,0x00,0x0F,0xF8,0x00,0x0F,0xFC,0x00,0x0F,0xFC,0x00,0x0F,0x9E,0x00,0x0F,0x0F,
    0x00,0x0F,0x07,0x80,0x0F,0x07,0x80,0x0F,0x03,0xC0,0x0F,0x01,0xE0,0x0F,0x01,0xF0,
    0x0F,0x00,0xF0,0x0F,0x00,0x78,0x0F,0x00,0x3C,0x00,0x00,0x00,0x00,0x00,0x00,0x00,
    0x00,0x00,0x00,0x00,0x00,0x00,0x00,0x00,0x00,0x00,0x00,0x00,0x00,0x00,0x00,0x00,
    0x00,0x00,0x00,0x00,
};

static const uint8_t kAtlas7GlyphBits76[132] = {
    0x00,0x00,0x00,0x00,0x00,0x00,0x00,0x00,0x00,0x00,0x00,0x00,0x00,0x00,0x00,0x00,
    0x00,0x00,0x1F,0xF0,0x00,0x1F,0xF0,0x00,0x1F,0xF0,0x00,0x00,0x70,0x00,0x00,0x70,
    0x00,0x00,0x70,0x00,0x00,0x70,0x00,0x00,0x70,0x00,0x00,0x70,0x00,0x00,0x70,0x00,
    0x00,0x70,0x00,0x00,0x70,0x00,0x00,0x70,0x00,0x00,0x70,0x00,0x00,0x70,0x00,0x00,
    0x70,0x00,0x00,0x70,0x00,0x00,0x70,0x00,0x00,0x70,0x00,0x00,0x70,0x00,0x00,0x70,
    0x00,0x00,0x70,0x00,0x00,0x70,0x00,0x00,0x70,0x00,0x00,0x78,0x00,0x00,0x3C,0x00,
    0x00,0x3F,0xF0,0x00,0x1F,0xF0,0x00,0x07,0xF0,0x00,0x00,0x00,0x00,0x00,0x00,0x00,
    0x00,0x00,0x00,0x00,0x00,0x00,0x00,0x00,0x00,0x00,0x00,0x00,0x00,0x00,0x00,0x00,
    0x00,0x00,0x00,0x00,
};

static const uint8_t kAtlas7GlyphBits77[132] = {
    0x00,0x00,0x00,0x00,0x00,0x00,0x00,0x00,0x00,0x00,0x00,0x00,0x00,0x00,0x00,0x00,
    0x00,0x00,0x00,0x00,0x00,0x00,0x00,0x00,0x00,0x00,0x00,0x00,0x00,0x00,0x00,0x00,
    0x00,0x00,0x00,0x00,0x00,0x00,0x00,0x00,0x80,0x80,0x3B,0xF3,0xE0,0x3F,0xF7,0xF0,
    0x3E,0xFE,0xF0,0x3C,0x7C,0x78,0x38,0x38,0x38,0x38,0x38,0x38,0x38,0x38,0x38,0x38,
    0x38,0x38,0x38,0x38,0x38,0x38,0x38,0x38,0x38,0x38,0x38,0x38,0x38,0x38,0x38,0x38,
    0x38,0x38,0x38,0x38,0x38,0x38,0x38,0x38,0x38,0x38,0x38,0x38,0x38,0x38,0x38,0x38,
    0x38,0x38,0x38,0x38,0x38,0x38,0x38,0x38,0x38,0x00,0x00,0x00,0x00,0x00,0x00,0x00,
    0x00,0x00,0x00,0x00,0x00,0x00,0x00,0x00,0x00,0x00,0x00,0x00,0x00,0x00,0x00,0x00,
    0x00,0x00,0x00,0x00,
};

static const uint8_t kAtlas7GlyphBits78[132] = {
    0x00,0x00,0x00,0x00,0x00,0x00,0x00,0x00,0x00,0x00,0x00,0x00,0x00,0x00,0x00,0x00,
    0x00,0x00,0x00,0x00,0x00,0x00,0x00,0x00,0x00,0x00,0x00,0x00,0x00,0x00,0x00,0x00,
    0x00,0x00,0x00,0x00,0x00,0x00,0x00,0x00,0x04,0x00,0x0E,0x7F,0x80,0x0E,0xFF,0xC0,
    0x0F,0xE7,0xC0,0x0F,0x81,0xE0,0x0F,0x00,0xE0,0x0F,0x00,0xE0,0x0E,0x00,0xE0,0x0E,
    0x00,0xE0,0x0E,0x00,0xF0,0x0E,0x00,0xF0,0x0E,0x00,0xF0,0x0E,0x00,0xF0,0x0E,0x00,
    0xF0,0x0E,0x00,0xF0,0x0E,0x00,0xF0,0x0E,0x00,0xF0,0x0E,0x00,0xF0,0x0E,0x00,0xF0,
    0x0E,0x00,0xF0,0x0E,0x00,0xF0,0x0E,0x00,0xF0,0x00,0x00,0x00,0x00,0x00,0x00,0x00,
    0x00,0x00,0x00,0x00,0x00,0x00,0x00,0x00,0x00,0x00,0x00,0x00,0x00,0x00,0x00,0x00,
    0x00,0x00,0x00,0x00,
};

static const uint8_t kAtlas7GlyphBits79[132] = {
    0x00,0x00,0x00,0x00,0x00,0x00,0x00,0x00,0x00,0x00,0x00,0x00,0x00,0x00,0x00,0x00,
    0x00,0x00,0x00,0x00,0x00,0x00,0x00,0x00,0x00,0x00,0x00,0x00,0x00,0x00,0x00,0x00,
    0x00,0x00,0x00,0x00,0x00,0x00,0x00,0x00,0x10,0x00,0x01,0xFF,0x00,0x03,0xFF,0x80,
    0x07,0xC7,0xC0,0x0F,0x01,0xE0,0x0F,0x01,0xE0,0x1E,0x00,0xF0,0x1E,0x00,0xF0,0x1C,
    0x00,0xF0,0x1C,0x00,0x70,0x1C,0x00,0x70,0x1C,0x00,0x70,0x1C,0x00,0x70,0x1C,0x00,
    0x70,0x1C,0x00,0xF0,0x1E,0x00,0xF0,0x1E,0x00,0xF0,0x0F,0x01,0xE0,0x0F,0x01,0xE0,
    0x07,0xC7,0xC0,0x03,0xFF,0x80,0x01,0xFF,0x00,0x00,0x10,0x00,0x00,0x00,0x00,0x00,
    0x00,0x00,0x00,0x00,0x00,0x00,0x00,0x00,0x00,0x00,0x00,0x00,0x00,0x00,0x00,0x00,
    0x00,0x00,0x00,0x00,
};

static const uint8_t kAtlas7GlyphBits80[132] = {
    0x00,0x00,0x00,0x00,0x00,0x00,0x00,0x00,0x00,0x00,0x00,0x00,0x00,0x00,0x00,0x00,
    0x00,0x00,0x00,0x00,0x00,0x00,0x00,0x00,0x00,0x00,0x00,0x00,0x00,0x00,0x00,0x00,
    0x00,0x00,0x00,0x00,0x00,0x00,0x00,0x00,0x08,0x00,0x0E,0x7F,0x00,0x0E,0xFF,0xC0,
    0x0F,0xE7,0xC0,0x0F,0x81,0xE0,0x0F,0x00,0xF0,0x0F,0x00,0xF0,0x0E,0x00,0x70,0x0E,
    0x00,0x70,0x0E,0x00,0x70,0x0E,0x00,0x78,0x0E,0x00,0x78,0x0E,0x00,0x78,0x0E,0x00,
    0x70,0x0E,0x00,0x70,0x0E,0x00,0x70,0x0F,0x00,0xF0,0x0F,0x00,0xF0,0x0F,0x81,0xE0,
    0x0F,0xE7,0xC0,0x0E,0xFF,0xC0,0x0E,0x7F,0x00,0x0E,0x08,0x00,0x0E,0x00,0x00,0x0E,
    0x00,0x00,0x0E,0x00,0x00,0x0E,0x00,0x00,0x0E,0x00,0x00,0x0E,0x00,0x00,0x0E,0x00,
    0x00,0x00,0x00,0x00,
};

static const uint8_t kAtlas7GlyphBits81[132] = {
    0x00,0x00,0x00,0x00,0x00,0x00,0x00,0x00,0x00,0x00,0x00,0x00,0x00,0x00,0x00,0x00,
    0x00,0x00,0x00,0x00,0x00,0x00,0x00,0x00,0x00,0x00,0x00,0x00,0x00,0x00,0x00,0x00,
    0x00,0x00,0x00,0x00,0x00,0x00,0x00,0x00,0x20,0x00,0x01,0xFC,0xF0,0x03,0xFE,0xF0,
    0x07,0xCF,0xF0,0x0F,0x03,0xF0,0x0E,0x01,0xF0,0x1E,0x01,0xF0,0x1E,0x00,0xF0,0x1C,
    0x00,0xF0,0x1C,0x00,0xF0,0x1C,0x00,0xF0,0x1C,0x00,0xF0,0x1C,0x00,0xF0,0x1C,0x00,
    0xF0,0x1C,0x00,0xF0,0x1E,0x00,0xF0,0x1E,0x01,0xF0,0x0E,0x01,0xF0,0x0F,0x03,0xF0,
    0x07,0xCF,0xF0,0x07,0xFE,0xF0,0x01,0xFC,0xF0,0x00,0x20,0xF0,0x00,0x00,0xF0,0x00,
    0x00,0xF0,0x00,0x00,0xF0,0x00,0x00,0xF0,0x00,0x00,0xF0,0x00,0x00,0xF0,0x00,0x00,
    0xF0,0x00,0x00,0x00,
};

static const uint8_t kAtlas7GlyphBits82[132] = {
    0x00,0x00,0x00,0x00,0x00,0x00,0x00,0x00,0x00,0x00,0x00,0x00,0x00,0x00,0x00,0x00,
    0x00,0x00,0x00,0x00,0x00,0x00,0x00,0x00,0x00,0x00,0x00,0x00,0x00,0x00,0x00,0x00,
    0x00,0x00,0x00,0x00,0x00,0x00,0x00,0x00,0x01,0x00,0x03,0x8F,0xF0,0x03,0x9F,0xF0,
    0x03,0xBC,0x70,0x03,0xF0,0x10,0x03,0xE0,0x00,0x03,0xC0,0x00,0x03,0xC0,0x00,0x03,
    0x80,0x00,0x03,0x80,0x00,0x03,0x80,0x00,0x03,0x80,0x00,0x03,0x80,0x00,0x03,0x80,
    0x00,0x03,0x80,0x00,0x03,0x80,0x00,0x03,0x80,0x00,0x03,0x80,0x00,0x03,0x80,0x00,
    0x03,0x80,0x00,0x03,0x80,0x00,0x03,0x80,0x00,0x00,0x00,0x00,0x00,0x00,0x00,0x00,
    0x00,0x00,0x00,0x00,0x00,0x00,0x00,0x00,0x00,0x00,0x00,0x00,0x00,0x00,0x00,0x00,
    0x00,0x00,0x00,0x00,
};

static const uint8_t kAtlas7GlyphBits83[132] = {
    0x00,0x00,0x00,0x00,0x00,0x00,0x00,0x00,0x00,0x00,0x00,0x00,0x00,0x00,0x00,0x00,
    0x00,0x00,0x00,0x00,0x00,0x00,0x00,0x00,0x00,0x00,0x00,0x00,0x00,0x00,0x00,0x00,
    0x00,0x00,0x00,0x00,0x00,0x00,0x00,0x00,0x10,0x00,0x01,0xFF,0x80,0x03,0xFF,0xC0,
    0x07,0xC3,0xC0,0x0F,0x00,0x40,0x0F,0x00,0x00,0x0E,0x00,0x00,0x0F,0x00,0x00,0x0F,
    0x00,0x00,0x07,0xE0,0x00,0x07,0xFE,0x00,0x01,0xFF,0x80,0x00,0x3F,0xC0,0x00,0x07,
    0xE0,0x00,0x01,0xE0,0x00,0x00,0xE0,0x00,0x00,0xE0,0x00,0x01,0xE0,0x0C,0x01,0xE0,
    0x0F,0x8F,0xC0,0x0F,0xFF,0x80,0x07,0xFF,0x00,0x00,0x20,0x00,0x00,0x00,0x00,0x00,
    0x00,0x00,0x00,0x00,0x00,0x00,0x00,0x00,0x00,0x00,0x00,0x00,0x00,0x00,0x00,0x00,
    0x00,0x00,0x00,0x00,
};

static const uint8_t kAtlas7GlyphBits84[132] = {
    0x00,0x00,0x00,0x00,0x00,0x00,0x00,0x00,0x00,0x00,0x00,0x00,0x00,0x00,0x00,0x00,
    0x00,0x00,0x00,0x00,0x00,0x00,0x10,0x00,0x00,0xE0,0x00,0x00,0xE0,0x00,0x00,0xE0,
    0x00,0x00,0xE0,0x00,0x00,0xE0,0x00,0x00,0xE0,0x00,0x3F,0xFF,0xE0,0x3F,0xFF,0xE0,
    0x3F,0xFF,0xE0,0x00,0xE0,0x00,0x00,0xE0,0x00,0x00,0xE0,0x00,0x00,0xE0,0x00,0x00,
    0xE0,0x00,0x00,0xE0,0x00,0x00,0xE0,0x00,0x00,0xE0,0x00,0x00,0xE0,0x00,0x00,0xE0,
    0x00,0x00,0xE0,0x00,0x00,0xE0,0x00,0x00,0xE0,0x00,0x00,0xF0,0x00,0x00,0xF8,0x00,
    0x00,0x7F,0xE0,0x00,0x3F,0xE0,0x00,0x1F,0xE0,0x00,0x00,0x00,0x00,0x00,0x00,0x00,
    0x00,0x00,0x00,0x00,0x00,0x00,0x00,0x00,0x00,0x00,0x00,0x00,0x00,0x00,0x00,0x00,
    0x00,0x00,0x00,0x00,
};

static const uint8_t kAtlas7GlyphBits85[132] = {
    0x00,0x00,0x00,0x00,0x00,0x00,0x00,0x00,0x00,0x00,0x00,0x00,0x00,0x00,0x00,0x00,
    0x00,0x00,0x00,0x00,0x00,0x00,0x00,0x00,0x00,0x00,0x00,0x00,0x00,0x00,0x00,0x00,
    0x00,0x00,0x00,0x00,0x00,0x00,0x00,0x00,0x00,0x00,0x0E,0x00,0xF0,0x0E,0x00,0xF0,
    0x0E,0x00,0xF0,0x0E,0x00,0xF0,0x0E,0x00,0xF0,0x0E,0x00,0xF0,0x0E,0x00,0xF0,0x0E,
    0x00,0xF0,0x0E,0x00,0xF0,0x0E,0x00,0xF0,0x0E,0x00,0xF0,0x0E,0x00,0xF0,0x0E,0x00,
    0xF0,0x0E,0x00,0xF0,0x0E,0x00,0xF0,0x0E,0x01,0xF0,0x0F,0x01,0xF0,0x0F,0x03,0xF0,
    0x07,0xCF,0xF0,0x07,0xFE,0xF0,0x03,0xFC,0xF0,0x00,0x40,0x00,0x00,0x00,0x00,0x00,
    0x00,0x00,0x00,0x00,0x00,0x00,0x00,0x00,0x00,0x00,0x00,0x00,0x00,0x00,0x00,0x00,
    0x00,0x00,0x00,0x00,
};

static const uint8_t kAtlas7GlyphBits86[132] = {
    0x00,0x00,0x00,0x00,0x00,0x00,0x00,0x00,0x00,0x00,0x00,0x00,0x00,0x00,0x00,0x00,
    0x00,0x00,0x00,0x00,0x00,0x00,0x00,0x00,0x00,0x00,0x00,0x00,0x00,0x00,0x00,0x00,
    0x00,0x00,0x00,0x00,0x00,0x00,0x00,0x00,0x00,0x00,0x3C,0x00,0x78,0x3C,0x00,0x70,
    0x1C,0x00,0x70,0x1E,0x00,0xF0,0x1E,0x00,0xE0,0x0E,0x00,0xE0,0x0F,0x01,0xE0,0x0F,
    0x01,0xC0,0x07,0x01,0xC0,0x07,0x83,0xC0,0x03,0x83,0x80,0x03,0x83,0x80,0x03,0xC7,
    0x80,0x01,0xC7,0x00,0x01,0xC7,0x00,0x01,0xEF,0x00,0x00,0xEE,0x00,0x00,0xFE,0x00,
    0x00,0xFE,0x00,0x00,0x7C,0x00,0x00,0x7C,0x00,0x00,0x00,0x00,0x00,0x00,0x00,0x00,
    0x00,0x00,0x00,0x00,0x00,0x00,0x00,0x00,0x00,0x00,0x00,0x00,0x00,0x00,0x00,0x00,
    0x00,0x00,0x00,0x00,
};

static const uint8_t kAtlas7GlyphBits87[132] = {
    0x00,0x00,0x00,0x00,0x00,0x00,0x00,0x00,0x00,0x00,0x00,0x00,0x00,0x00,0x00,0x00,
    0x00,0x00,0x00,0x00,0x00,0x00,0x00,0x00,0x00,0x00,0x00,0x00,0x00,0x00,0x00,0x00,
    0x00,0x00,0x00,0x00,0x00,0x00,0x00,0x00,0x00,0x00,0xE0,0x00,0x1E,0xF0,0x00,0x1E,
    0x70,0x00,0x1C,0x70,0x00,0x1C,0x70,0x00,0x1C,0x78,0x00,0x3C,0x38,0x38,0x38,0x38,
    0x38,0x38,0x38,0x7C,0x38,0x38,0x7C,0x78,0x3C,0x6C,0x70,0x1C,0x6C,0x70,0x1C,0xEE,
    0x70,0x1C,0xC6,0x70,0x1C,0xC6,0xF0,0x0F,0xC6,0xE0,0x0F,0x87,0xE0,0x0F,0x83,0xE0,
    0x0F,0x83,0xE0,0x07,0x83,0xC0,0x07,0x01,0xC0,0x00,0x00,0x00,0x00,0x00,0x00,0x00,
    0x00,0x00,0x00,0x00,0x00,0x00,0x00,0x00,0x00,0x00,0x00,0x00,0x00,0x00,0x00,0x00,
    0x00,0x00,0x00,0x00,
};

static const uint8_t kAtlas7GlyphBits88[132] = {
    0x00,0x00,0x00,0x00,0x00,0x00,0x00,0x00,0x00,0x00,0x00,0x00,0x00,0x00,0x00,0x00,
    0x00,0x00,0x00,0x00,0x00,0x00,0x00,0x00,0x00,0x00,0x00,0x00,0x00,0x00,0x00,0x00,
    0x00,0x00,0x00,0x00,0x00,0x00,0x00,0x00,0x00,0x00,0x3C,0x00,0x78,0x1E,0x00,0xF0,
    0x0F,0x01,0xE0,0x07,0x03,0xC0,0x07,0x83,0x80,0x03,0xC7,0x80,0x01,0xEF,0x00,0x00,
    0xEE,0x00,0x00,0xFC,0x00,0x00,0x7C,0x00,0x00,0x7C,0x00,0x00,0xFC,0x00,0x00,0xFE,
    0x00,0x01,0xEF,0x00,0x03,0xC7,0x80,0x03,0x83,0x80,0x07,0x83,0xC0,0x0F,0x01,0xE0,
    0x1E,0x00,0xF0,0x1C,0x00,0xF0,0x7C,0x00,0x78,0x00,0x00,0x00,0x00,0x00,0x00,0x00,
    0x00,0x00,0x00,0x00,0x00,0x00,0x00,0x00,0x00,0x00,0x00,0x00,0x00,0x00,0x00,0x00,
    0x00,0x00,0x00,0x00,
};

static const uint8_t kAtlas7GlyphBits89[132] = {
    0x00,0x00,0x00,0x00,0x00,0x00,0x00,0x00,0x00,0x00,0x00,0x00,0x00,0x00,0x00,0x00,
    0x00,0x00,0x00,0x00,0x00,0x00,0x00,0x00,0x00,0x00,0x00,0x00,0x00,0x00,0x00,0x00,
    0x00,0x00,0x00,0x00,0x00,0x00,0x00,0x00,0x00,0x00,0x3C,0x00,0x38,0x1C,0x00,0x78,
    0x1C,0x00,0x70,0x1E,0x00,0xF0,0x0E,0x00,0xF0,0x0F,0x00,0xE0,0x0F,0x01,0xE0,0x07,
    0x01,0xE0,0x07,0x81,0xC0,0x03,0x83,0xC0,0x03,0x83,0x80,0x03,0xC3,0x80,0x01,0xC7,
    0x80,0x01,0xE7,0x00,0x00,0xEF,0x00,0x00,0xEE,0x00,0x00,0xFE,0x00,0x00,0x7E,0x00,
    0x00,0x7C,0x00,0x00,0x7C,0x00,0x00,0x3C,0x00,0x00,0x38,0x00,0x00,0x78,0x00,0x00,
    0x70,0x00,0x00,0xF0,0x00,0x00,0xF0,0x00,0x1F,0xE0,0x00,0x1F,0xC0,0x00,0x1F,0x80,
    0x00,0x00,0x00,0x00,
};

static const uint8_t kAtlas7GlyphBits90[132] = {
    0x00,0x00,0x00,0x00,0x00,0x00,0x00,0x00,0x00,0x00,0x00,0x00,0x00,0x00,0x00,0x00,
    0x00,0x00,0x00,0x00,0x00,0x00,0x00,0x00,0x00,0x00,0x00,0x00,0x00,0x00,0x00,0x00,
    0x00,0x00,0x00,0x00,0x00,0x00,0x00,0x00,0x00,0x00,0x0F,0xFF,0xE0,0x0F,0xFF,0xE0,
    0x0F,0xFF,0xE0,0x00,0x01,0xE0,0x00,0x03,0xC0,0x00,0x03,0xC0,0x00,0x07,0x80,0x00,
    0x0F,0x00,0x00,0x1E,0x00,0x00,0x3C,0x00,0x00,0x3C,0x00,0x00,0x78,0x00,0x00,0xF0,
    0x00,0x01,0xE0,0x00,0x03,0xC0,0x00,0x03,0x80,0x00,0x07,0x80,0x00,0x0F,0x00,0x00,
    0x0F,0xFF,0xE0,0x0F,0xFF,0xE0,0x0F,0xFF,0xE0,0x00,0x00,0x00,0x00,0x00,0x00,0x00,
    0x00,0x00,0x00,0x00,0x00,0x00,0x00,0x00,0x00,0x00,0x00,0x00,0x00,0x00,0x00,0x00,
    0x00,0x00,0x00,0x00,
};

static const uint8_t kAtlas7GlyphBits91[132] = {
    0x00,0x00,0x00,0x00,0x00,0x00,0x00,0x00,0x00,0x00,0x00,0x00,0x00,0x00,0x00,0x00,
    0x07,0xC0,0x00,0x1F,0xC0,0x00,0x3F,0xC0,0x00,0x7C,0x00,0x00,0x78,0x00,0x00,0x78,
    0x00,0x00,0x78,0x00,0x00,0x78,0x00,0x00,0x78,0x00,0x00,0x78,0x00,0x00,0x78,0x00,
    0x00,0x78,0x00,0x00,0x78,0x00,0x00,0x70,0x00,0x00,0x70,0x00,0x00,0xF0,0x00,0x3F,
    0xE0,0x00,0x3F,0x80,0x00,0x3F,0xE0,0x00,0x01,0xF0,0x00,0x00,0xF0,0x00,0x00,0x70,
    0x00,0x00,0x78,0x00,0x00,0x78,0x00,0x00,0x78,0x00,0x00,0x78,0x00,0x00,0x78,0x00,
    0x00,0x78,0x00,0x00,0x78,0x00,0x00,0x78,0x00,0x00,0x78,0x00,0x00,0x7C,0x00,0x00,
    0x3F,0xC0,0x00,0x1F,0xC0,0x00,0x0F,0xC0,0x00,0x00,0x00,0x00,0x00,0x00,0x00,0x00,
    0x00,0x00,0x00,0x00,
};

static const uint8_t kAtlas7GlyphBits92[132] = {
    0x00,0x00,0x00,0x00,0x00,0x00,0x00,0x00,0x00,0x00,0x00,0x00,0x00,0x00,0x00,0x00,
    0x00,0x00,0x00,0x38,0x00,0x00,0x38,0x00,0x00,0x38,0x00,0x00,0x38,0x00,0x00,0x38,
    0x00,0x00,0x38,0x00,0x00,0x38,0x00,0x00,0x38,0x00,0x00,0x38,0x00,0x00,0x38,0x00,
    0x00,0x38,0x00,0x00,0x38,0x00,0x00,0x38,0x00,0x00,0x38,0x00,0x00,0x38,0x00,0x00,
    0x38,0x00,0x00,0x38,0x00,0x00,0x38,0x00,0x00,0x38,0x00,0x00,0x38,0x00,0x00,0x38,
    0x00,0x00,0x38,0x00,0x00,0x38,0x00,0x00,0x38,0x00,0x00,0x38,0x00,0x00,0x38,0x00,
    0x00,0x38,0x00,0x00,0x38,0x00,0x00,0x38,0x00,0x00,0x38,0x00,0x00,0x38,0x00,0x00,
    0x38,0x00,0x00,0x38,0x00,0x00,0x38,0x00,0x00,0x38,0x00,0x00,0x38,0x00,0x00,0x38,
    0x00,0x00,0x38,0x00,
};

static const uint8_t kAtlas7GlyphBits93[132] = {
    0x00,0x00,0x00,0x00,0x00,0x00,0x00,0x00,0x00,0x00,0x00,0x00,0x00,0x00,0x00,0x07,
    0xC0,0x00,0x07,0xF0,0x00,0x07,0xF8,0x00,0x00,0x78,0x00,0x00,0x3C,0x00,0x00,0x3C,
    0x00,0x00,0x3C,0x00,0x00,0x3C,0x00,0x00,0x3C,0x00,0x00,0x3C,0x00,0x00,0x3C,0x00,
    0x00,0x3C,0x00,0x00,0x3C,0x00,0x00,0x3C,0x00,0x00,0x1E,0x00,0x00,0x1F,0x00,0x00,
    0x0F,0xF8,0x00,0x03,0xF8,0x00,0x0F,0xF8,0x00,0x1F,0x00,0x00,0x1E,0x00,0x00,0x3C,
    0x00,0x00,0x3C,0x00,0x00,0x3C,0x00,0x00,0x3C,0x00,0x00,0x3C,0x00,0x00,0x3C,0x00,
    0x00,0x3C,0x00,0x00,0x3C,0x00,0x00,0x3C,0x00,0x00,0x3C,0x00,0x00,0x78,0x00,0x07,
    0xF8,0x00,0x07,0xF0,0x00,0x07,0xC0,0x00,0x00,0x00,0x00,0x00,0x00,0x00,0x00,0x00,
    0x00,0x00,0x00,0x00,
};

static const uint8_t kAtlas7GlyphBits94[132] = {
    0x00,0x00,0x00,0x00,0x00,0x00,0x00,0x00,0x00,0x00,0x00,0x00,0x00,0x00,0x00,0x00,
    0x00,0x00,0x00,0x00,0x00,0x00,0x00,0x00,0x00,0x00,0x00,0x00,0x00,0x00,0x00,0x00,
    0x00,0x00,0x00,0x00,0x00,0x00,0x00,0x00,0x00,0x00,0x00,0x00,0x00,0x00,0x00,0x00,
    0x00,0x00,0x00,0x00,0x00,0x00,0x00,0x00,0x00,0x00,0x00,0x00,0x07,0x80,0x38,0x0F,
    0xE0,0x38,0x1F,0xF0,0x38,0x3C,0x70,0x38,0x38,0x38,0x38,0x38,0x1C,0x70,0x38,0x1F,
    0xF0,0x38,0x0F,0xE0,0x30,0x07,0xC0,0x00,0x00,0x00,0x00,0x00,0x00,0x00,0x00,0x00,
    0x00,0x00,0x00,0x00,0x00,0x00,0x00,0x00,0x00,0x00,0x00,0x00,0x00,0x00,0x00,0x00,
    0x00,0x00,0x00,0x00,0x00,0x00,0x00,0x00,0x00,0x00,0x00,0x00,0x00,0x00,0x00,0x00,
    0x00,0x00,0x00,0x00,
};

static const uint8_t kAtlas7GlyphBits95[132] = {
    0x00,0x00,0x00,0x00,0x00,0x00,0x00,0x00,0x00,0x00,0x00,0x00,0x00,0x00,0x00,0x00,
    0x00,0x00,0x00,0x00,0x00,0x00,0x00,0x00,0x00,0x00,0x00,0x00,0x00,0x00,0x00,0x00,
    0x00,0x00,0x00,0x00,0x00,0x00,0x00,0x00,0x00,0x00,0x00,0x38,0x00,0x00,0x7C,0x00,
    0x00,0xFE,0x00,0x01,0xFF,0x00,0x03,0xFF,0x00,0x07,0xBB,0xC0,0x03,0x39,0x80,0x00,
    0x38,0x00,0x00,0x38,0x00,0x00,0x38,0x00,0x00,0x38,0x00,0x00,0x38,0x00,0x00,0x38,
    0x00,0x00,0x38,0x00,0x00,0x38,0x00,0x00,0x38,0x00,0x00,0x38,0x00,0x00,0x38,0x00,
    0x00,0x38,0x00,0x00,0x38,0x00,0x00,0x38,0x00,0x00,0x00,0x00,0x00,0x00,0x00,0x00,
    0x00,0x00,0x00,0x00,0x00,0x00,0x00,0x00,0x00,0x00,0x00,0x00,0x00,0x00,0x00,0x00,
    0x00,0x00,0x00,0x00,
};

static const uint8_t kAtlas7GlyphBits96[132] = {
    0x00,0x00,0x00,0x00,0x00,0x00,0x00,0x00,0x00,0x00,0x00,0x00,0x00,0x00,0x00,0x00,
    0x00,0x00,0x00,0x00,0x00,0x00,0x00,0x00,0x00,0x00,0x00,0x00,0x00,0x00,0x00,0x00,
    0x00,0x00,0x00,0x00,0x00,0x00,0x00,0x00,0x00,0x00,0x00,0x00,0x00,0x00,0x00,0x00,
    0x00,0x00,0x00,0x00,0x01,0x80,0x00,0x01,0xC0,0x00,0x00,0xE0,0x00,0x00,0x70,0xFF,
    0xFF,0xF8,0xFF,0xFF,0xFC,0xFF,0xFF,0xF8,0x00,0x00,0x70,0x00,0x00,0xE0,0x00,0x01,
    0xC0,0x00,0x01,0x80,0x00,0x00,0x00,0x00,0x00,0x00,0x00,0x00,0x00,0x00,0x00,0x00,
    0x00,0x00,0x00,0x00,0x00,0x00,0x00,0x00,0x00,0x00,0x00,0x00,0x00,0x00,0x00,0x00,
    0x00,0x00,0x00,0x00,0x00,0x00,0x00,0x00,0x00,0x00,0x00,0x00,0x00,0x00,0x00,0x00,
    0x00,0x00,0x00,0x00,
};

static const Glyph kAtlas7Glyphs[97] = {
    { 0x20, kAtlas7GlyphBits0 },
    { 0x21, kAtlas7GlyphBits1 },
    { 0x22, kAtlas7GlyphBits2 },
    { 0x23, kAtlas7GlyphBits3 },
    { 0x24, kAtlas7GlyphBits4 },
    { 0x25, kAtlas7GlyphBits5 },
    { 0x26, kAtlas7GlyphBits6 },
    { 0x27, kAtlas7GlyphBits7 },
    { 0x28, kAtlas7GlyphBits8 },
    { 0x29, kAtlas7GlyphBits9 },
    { 0x2a, kAtlas7GlyphBits10 },
    { 0x2b, kAtlas7GlyphBits11 },
    { 0x2c, kAtlas7GlyphBits12 },
    { 0x2d, kAtlas7GlyphBits13 },
    { 0x2e, kAtlas7GlyphBits14 },
    { 0x2f, kAtlas7GlyphBits15 },
    { 0x30, kAtlas7GlyphBits16 },
    { 0x31, kAtlas7GlyphBits17 },
    { 0x32, kAtlas7GlyphBits18 },
    { 0x33, kAtlas7GlyphBits19 },
    { 0x34, kAtlas7GlyphBits20 },
    { 0x35, kAtlas7GlyphBits21 },
    { 0x36, kAtlas7GlyphBits22 },
    { 0x37, kAtlas7GlyphBits23 },
    { 0x38, kAtlas7GlyphBits24 },
    { 0x39, kAtlas7GlyphBits25 },
    { 0x3a, kAtlas7GlyphBits26 },
    { 0x3b, kAtlas7GlyphBits27 },
    { 0x3c, kAtlas7GlyphBits28 },
    { 0x3d, kAtlas7GlyphBits29 },
    { 0x3e, kAtlas7GlyphBits30 },
    { 0x3f, kAtlas7GlyphBits31 },
    { 0x40, kAtlas7GlyphBits32 },
    { 0x41, kAtlas7GlyphBits33 },
    { 0x42, kAtlas7GlyphBits34 },
    { 0x43, kAtlas7GlyphBits35 },
    { 0x44, kAtlas7GlyphBits36 },
    { 0x45, kAtlas7GlyphBits37 },
    { 0x46, kAtlas7GlyphBits38 },
    { 0x47, kAtlas7GlyphBits39 },
    { 0x48, kAtlas7GlyphBits40 },
    { 0x49, kAtlas7GlyphBits41 },
    { 0x4a, kAtlas7GlyphBits42 },
    { 0x4b, kAtlas7GlyphBits43 },
    { 0x4c, kAtlas7GlyphBits44 },
    { 0x4d, kAtlas7GlyphBits45 },
    { 0x4e, kAtlas7GlyphBits46 },
    { 0x4f, kAtlas7GlyphBits47 },
    { 0x50, kAtlas7GlyphBits48 },
    { 0x51, kAtlas7GlyphBits49 },
    { 0x52, kAtlas7GlyphBits50 },
    { 0x53, kAtlas7GlyphBits51 },
    { 0x54, kAtlas7GlyphBits52 },
    { 0x55, kAtlas7GlyphBits53 },
    { 0x56, kAtlas7GlyphBits54 },
    { 0x57, kAtlas7GlyphBits55 },
    { 0x58, kAtlas7GlyphBits56 },
    { 0x59, kAtlas7GlyphBits57 },
    { 0x5a, kAtlas7GlyphBits58 },
    { 0x5b, kAtlas7GlyphBits59 },
    { 0x5c, kAtlas7GlyphBits60 },
    { 0x5d, kAtlas7GlyphBits61 },
    { 0x5e, kAtlas7GlyphBits62 },
    { 0x5f, kAtlas7GlyphBits63 },
    { 0x60, kAtlas7GlyphBits64 },
    { 0x61, kAtlas7GlyphBits65 },
    { 0x62, kAtlas7GlyphBits66 },
    { 0x63, kAtlas7GlyphBits67 },
    { 0x64, kAtlas7GlyphBits68 },
    { 0x65, kAtlas7GlyphBits69 },
    { 0x66, kAtlas7GlyphBits70 },
    { 0x67, kAtlas7GlyphBits71 },
    { 0x68, kAtlas7GlyphBits72 },
    { 0x69, kAtlas7GlyphBits73 },
    { 0x6a, kAtlas7GlyphBits74 },
    { 0x6b, kAtlas7GlyphBits75 },
    { 0x6c, kAtlas7GlyphBits76 },
    { 0x6d, kAtlas7GlyphBits77 },
    { 0x6e, kAtlas7GlyphBits78 },
    { 0x6f, kAtlas7GlyphBits79 },
    { 0x70, kAtlas7GlyphBits80 },
    { 0x71, kAtlas7GlyphBits81 },
    { 0x72, kAtlas7GlyphBits82 },
    { 0x73, kAtlas7GlyphBits83 },
    { 0x74, kAtlas7GlyphBits84 },
    { 0x75, kAtlas7GlyphBits85 },
    { 0x76, kAtlas7GlyphBits86 },
    { 0x77, kAtlas7GlyphBits87 },
    { 0x78, kAtlas7GlyphBits88 },
    { 0x79, kAtlas7GlyphBits89 },
    { 0x7a, kAtlas7GlyphBits90 },
    { 0x7b, kAtlas7GlyphBits91 },
    { 0x7c, kAtlas7GlyphBits92 },
    { 0x7d, kAtlas7GlyphBits93 },
    { 0x7e, kAtlas7GlyphBits94 },
    { 0x2191, kAtlas7GlyphBits95 },
    { 0x2192, kAtlas7GlyphBits96 },
};

static const uint8_t kAtlas8GlyphBits0[212] = {
    0x00,0x00,0x00,0x00,0x00,0x00,0x00,0x00,0x00,0x00,0x00,0x00,0x00,0x00,0x00,0x00,
    0x00,0x00,0x00,0x00,0x00,0x00,0x00,0x00,0x00,0x00,0x00,0x00,0x00,0x00,0x00,0x00,
    0x00,0x00,0x00,0x00,0x00,0x00,0x00,0x00,0x00,0x00,0x00,0x00,0x00,0x00,0x00,0x00,
    0x00,0x00,0x00,0x00,0x00,0x00,0x00,0x00,0x00,0x00,0x00,0x00,0x00,0x00,0x00,0x00,
    0x00,0x00,0x00,0x00,0x00,0x00,0x00,0x00,0x00,0x00,0x00,0x00,0x00,0x00,0x00,0x00,
    0x00,0x00,0x00,0x00,0x00,0x00,0x00,0x00,0x00,0x00,0x00,0x00,0x00,0x00,0x00,0x00,
    0x00,0x00,0x00,0x00,0x00,0x00,0x00,0x00,0x00,0x00,0x00,0x00,0x00,0x00,0x00,0x00,
    0x00,0x00,0x00,0x00,0x00,0x00,0x00,0x00,0x00,0x00,0x00,0x00,0x00,0x00,0x00,0x00,
    0x00,0x00,0x00,0x00,0x00,0x00,0x00,0x00,0x00,0x00,0x00,0x00,0x00,0x00,0x00,0x00,
    0x00,0x00,0x00,0x00,0x00,0x00,0x00,0x00,0x00,0x00,0x00,0x00,0x00,0x00,0x00,0x00,
    0x00,0x00,0x00,0x00,0x00,0x00,0x00,0x00,0x00,0x00,0x00,0x00,0x00,0x00,0x00,0x00,
    0x00,0x00,0x00,0x00,0x00,0x00,0x00,0x00,0x00,0x00,0x00,0x00,0x00,0x00,0x00,0x00,
    0x00,0x00,0x00,0x00,0x00,0x00,0x00,0x00,0x00,0x00,0x00,0x00,0x00,0x00,0x00,0x00,
    0x00,0x00,0x00,0x00,
};

static const uint8_t kAtlas8GlyphBits1[212] = {
    0x00,0x00,0x00,0x00,0x00,0x00,0x00,0x00,0x00,0x00,0x00,0x00,0x00,0x00,0x00,0x00,
    0x00,0x00,0x00,0x00,0x00,0x00,0x00,0x00,0x00,0x00,0x00,0x00,0x00,0x00,0x00,0x00,
    0x00,0x00,0x00,0x00,0x00,0x1F,0x00,0x00,0x00,0x1F,0x00,0x00,0x00,0x1F,0x00,0x00,
    0x00,0x1F,0x00,0x00,0x00,0x1F,0x00,0x00,0x00,0x1F,0x00,0x00,0x00,0x1F,0x00,0x00,
    0x00,0x1F,0x00,0x00,0x00,0x1F,0x00,0x00,0x00,0x1F,0x00,0x00,0x00,0x1F,0x00,0x00,
    0x00,0x1F,0x00,0x00,0x00,0x1F,0x00,0x00,0x00,0x1F,0x00,0x00,0x00,0x1F,0x00,0x00,
    0x00,0x1F,0x00,0x00,0x00,0x1F,0x00,0x00,0x00,0x0E,0x00,0x00,0x00,0x0E,0x00,0x00,
    0x00,0x0E,0x00,0x00,0x00,0x0E,0x00,0x00,0x00,0x0E,0x00,0x00,0x00,0x00,0x00,0x00,
    0x00,0x00,0x00,0x00,0x00,0x00,0x00,0x00,0x00,0x00,0x00,0x00,0x00,0x00,0x00,0x00,
    0x00,0x0E,0x00,0x00,0x00,0x1F,0x80,0x00,0x00,0x3F,0x80,0x00,0x00,0x3F,0x80,0x00,
    0x00,0x3F,0x80,0x00,0x00,0x1F,0x80,0x00,0x00,0x0E,0x00,0x00,0x00,0x00,0x00,0x00,
    0x00,0x00,0x00,0x00,0x00,0x00,0x00,0x00,0x00,0x00,0x00,0x00,0x00,0x00,0x00,0x00,
    0x00,0x00,0x00,0x00,0x00,0x00,0x00,0x00,0x00,0x00,0x00,0x00,0x00,0x00,0x00,0x00,
    0x00,0x00,0x00,0x00,
};

static const uint8_t kAtlas8GlyphBits2[212] = {
    0x00,0x00,0x00,0x00,0x00,0x00,0x00,0x00,0x00,0x00,0x00,0x00,0x00,0x00,0x00,0x00,
    0x00,0x00,0x00,0x00,0x00,0x00,0x00,0x00,0x00,0x00,0x00,0x00,0x00,0x00,0x00,0x00,
    0x00,0x00,0x00,0x00,0x01,0xE0,0xF0,0x00,0x01,0xE0,0xF0,0x00,0x01,0xE0,0xF0,0x00,
    0x01,0xE0,0xF0,0x00,0x01,0xE0,0xF0,0x00,0x01,0xE0,0xF0,0x00,0x01,0xE0,0xF0,0x00,
    0x01,0xE0,0xF0,0x00,0x01,0xE0,0xF0,0x00,0x01,0xE0,0xF0,0x00,0x01,0xE0,0xF0,0x00,
    0x01,0xE0,0xF0,0x00,0x00,0x00,0x00,0x00,0x00,0x00,0x00,0x00,0x00,0x00,0x00,0x00,
    0x00,0x00,0x00,0x00,0x00,0x00,0x00,0x00,0x00,0x00,0x00,0x00,0x00,0x00,0x00,0x00,
    0x00,0x00,0x00,0x00,0x00,0x00,0x00,0x00,0x00,0x00,0x00,0x00,0x00,0x00,0x00,0x00,
    0x00,0x00,0x00,0x00,0x00,0x00,0x00,0x00,0x00,0x00,0x00,0x00,0x00,0x00,0x00,0x00,
    0x00,0x00,0x00,0x00,0x00,0x00,0x00,0x00,0x00,0x00,0x00,0x00,0x00,0x00,0x00,0x00,
    0x00,0x00,0x00,0x00,0x00,0x00,0x00,0x00,0x00,0x00,0x00,0x00,0x00,0x00,0x00,0x00,
    0x00,0x00,0x00,0x00,0x00,0x00,0x00,0x00,0x00,0x00,0x00,0x00,0x00,0x00,0x00,0x00,
    0x00,0x00,0x00,0x00,0x00,0x00,0x00,0x00,0x00,0x00,0x00,0x00,0x00,0x00,0x00,0x00,
    0x00,0x00,0x00,0x00,
};

static const uint8_t kAtlas8GlyphBits3[212] = {
    0x00,0x00,0x00,0x00,0x00,0x00,0x00,0x00,0x00,0x00,0x00,0x00,0x00,0x00,0x00,0x00,
    0x00,0x00,0x00,0x00,0x00,0x00,0x00,0x00,0x00,0x00,0x00,0x00,0x00,0x00,0x00,0x00,
    0x00,0x00,0x00,0x00,0x00,0x00,0x00,0x00,0x00,0x1E,0x0F,0x00,0x00,0x1E,0x0F,0x00,
    0x00,0x1C,0x0E,0x00,0x00,0x1C,0x0E,0x00,0x00,0x3C,0x1E,0x00,0x00,0x3C,0x1E,0x00,
    0x00,0x38,0x1C,0x00,0x00,0x38,0x1C,0x00,0x00,0x78,0x3C,0x00,0x1F,0xFF,0xFF,0xE0,
    0x1F,0xFF,0xFF,0xE0,0x1F,0xFF,0xFF,0xE0,0x00,0xF0,0x78,0x00,0x00,0xF0,0x78,0x00,
    0x00,0xE0,0x70,0x00,0x00,0xE0,0x70,0x00,0x01,0xE0,0xF0,0x00,0x01,0xE0,0xF0,0x00,
    0x01,0xC0,0xE0,0x00,0x01,0xC0,0xE0,0x00,0xFF,0xFF,0xFF,0x00,0xFF,0xFF,0xFF,0x00,
    0xFF,0xFF,0xFF,0x00,0x03,0x81,0xC0,0x00,0x07,0x83,0xC0,0x00,0x07,0x83,0x80,0x00,
    0x07,0x03,0x80,0x00,0x07,0x07,0x80,0x00,0x0F,0x07,0x80,0x00,0x0F,0x07,0x00,0x00,
    0x0E,0x07,0x00,0x00,0x1E,0x0F,0x00,0x00,0x00,0x00,0x00,0x00,0x00,0x00,0x00,0x00,
    0x00,0x00,0x00,0x00,0x00,0x00,0x00,0x00,0x00,0x00,0x00,0x00,0x00,0x00,0x00,0x00,
    0x00,0x00,0x00,0x00,0x00,0x00,0x00,0x00,0x00,0x00,0x00,0x00,0x00,0x00,0x00,0x00,
    0x00,0x00,0x00,0x00,
};

static const uint8_t kAtlas8GlyphBits4[212] = {
    0x00,0x00,0x00,0x00,0x00,0x00,0x00,0x00,0x00,0x00,0x00,0x00,0x00,0x00,0x00,0x00,
    0x00,0x00,0x00,0x00,0x00,0x00,0x00,0x00,0x00,0x00,0x00,0x00,0x00,0x00,0x00,0x00,
    0x00,0x0F,0x00,0x00,0x00,0x0F,0x00,0x00,0x00,0x0F,0x00,0x00,0x00,0x0F,0x00,0x00,
    0x00,0x0F,0x00,0x00,0x00,0x3F,0xE0,0x00,0x00,0xFF,0xFC,0x00,0x03,0xFF,0xFC,0x00,
    0x07,0xC6,0x1C,0x00,0x07,0x86,0x04,0x00,0x0F,0x86,0x00,0x00,0x0F,0x06,0x00,0x00,
    0x0F,0x06,0x00,0x00,0x0F,0x06,0x00,0x00,0x0F,0x86,0x00,0x00,0x07,0x86,0x00,0x00,
    0x07,0xE6,0x00,0x00,0x03,0xFF,0x00,0x00,0x01,0xFF,0xE0,0x00,0x00,0x7F,0xF8,0x00,
    0x00,0x0F,0xFC,0x00,0x00,0x06,0x7E,0x00,0x00,0x06,0x1F,0x00,0x00,0x06,0x0F,0x00,
    0x00,0x06,0x0F,0x00,0x00,0x06,0x0F,0x00,0x00,0x06,0x0F,0x00,0x00,0x06,0x0F,0x00,
    0x08,0x06,0x0F,0x00,0x0F,0x06,0x1F,0x00,0x0F,0xE6,0x7E,0x00,0x0F,0xFF,0xFC,0x00,
    0x03,0xFF,0xF8,0x00,0x00,0x7F,0xE0,0x00,0x00,0x0F,0x00,0x00,0x00,0x0F,0x00,0x00,
    0x00,0x0F,0x00,0x00,0x00,0x0F,0x00,0x00,0x00,0x0F,0x00,0x00,0x00,0x0F,0x00,0x00,
    0x00,0x0F,0x00,0x00,0x00,0x00,0x00,0x00,0x00,0x00,0x00,0x00,0x00,0x00,0x00,0x00,
    0x00,0x00,0x00,0x00,
};

static const uint8_t kAtlas8GlyphBits5[212] = {
    0x00,0x00,0x00,0x00,0x00,0x00,0x00,0x00,0x00,0x00,0x00,0x00,0x00,0x00,0x00,0x00,
    0x00,0x00,0x00,0x00,0x00,0x00,0x00,0x00,0x00,0x00,0x00,0x00,0x00,0x00,0x00,0x00,
    0x00,0x00,0x00,0x00,0x00,0x00,0x00,0x00,0x00,0x00,0x00,0x00,0x0F,0xE0,0x00,0x00,
    0x1F,0xF8,0x00,0x00,0x3F,0xF8,0x00,0x00,0x7C,0x3C,0x00,0x00,0x70,0x1C,0x00,0x00,
    0x70,0x0E,0x00,0x00,0x70,0x0E,0x00,0x00,0x70,0x0E,0x00,0x00,0x70,0x1E,0x00,0x00,
    0x78,0x1C,0x00,0x40,0x3E,0x7C,0x01,0xC0,0x3F,0xF8,0x0F,0xC0,0x1F,0xF0,0x3F,0x00,
    0x07,0xC1,0xFC,0x00,0x00,0x07,0xE0,0x00,0x00,0x3F,0x00,0x00,0x01,0xFC,0x00,0x00,
    0x07,0xE0,0x7C,0x00,0x3F,0x81,0xFF,0x00,0x7C,0x03,0xFF,0x80,0x60,0x07,0xCF,0x80,
    0x00,0x07,0x03,0xC0,0x00,0x0F,0x01,0xC0,0x00,0x0E,0x01,0xC0,0x00,0x0E,0x01,0xC0,
    0x00,0x0F,0x01,0xC0,0x00,0x07,0x03,0xC0,0x00,0x07,0xCF,0x80,0x00,0x03,0xFF,0x80,
    0x00,0x01,0xFF,0x00,0x00,0x00,0x7C,0x00,0x00,0x00,0x00,0x00,0x00,0x00,0x00,0x00,
    0x00,0x00,0x00,0x00,0x00,0x00,0x00,0x00,0x00,0x00,0x00,0x00,0x00,0x00,0x00,0x00,
    0x00,0x00,0x00,0x00,0x00,0x00,0x00,0x00,0x00,0x00,0x00,0x00,0x00,0x00,0x00,0x00,
    0x00,0x00,0x00,0x00,
};

static const uint8_t kAtlas8GlyphBits6[212] = {
    0x00,0x00,0x00,0x00,0x00,0x00,0x00,0x00,0x00,0x00,0x00,0x00,0x00,0x00,0x00,0x00,
    0x00,0x00,0x00,0x00,0x00,0x00,0x00,0x00,0x00,0x00,0x00,0x00,0x00,0x00,0x00,0x00,
    0x00,0x04,0x00,0x00,0x00,0x7F,0xE0,0x00,0x01,0xFF,0xE0,0x00,0x03,0xFF,0xE0,0x00,
    0x03,0xE0,0x60,0x00,0x07,0xC0,0x10,0x00,0x07,0x80,0x00,0x00,0x07,0x80,0x00,0x00,
    0x07,0x80,0x00,0x00,0x07,0x80,0x00,0x00,0x03,0xC0,0x00,0x00,0x03,0xC0,0x00,0x00,
    0x01,0xE0,0x00,0x00,0x01,0xF0,0x00,0x00,0x03,0xF0,0x00,0x00,0x07,0xF8,0x00,0x00,
    0x0F,0xFC,0x00,0x00,0x1F,0x3E,0x01,0xC0,0x1E,0x1E,0x01,0xC0,0x3C,0x0F,0x01,0xC0,
    0x3C,0x0F,0x81,0xC0,0x38,0x07,0xC1,0xC0,0x78,0x03,0xC1,0xC0,0x78,0x01,0xE3,0xC0,
    0x78,0x01,0xF3,0x80,0x78,0x00,0xFB,0x80,0x7C,0x00,0x7F,0x80,0x3C,0x00,0x3F,0x00,
    0x3E,0x00,0x3E,0x00,0x1F,0x00,0x3F,0x00,0x1F,0xC0,0xFF,0x00,0x0F,0xFF,0xFF,0x80,
    0x03,0xFF,0xE7,0xC0,0x01,0xFF,0x83,0xE0,0x00,0x08,0x00,0x00,0x00,0x00,0x00,0x00,
    0x00,0x00,0x00,0x00,0x00,0x00,0x00,0x00,0x00,0x00,0x00,0x00,0x00,0x00,0x00,0x00,
    0x00,0x00,0x00,0x00,0x00,0x00,0x00,0x00,0x00,0x00,0x00,0x00,0x00,0x00,0x00,0x00,
    0x00,0x00,0x00,0x00,
};

static const uint8_t kAtlas8GlyphBits7[212] = {
    0x00,0x00,0x00,0x00,0x00,0x00,0x00,0x00,0x00,0x00,0x00,0x00,0x00,0x00,0x00,0x00,
    0x00,0x00,0x00,0x00,0x00,0x00,0x00,0x00,0x00,0x00,0x00,0x00,0x00,0x00,0x00,0x00,
    0x00,0x00,0x00,0x00,0x00,0x0E,0x00,0x00,0x00,0x0E,0x00,0x00,0x00,0x0E,0x00,0x00,
    0x00,0x0E,0x00,0x00,0x00,0x0E,0x00,0x00,0x00,0x0E,0x00,0x00,0x00,0x0E,0x00,0x00,
    0x00,0x0E,0x00,0x00,0x00,0x0E,0x00,0x00,0x00,0x0E,0x00,0x00,0x00,0x0E,0x00,0x00,
    0x00,0x0E,0x00,0x00,0x00,0x00,0x00,0x00,0x00,0x00,0x00,0x00,0x00,0x00,0x00,0x00,
    0x00,0x00,0x00,0x00,0x00,0x00,0x00,0x00,0x00,0x00,0x00,0x00,0x00,0x00,0x00,0x00,
    0x00,0x00,0x00,0x00,0x00,0x00,0x00,0x00,0x00,0x00,0x00,0x00,0x00,0x00,0x00,0x00,
    0x00,0x00,0x00,0x00,0x00,0x00,0x00,0x00,0x00,0x00,0x00,0x00,0x00,0x00,0x00,0x00,
    0x00,0x00,0x00,0x00,0x00,0x00,0x00,0x00,0x00,0x00,0x00,0x00,0x00,0x00,0x00,0x00,
    0x00,0x00,0x00,0x00,0x00,0x00,0x00,0x00,0x00,0x00,0x00,0x00,0x00,0x00,0x00,0x00,
    0x00,0x00,0x00,0x00,0x00,0x00,0x00,0x00,0x00,0x00,0x00,0x00,0x00,0x00,0x00,0x00,
    0x00,0x00,0x00,0x00,0x00,0x00,0x00,0x00,0x00,0x00,0x00,0x00,0x00,0x00,0x00,0x00,
    0x00,0x00,0x00,0x00,
};

static const uint8_t kAtlas8GlyphBits8[212] = {
    0x00,0x00,0x00,0x00,0x00,0x00,0x00,0x00,0x00,0x00,0x00,0x00,0x00,0x00,0x00,0x00,
    0x00,0x00,0x00,0x00,0x00,0x00,0x00,0x00,0x00,0x00,0x00,0x00,0x00,0x00,0x00,0x00,
    0x00,0x07,0x80,0x00,0x00,0x0F,0x00,0x00,0x00,0x0E,0x00,0x00,0x00,0x1E,0x00,0x00,
    0x00,0x3C,0x00,0x00,0x00,0x3C,0x00,0x00,0x00,0x78,0x00,0x00,0x00,0x78,0x00,0x00,
    0x00,0x78,0x00,0x00,0x00,0xF0,0x00,0x00,0x00,0xF0,0x00,0x00,0x00,0xF0,0x00,0x00,
    0x01,0xF0,0x00,0x00,0x01,0xE0,0x00,0x00,0x01,0xE0,0x00,0x00,0x01,0xE0,0x00,0x00,
    0x01,0xE0,0x00,0x00,0x01,0xE0,0x00,0x00,0x01,0xE0,0x00,0x00,0x03,0xE0,0x00,0x00,
    0x01,0xE0,0x00,0x00,0x01,0xE0,0x00,0x00,0x01,0xE0,0x00,0x00,0x01,0xE0,0x00,0x00,
    0x01,0xE0,0x00,0x00,0x01,0xE0,0x00,0x00,0x01,0xE0,0x00,0x00,0x00,0xF0,0x00,0x00,
    0x00,0xF0,0x00,0x00,0x00,0xF0,0x00,0x00,0x00,0xF8,0x00,0x00,0x00,0x78,0x00,0x00,
    0x00,0x78,0x00,0x00,0x00,0x3C,0x00,0x00,0x00,0x3C,0x00,0x00,0x00,0x1C,0x00,0x00,
    0x00,0x1E,0x00,0x00,0x00,0x0E,0x00,0x00,0x00,0x0F,0x80,0x00,0x00,0x00,0x00,0x00,
    0x00,0x00,0x00,0x00,0x00,0x00,0x00,0x00,0x00,0x00,0x00,0x00,0x00,0x00,0x00,0x00,
    0x00,0x00,0x00,0x00,
};

static const uint8_t kAtlas8GlyphBits9[212] = {
    0x00,0x00,0x00,0x00,0x00,0x00,0x00,0x00,0x00,0x00,0x00,0x00,0x00,0x00,0x00,0x00,
    0x00,0x00,0x00,0x00,0x00,0x00,0x00,0x00,0x00,0x00,0x00,0x00,0x00,0x00,0x00,0x00,
    0x00,0x3C,0x00,0x00,0x00,0x1E,0x00,0x00,0x00,0x0F,0x00,0x00,0x00,0x0F,0x00,0x00,
    0x00,0x07,0x80,0x00,0x00,0x07,0x80,0x00,0x00,0x03,0xC0,0x00,0x00,0x03,0xC0,0x00,
    0x00,0x03,0xC0,0x00,0x00,0x01,0xE0,0x00,0x00,0x01,0xE0,0x00,0x00,0x01,0xE0,0x00,
    0x00,0x00,0xF0,0x00,0x00,0x00,0xF0,0x00,0x00,0x00,0xF0,0x00,0x00,0x00,0xF0,0x00,
    0x00,0x00,0xF0,0x00,0x00,0x00,0xF8,0x00,0x00,0x00,0xF8,0x00,0x00,0x00,0xF8,0x00,
    0x00,0x00,0xF8,0x00,0x00,0x00,0xF8,0x00,0x00,0x00,0xF0,0x00,0x00,0x00,0xF0,0x00,
    0x00,0x00,0xF0,0x00,0x00,0x00,0xF0,0x00,0x00,0x00,0xF0,0x00,0x00,0x01,0xF0,0x00,
    0x00,0x01,0xE0,0x00,0x00,0x01,0xE0,0x00,0x00,0x01,0xE0,0x00,0x00,0x03,0xC0,0x00,
    0x00,0x03,0xC0,0x00,0x00,0x07,0x80,0x00,0x00,0x07,0x80,0x00,0x00,0x07,0x00,0x00,
    0x00,0x0F,0x00,0x00,0x00,0x0E,0x00,0x00,0x00,0x3E,0x00,0x00,0x00,0x00,0x00,0x00,
    0x00,0x00,0x00,0x00,0x00,0x00,0x00,0x00,0x00,0x00,0x00,0x00,0x00,0x00,0x00,0x00,
    0x00,0x00,0x00,0x00,
};

static const uint8_t kAtlas8GlyphBits10[212] = {
    0x00,0x00,0x00,0x00,0x00,0x00,0x00,0x00,0x00,0x00,0x00,0x00,0x00,0x00,0x00,0x00,
    0x00,0x00,0x00,0x00,0x00,0x00,0x00,0x00,0x00,0x00,0x00,0x00,0x00,0x00,0x00,0x00,
    0x00,0x00,0x00,0x00,0x00,0x00,0x00,0x00,0x00,0x00,0x00,0x00,0x00,0x0E,0x00,0x00,
    0x00,0x0E,0x00,0x00,0x00,0x0E,0x00,0x00,0x00,0x0E,0x00,0x00,0x00,0x0E,0x00,0x00,
    0x00,0x0E,0x00,0x00,0x00,0x0E,0x00,0x00,0x1C,0x0E,0x07,0x00,0x1F,0xCE,0x7F,0x00,
    0x0F,0xFF,0xFE,0x00,0x01,0xFF,0xF0,0x00,0x00,0x7F,0xC0,0x00,0x00,0x1F,0x00,0x00,
    0x00,0x3F,0x80,0x00,0x00,0x7B,0xC0,0x00,0x00,0x71,0xC0,0x00,0x00,0xF1,0xE0,0x00,
    0x01,0xE0,0xF0,0x00,0x01,0xC0,0x70,0x00,0x03,0x80,0x38,0x00,0x07,0x80,0x38,0x00,
    0x01,0x00,0x10,0x00,0x00,0x00,0x00,0x00,0x00,0x00,0x00,0x00,0x00,0x00,0x00,0x00,
    0x00,0x00,0x00,0x00,0x00,0x00,0x00,0x00,0x00,0x00,0x00,0x00,0x00,0x00,0x00,0x00,
    0x00,0x00,0x00,0x00,0x00,0x00,0x00,0x00,0x00,0x00,0x00,0x00,0x00,0x00,0x00,0x00,
    0x00,0x00,0x00,0x00,0x00,0x00,0x00,0x00,0x00,0x00,0x00,0x00,0x00,0x00,0x00,0x00,
    0x00,0x00,0x00,0x00,0x00,0x00,0x00,0x00,0x00,0x00,0x00,0x00,0x00,0x00,0x00,0x00,
    0x00,0x00,0x00,0x00,
};

static const uint8_t kAtlas8GlyphBits11[212] = {
    0x00,0x00,0x00,0x00,0x00,0x00,0x00,0x00,0x00,0x00,0x00,0x00,0x00,0x00,0x00,0x00,
    0x00,0x00,0x00,0x00,0x00,0x00,0x00,0x00,0x00,0x00,0x00,0x00,0x00,0x00,0x00,0x00,
    0x00,0x00,0x00,0x00,0x00,0x00,0x00,0x00,0x00,0x00,0x00,0x00,0x00,0x00,0x00,0x00,
    0x00,0x00,0x00,0x00,0x00,0x00,0x00,0x00,0x00,0x00,0x00,0x00,0x00,0x00,0x00,0x00,
    0x00,0x00,0x00,0x00,0x00,0x0E,0x00,0x00,0x00,0x0E,0x00,0x00,0x00,0x0E,0x00,0x00,
    0x00,0x0E,0x00,0x00,0x00,0x0E,0x00,0x00,0x00,0x0E,0x00,0x00,0x00,0x0E,0x00,0x00,
    0x00,0x0E,0x00,0x00,0x00,0x0E,0x00,0x00,0x00,0x0E,0x00,0x00,0x3F,0xFF,0xFF,0x80,
    0x3F,0xFF,0xFF,0x80,0x3F,0xFF,0xFF,0x80,0x00,0x0E,0x00,0x00,0x00,0x0E,0x00,0x00,
    0x00,0x0E,0x00,0x00,0x00,0x0E,0x00,0x00,0x00,0x0E,0x00,0x00,0x00,0x0E,0x00,0x00,
    0x00,0x0E,0x00,0x00,0x00,0x0E,0x00,0x00,0x00,0x0E,0x00,0x00,0x00,0x0E,0x00,0x00,
    0x00,0x00,0x00,0x00,0x00,0x00,0x00,0x00,0x00,0x00,0x00,0x00,0x00,0x00,0x00,0x00,
    0x00,0x00,0x00,0x00,0x00,0x00,0x00,0x00,0x00,0x00,0x00,0x00,0x00,0x00,0x00,0x00,
    0x00,0x00,0x00,0x00,0x00,0x00,0x00,0x00,0x00,0x00,0x00,0x00,0x00,0x00,0x00,0x00,
    0x00,0x00,0x00,0x00,
};

static const uint8_t kAtlas8GlyphBits12[212] = {
    0x00,0x00,0x00,0x00,0x00,0x00,0x00,0x00,0x00,0x00,0x00,0x00,0x00,0x00,0x00,0x00,
    0x00,0x00,0x00,0x00,0x00,0x00,0x00,0x00,0x00,0x00,0x00,0x00,0x00,0x00,0x00,0x00,
    0x00,0x00,0x00,0x00,0x00,0x00,0x00,0x00,0x00,0x00,0x00,0x00,0x00,0x00,0x00,0x00,
    0x00,0x00,0x00,0x00,0x00,0x00,0x00,0x00,0x00,0x00,0x00,0x00,0x00,0x00,0x00,0x00,
    0x00,0x00,0x00,0x00,0x00,0x00,0x00,0x00,0x00,0x00,0x00,0x00,0x00,0x00,0x00,0x00,
    0x00,0x00,0x00,0x00,0x00,0x00,0x00,0x00,0x00,0x00,0x00,0x00,0x00,0x00,0x00,0x00,
    0x00,0x00,0x00,0x00,0x00,0x00,0x00,0x00,0x00,0x00,0x00,0x00,0x00,0x00,0x00,0x00,
    0x00,0x00,0x00,0x00,0x00,0x00,0x00,0x00,0x00,0x00,0x00,0x00,0x00,0x00,0x00,0x00,
    0x00,0x00,0x00,0x00,0x00,0x00,0x00,0x00,0x00,0x0E,0x00,0x00,0x00,0x1F,0x80,0x00,
    0x00,0x3F,0x80,0x00,0x00,0x3F,0x80,0x00,0x00,0x3F,0x80,0x00,0x00,0x1F,0xC0,0x00,
    0x00,0x0F,0xC0,0x00,0x00,0x03,0x80,0x00,0x00,0x03,0x80,0x00,0x00,0x03,0x80,0x00,
    0x00,0x07,0x80,0x00,0x00,0x07,0x00,0x00,0x00,0x0E,0x00,0x00,0x00,0x3E,0x00,0x00,
    0x00,0x78,0x00,0x00,0x00,0x70,0x00,0x00,0x00,0x00,0x00,0x00,0x00,0x00,0x00,0x00,
    0x00,0x00,0x00,0x00,
};

static const uint8_t kAtlas8GlyphBits13[212] = {
    0x00,0x00,0x00,0x00,0x00,0x00,0x00,0x00,0x00,0x00,0x00,0x00,0x00,0x00,0x00,0x00,
    0x00,0x00,0x00,0x00,0x00,0x00,0x00,0x00,0x00,0x00,0x00,0x00,0x00,0x00,0x00,0x00,
    0x00,0x00,0x00,0x00,0x00,0x00,0x00,0x00,0x00,0x00,0x00,0x00,0x00,0x00,0x00,0x00,
    0x00,0x00,0x00,0x00,0x00,0x00,0x00,0x00,0x00,0x00,0x00,0x00,0x00,0x00,0x00,0x00,
    0x00,0x00,0x00,0x00,0x00,0x00,0x00,0x00,0x00,0x00,0x00,0x00,0x00,0x00,0x00,0x00,
    0x00,0x00,0x00,0x00,0x00,0x00,0x00,0x00,0x00,0x00,0x00,0x00,0x00,0x00,0x00,0x00,
    0x00,0x00,0x00,0x00,0x00,0x00,0x00,0x00,0x00,0x00,0x00,0x00,0x00,0x00,0x00,0x00,
    0x07,0xFF,0xFE,0x00,0x07,0xFF,0xFE,0x00,0x07,0xFF,0xFE,0x00,0x00,0x00,0x00,0x00,
    0x00,0x00,0x00,0x00,0x00,0x00,0x00,0x00,0x00,0x00,0x00,0x00,0x00,0x00,0x00,0x00,
    0x00,0x00,0x00,0x00,0x00,0x00,0x00,0x00,0x00,0x00,0x00,0x00,0x00,0x00,0x00,0x00,
    0x00,0x00,0x00,0x00,0x00,0x00,0x00,0x00,0x00,0x00,0x00,0x00,0x00,0x00,0x00,0x00,
    0x00,0x00,0x00,0x00,0x00,0x00,0x00,0x00,0x00,0x00,0x00,0x00,0x00,0x00,0x00,0x00,
    0x00,0x00,0x00,0x00,0x00,0x00,0x00,0x00,0x00,0x00,0x00,0x00,0x00,0x00,0x00,0x00,
    0x00,0x00,0x00,0x00,
};

static const uint8_t kAtlas8GlyphBits14[212] = {
    0x00,0x00,0x00,0x00,0x00,0x00,0x00,0x00,0x00,0x00,0x00,0x00,0x00,0x00,0x00,0x00,
    0x00,0x00,0x00,0x00,0x00,0x00,0x00,0x00,0x00,0x00,0x00,0x00,0x00,0x00,0x00,0x00,
    0x00,0x00,0x00,0x00,0x00,0x00,0x00,0x00,0x00,0x00,0x00,0x00,0x00,0x00,0x00,0x00,
    0x00,0x00,0x00,0x00,0x00,0x00,0x00,0x00,0x00,0x00,0x00,0x00,0x00,0x00,0x00,0x00,
    0x00,0x00,0x00,0x00,0x00,0x00,0x00,0x00,0x00,0x00,0x00,0x00,0x00,0x00,0x00,0x00,
    0x00,0x00,0x00,0x00,0x00,0x00,0x00,0x00,0x00,0x00,0x00,0x00,0x00,0x00,0x00,0x00,
    0x00,0x00,0x00,0x00,0x00,0x00,0x00,0x00,0x00,0x00,0x00,0x00,0x00,0x00,0x00,0x00,
    0x00,0x00,0x00,0x00,0x00,0x00,0x00,0x00,0x00,0x00,0x00,0x00,0x00,0x00,0x00,0x00,
    0x00,0x00,0x00,0x00,0x00,0x00,0x00,0x00,0x00,0x00,0x00,0x00,0x00,0x04,0x00,0x00,
    0x00,0x1F,0x00,0x00,0x00,0x3F,0x80,0x00,0x00,0x3F,0x80,0x00,0x00,0x3F,0x80,0x00,
    0x00,0x3F,0x80,0x00,0x00,0x1F,0x00,0x00,0x00,0x04,0x00,0x00,0x00,0x00,0x00,0x00,
    0x00,0x00,0x00,0x00,0x00,0x00,0x00,0x00,0x00,0x00,0x00,0x00,0x00,0x00,0x00,0x00,
    0x00,0x00,0x00,0x00,0x00,0x00,0x00,0x00,0x00,0x00,0x00,0x00,0x00,0x00,0x00,0x00,
    0x00,0x00,0x00,0x00,
};

static const uint8_t kAtlas8GlyphBits15[212] = {
    0x00,0x00,0x00,0x00,0x00,0x00,0x00,0x00,0x00,0x00,0x00,0x00,0x00,0x00,0x00,0x00,
    0x00,0x00,0x00,0x00,0x00,0x00,0x00,0x00,0x00,0x00,0x00,0x00,0x00,0x00,0x00,0x00,
    0x00,0x00,0x00,0x00,0x00,0x00,0x1F,0x00,0x00,0x00,0x1E,0x00,0x00,0x00,0x3E,0x00,
    0x00,0x00,0x3C,0x00,0x00,0x00,0x7C,0x00,0x00,0x00,0x78,0x00,0x00,0x00,0xF8,0x00,
    0x00,0x00,0xF0,0x00,0x00,0x00,0xF0,0x00,0x00,0x01,0xE0,0x00,0x00,0x01,0xE0,0x00,
    0x00,0x03,0xC0,0x00,0x00,0x03,0xC0,0x00,0x00,0x07,0x80,0x00,0x00,0x07,0x80,0x00,
    0x00,0x0F,0x00,0x00,0x00,0x0F,0x00,0x00,0x00,0x1E,0x00,0x00,0x00,0x1E,0x00,0x00,
    0x00,0x3C,0x00,0x00,0x00,0x3C,0x00,0x00,0x00,0x7C,0x00,0x00,0x00,0x78,0x00,0x00,
    0x00,0xF8,0x00,0x00,0x00,0xF0,0x00,0x00,0x01,0xF0,0x00,0x00,0x01,0xE0,0x00,0x00,
    0x03,0xE0,0x00,0x00,0x03,0xC0,0x00,0x00,0x03,0xC0,0x00,0x00,0x07,0x80,0x00,0x00,
    0x07,0x80,0x00,0x00,0x0F,0x00,0x00,0x00,0x0F,0x00,0x00,0x00,0x1E,0x00,0x00,0x00,
    0x3E,0x00,0x00,0x00,0x00,0x00,0x00,0x00,0x00,0x00,0x00,0x00,0x00,0x00,0x00,0x00,
    0x00,0x00,0x00,0x00,0x00,0x00,0x00,0x00,0x00,0x00,0x00,0x00,0x00,0x00,0x00,0x00,
    0x00,0x00,0x00,0x00,
};

static const uint8_t kAtlas8GlyphBits16[212] = {
    0x00,0x00,0x00,0x00,0x00,0x00,0x00,0x00,0x00,0x00,0x00,0x00,0x00,0x00,0x00,0x00,
    0x00,0x00,0x00,0x00,0x00,0x00,0x00,0x00,0x00,0x00,0x00,0x00,0x00,0x00,0x00,0x00,
    0x00,0x04,0x00,0x00,0x00,0x7F,0xC0,0x00,0x00,0xFF,0xF0,0x00,0x01,0xFF,0xF8,0x00,
    0x03,0xE0,0xF8,0x00,0x07,0xC0,0x7C,0x00,0x07,0x80,0x3C,0x00,0x0F,0x80,0x3E,0x00,
    0x0F,0x00,0x1E,0x00,0x0F,0x00,0x1E,0x00,0x0F,0x04,0x1F,0x00,0x1F,0x0E,0x1F,0x00,
    0x1F,0x0E,0x1F,0x00,0x1F,0x0E,0x0F,0x00,0x1E,0x0E,0x0F,0x00,0x1E,0x1F,0x0F,0x00,
    0x1E,0x1F,0x0F,0x00,0x1E,0x1F,0x0F,0x00,0x1E,0x1F,0x0F,0x00,0x1E,0x1F,0x0F,0x00,
    0x1E,0x0F,0x0F,0x00,0x1F,0x0E,0x0F,0x00,0x1F,0x0E,0x1F,0x00,0x1F,0x0E,0x1F,0x00,
    0x0F,0x04,0x1F,0x00,0x0F,0x00,0x1E,0x00,0x0F,0x00,0x1E,0x00,0x0F,0x80,0x3E,0x00,
    0x07,0x80,0x3C,0x00,0x07,0xC0,0x7C,0x00,0x03,0xE0,0xF8,0x00,0x01,0xFF,0xF8,0x00,
    0x00,0xFF,0xF0,0x00,0x00,0x7F,0xC0,0x00,0x00,0x04,0x00,0x00,0x00,0x00,0x00,0x00,
    0x00,0x00,0x00,0x00,0x00,0x00,0x00,0x00,0x00,0x00,0x00,0x00,0x00,0x00,0x00,0x00,
    0x00,0x00,0x00,0x00,0x00,0x00,0x00,0x00,0x00,0x00,0x00,0x00,0x00,0x00,0x00,0x00,
    0x00,0x00,0x00,0x00,
};

static const uint8_t kAtlas8GlyphBits17[212] = {
    0x00,0x00,0x00,0x00,0x00,0x00,0x00,0x00,0x00,0x00,0x00,0x00,0x00,0x00,0x00,0x00,
    0x00,0x00,0x00,0x00,0x00,0x00,0x00,0x00,0x00,0x00,0x00,0x00,0x00,0x00,0x00,0x00,
    0x00,0x00,0x00,0x00,0x00,0x0F,0x80,0x00,0x00,0x0F,0x80,0x00,0x00,0x1F,0x80,0x00,
    0x00,0x3F,0x80,0x00,0x00,0x7F,0x80,0x00,0x00,0xFF,0x80,0x00,0x01,0xF7,0x80,0x00,
    0x03,0xE7,0x80,0x00,0x07,0xE7,0x80,0x00,0x03,0xC7,0x80,0x00,0x03,0x87,0x80,0x00,
    0x01,0x07,0x80,0x00,0x00,0x07,0x80,0x00,0x00,0x07,0x80,0x00,0x00,0x07,0x80,0x00,
    0x00,0x07,0x80,0x00,0x00,0x07,0x80,0x00,0x00,0x07,0x80,0x00,0x00,0x07,0x80,0x00,
    0x00,0x07,0x80,0x00,0x00,0x07,0x80,0x00,0x00,0x07,0x80,0x00,0x00,0x07,0x80,0x00,
    0x00,0x07,0x80,0x00,0x00,0x07,0x80,0x00,0x00,0x07,0x80,0x00,0x00,0x07,0x80,0x00,
    0x00,0x07,0x80,0x00,0x00,0x07,0x80,0x00,0x00,0x07,0x80,0x00,0x03,0xFF,0xFF,0x00,
    0x03,0xFF,0xFF,0x00,0x03,0xFF,0xFF,0x00,0x00,0x00,0x00,0x00,0x00,0x00,0x00,0x00,
    0x00,0x00,0x00,0x00,0x00,0x00,0x00,0x00,0x00,0x00,0x00,0x00,0x00,0x00,0x00,0x00,
    0x00,0x00,0x00,0x00,0x00,0x00,0x00,0x00,0x00,0x00,0x00,0x00,0x00,0x00,0x00,0x00,
    0x00,0x00,0x00,0x00,
};

static const uint8_t kAtlas8GlyphBits18[212] = {
    0x00,0x00,0x00,0x00,0x00,0x00,0x00,0x00,0x00,0x00,0x00,0x00,0x00,0x00,0x00,0x00,
    0x00,0x00,0x00,0x00,0x00,0x00,0x00,0x00,0x00,0x00,0x00,0x00,0x00,0x00,0x00,0x00,
    0x00,0x08,0x00,0x00,0x03,0xFF,0xC0,0x00,0x0F,0xFF,0xE0,0x00,0x0F,0xFF,0xF8,0x00,
    0x0F,0x81,0xF8,0x00,0x0C,0x00,0x7C,0x00,0x08,0x00,0x3C,0x00,0x00,0x00,0x3E,0x00,
    0x00,0x00,0x3E,0x00,0x00,0x00,0x3E,0x00,0x00,0x00,0x3E,0x00,0x00,0x00,0x3E,0x00,
    0x00,0x00,0x3E,0x00,0x00,0x00,0x3C,0x00,0x00,0x00,0x7C,0x00,0x00,0x00,0xF8,0x00,
    0x00,0x00,0xF8,0x00,0x00,0x01,0xF0,0x00,0x00,0x03,0xE0,0x00,0x00,0x07,0xC0,0x00,
    0x00,0x0F,0xC0,0x00,0x00,0x1F,0x80,0x00,0x00,0x3F,0x00,0x00,0x00,0x3E,0x00,0x00,
    0x00,0x7C,0x00,0x00,0x00,0xF8,0x00,0x00,0x01,0xF0,0x00,0x00,0x03,0xE0,0x00,0x00,
    0x07,0xC0,0x00,0x00,0x0F,0x80,0x00,0x00,0x1F,0x00,0x00,0x00,0x1F,0xFF,0xFE,0x00,
    0x1F,0xFF,0xFE,0x00,0x1F,0xFF,0xFE,0x00,0x00,0x00,0x00,0x00,0x00,0x00,0x00,0x00,
    0x00,0x00,0x00,0x00,0x00,0x00,0x00,0x00,0x00,0x00,0x00,0x00,0x00,0x00,0x00,0x00,
    0x00,0x00,0x00,0x00,0x00,0x00,0x00,0x00,0x00,0x00,0x00,0x00,0x00,0x00,0x00,0x00,
    0x00,0x00,0x00,0x00,
};

static const uint8_t kAtlas8GlyphBits19[212] = {
    0x00,0x00,0x00,0x00,0x00,0x00,0x00,0x00,0x00,0x00,0x00,0x00,0x00,0x00,0x00,0x00,
    0x00,0x00,0x00,0x00,0x00,0x00,0x00,0x00,0x00,0x00,0x00,0x00,0x00,0x00,0x00,0x00,
    0x00,0x08,0x00,0x00,0x03,0xFF,0xC0,0x00,0x0F,0xFF,0xF0,0x00,0x0F,0xFF,0xF8,0x00,
    0x0F,0x00,0xFC,0x00,0x08,0x00,0x7C,0x00,0x00,0x00,0x3E,0x00,0x00,0x00,0x1E,0x00,
    0x00,0x00,0x1E,0x00,0x00,0x00,0x1E,0x00,0x00,0x00,0x1E,0x00,0x00,0x00,0x3E,0x00,
    0x00,0x00,0x3E,0x00,0x00,0x00,0x7C,0x00,0x00,0x03,0xF8,0x00,0x00,0x7F,0xE0,0x00,
    0x00,0x7F,0xC0,0x00,0x00,0x7F,0xF0,0x00,0x00,0x00,0xFC,0x00,0x00,0x00,0x7C,0x00,
    0x00,0x00,0x3E,0x00,0x00,0x00,0x1E,0x00,0x00,0x00,0x1F,0x00,0x00,0x00,0x0F,0x00,
    0x00,0x00,0x0F,0x00,0x00,0x00,0x0F,0x00,0x00,0x00,0x1F,0x00,0x00,0x00,0x1F,0x00,
    0x00,0x00,0x3E,0x00,0x18,0x00,0x7E,0x00,0x1F,0x00,0xFC,0x00,0x1F,0xFF,0xF8,0x00,
    0x1F,0xFF,0xF0,0x00,0x07,0xFF,0xC0,0x00,0x00,0x08,0x00,0x00,0x00,0x00,0x00,0x00,
    0x00,0x00,0x00,0x00,0x00,0x00,0x00,0x00,0x00,0x00,0x00,0x00,0x00,0x00,0x00,0x00,
    0x00,0x00,0x00,0x00,0x00,0x00,0x00,0x00,0x00,0x00,0x00,0x00,0x00,0x00,0x00,0x00,
    0x00,0x00,0x00,0x00,
};

static const uint8_t kAtlas8GlyphBits20[212] = {
    0x00,0x00,0x00,0x00,0x00,0x00,0x00,0x00,0x00,0x00,0x00,0x00,0x00,0x00,0x00,0x00,
    0x00,0x00,0x00,0x00,0x00,0x00,0x00,0x00,0x00,0x00,0x00,0x00,0x00,0x00,0x00,0x00,
    0x00,0x00,0x00,0x00,0x00,0x01,0xF8,0x00,0x00,0x03,0xF8,0x00,0x00,0x03,0xF8,0x00,
    0x00,0x07,0xF8,0x00,0x00,0x07,0xF8,0x00,0x00,0x0E,0xF8,0x00,0x00,0x1E,0xF8,0x00,
    0x00,0x1C,0xF8,0x00,0x00,0x3C,0xF8,0x00,0x00,0x78,0xF8,0x00,0x00,0x70,0xF8,0x00,
    0x00,0xF0,0xF8,0x00,0x00,0xE0,0xF8,0x00,0x01,0xE0,0xF8,0x00,0x03,0xC0,0xF8,0x00,
    0x03,0x80,0xF8,0x00,0x07,0x80,0xF8,0x00,0x0F,0x00,0xF8,0x00,0x0F,0x00,0xF8,0x00,
    0x1E,0x00,0xF8,0x00,0x1C,0x00,0xF8,0x00,0x3C,0x00,0xF8,0x00,0x3F,0xFF,0xFF,0x80,
    0x3F,0xFF,0xFF,0x80,0x3F,0xFF,0xFF,0x80,0x00,0x00,0xF8,0x00,0x00,0x00,0xF8,0x00,
    0x00,0x00,0xF8,0x00,0x00,0x00,0xF8,0x00,0x00,0x00,0xF8,0x00,0x00,0x00,0xF8,0x00,
    0x00,0x00,0xF8,0x00,0x00,0x00,0xF8,0x00,0x00,0x00,0x00,0x00,0x00,0x00,0x00,0x00,
    0x00,0x00,0x00,0x00,0x00,0x00,0x00,0x00,0x00,0x00,0x00,0x00,0x00,0x00,0x00,0x00,
    0x00,0x00,0x00,0x00,0x00,0x00,0x00,0x00,0x00,0x00,0x00,0x00,0x00,0x00,0x00,0x00,
    0x00,0x00,0x00,0x00,
};

static const uint8_t kAtlas8GlyphBits21[212] = {
    0x00,0x00,0x00,0x00,0x00,0x00,0x00,0x00,0x00,0x00,0x00,0x00,0x00,0x00,0x00,0x00,
    0x00,0x00,0x00,0x00,0x00,0x00,0x00,0x00,0x00,0x00,0x00,0x00,0x00,0x00,0x00,0x00,
    0x00,0x00,0x00,0x00,0x07,0xFF,0xF8,0x00,0x07,0xFF,0xF8,0x00,0x07,0xFF,0xF8,0x00,
    0x07,0x80,0x00,0x00,0x07,0x80,0x00,0x00,0x07,0x80,0x00,0x00,0x07,0x80,0x00,0x00,
    0x07,0x80,0x00,0x00,0x07,0x80,0x00,0x00,0x07,0x80,0x00,0x00,0x07,0x80,0x00,0x00,
    0x07,0x80,0x00,0x00,0x07,0xFF,0x80,0x00,0x07,0xFF,0xE0,0x00,0x07,0xFF,0xF0,0x00,
    0x06,0x01,0xF8,0x00,0x08,0x00,0xFC,0x00,0x00,0x00,0x7E,0x00,0x00,0x00,0x3E,0x00,
    0x00,0x00,0x1E,0x00,0x00,0x00,0x1E,0x00,0x00,0x00,0x1E,0x00,0x00,0x00,0x1E,0x00,
    0x00,0x00,0x1E,0x00,0x00,0x00,0x1E,0x00,0x00,0x00,0x1E,0x00,0x00,0x00,0x3E,0x00,
    0x00,0x00,0x3E,0x00,0x10,0x00,0x7C,0x00,0x1E,0x01,0xF8,0x00,0x1F,0xFF,0xF0,0x00,
    0x1F,0xFF,0xE0,0x00,0x0F,0xFF,0x80,0x00,0x00,0x10,0x00,0x00,0x00,0x00,0x00,0x00,
    0x00,0x00,0x00,0x00,0x00,0x00,0x00,0x00,0x00,0x00,0x00,0x00,0x00,0x00,0x00,0x00,
    0x00,0x00,0x00,0x00,0x00,0x00,0x00,0x00,0x00,0x00,0x00,0x00,0x00,0x00,0x00,0x00,
    0x00,0x00,0x00,0x00,
};

static const uint8_t kAtlas8GlyphBits22[212] = {
    0x00,0x00,0x00,0x00,0x00,0x00,0x00,0x00,0x00,0x00,0x00,0x00,0x00,0x00,0x00,0x00,
    0x00,0x00,0x00,0x00,0x00,0x00,0x00,0x00,0x00,0x00,0x00,0x00,0x00,0x00,0x00,0x00,
    0x00,0x01,0x00,0x00,0x00,0x3F,0xF8,0x00,0x00,0xFF,0xFC,0x00,0x01,0xFF,0xFC,0x00,
    0x03,0xF0,0x1C,0x00,0x03,0xE0,0x04,0x00,0x07,0xC0,0x00,0x00,0x07,0x80,0x00,0x00,
    0x0F,0x80,0x00,0x00,0x0F,0x00,0x00,0x00,0x0F,0x00,0x00,0x00,0x1F,0x00,0x00,0x00,
    0x1E,0x00,0x00,0x00,0x1E,0x3F,0xE0,0x00,0x1E,0x7F,0xF8,0x00,0x1E,0xFF,0xFC,0x00,
    0x1F,0xE0,0x7C,0x00,0x1F,0xC0,0x3E,0x00,0x1F,0x80,0x1E,0x00,0x1F,0x80,0x1F,0x00,
    0x1F,0x00,0x1F,0x00,0x1F,0x00,0x0F,0x00,0x1F,0x00,0x0F,0x00,0x1F,0x00,0x0F,0x00,
    0x1F,0x00,0x0F,0x00,0x0F,0x00,0x0F,0x00,0x0F,0x00,0x1F,0x00,0x0F,0x00,0x1F,0x00,
    0x07,0x80,0x1E,0x00,0x07,0xC0,0x3E,0x00,0x03,0xE0,0x7C,0x00,0x03,0xFF,0xFC,0x00,
    0x01,0xFF,0xF8,0x00,0x00,0x7F,0xE0,0x00,0x00,0x04,0x00,0x00,0x00,0x00,0x00,0x00,
    0x00,0x00,0x00,0x00,0x00,0x00,0x00,0x00,0x00,0x00,0x00,0x00,0x00,0x00,0x00,0x00,
    0x00,0x00,0x00,0x00,0x00,0x00,0x00,0x00,0x00,0x00,0x00,0x00,0x00,0x00,0x00,0x00,
    0x00,0x00,0x00,0x00,
};

static const uint8_t kAtlas8GlyphBits23[212] = {
    0x00,0x00,0x00,0x00,0x00,0x00,0x00,0x00,0x00,0x00,0x00,0x00,0x00,0x00,0x00,0x00,
    0x00,0x00,0x00,0x00,0x00,0x00,0x00,0x00,0x00,0x00,0x00,0x00,0x00,0x00,0x00,0x00,
    0x00,0x00,0x00,0x00,0x1F,0xFF,0xFF,0x00,0x1F,0xFF,0xFF,0x00,0x1F,0xFF,0xFE,0x00,
    0x00,0x00,0x1E,0x00,0x00,0x00,0x3E,0x00,0x00,0x00,0x3C,0x00,0x00,0x00,0x3C,0x00,
    0x00,0x00,0x7C,0x00,0x00,0x00,0x78,0x00,0x00,0x00,0xF8,0x00,0x00,0x00,0xF0,0x00,
    0x00,0x00,0xF0,0x00,0x00,0x01,0xF0,0x00,0x00,0x01,0xE0,0x00,0x00,0x03,0xE0,0x00,
    0x00,0x03,0xE0,0x00,0x00,0x03,0xC0,0x00,0x00,0x07,0xC0,0x00,0x00,0x07,0x80,0x00,
    0x00,0x07,0x80,0x00,0x00,0x0F,0x80,0x00,0x00,0x0F,0x00,0x00,0x00,0x1F,0x00,0x00,
    0x00,0x1F,0x00,0x00,0x00,0x1E,0x00,0x00,0x00,0x3E,0x00,0x00,0x00,0x3C,0x00,0x00,
    0x00,0x7C,0x00,0x00,0x00,0x7C,0x00,0x00,0x00,0x78,0x00,0x00,0x00,0xF8,0x00,0x00,
    0x00,0xF8,0x00,0x00,0x01,0xF0,0x00,0x00,0x00,0x00,0x00,0x00,0x00,0x00,0x00,0x00,
    0x00,0x00,0x00,0x00,0x00,0x00,0x00,0x00,0x00,0x00,0x00,0x00,0x00,0x00,0x00,0x00,
    0x00,0x00,0x00,0x00,0x00,0x00,0x00,0x00,0x00,0x00,0x00,0x00,0x00,0x00,0x00,0x00,
    0x00,0x00,0x00,0x00,
};

static const uint8_t kAtlas8GlyphBits24[212] = {
    0x00,0x00,0x00,0x00,0x00,0x00,0x00,0x00,0x00,0x00,0x00,0x00,0x00,0x00,0x00,0x00,
    0x00,0x00,0x00,0x00,0x00,0x00,0x00,0x00,0x00,0x00,0x00,0x00,0x00,0x00,0x00,0x00,
    0x00,0x04,0x00,0x00,0x00,0xFF,0xE0,0x00,0x01,0xFF,0xF0,0x00,0x03,0xFF,0xF8,0x00,
    0x07,0xE0,0xFC,0x00,0x0F,0x80,0x3E,0x00,0x0F,0x80,0x3E,0x00,0x0F,0x00,0x1E,0x00,
    0x0F,0x00,0x1E,0x00,0x0F,0x00,0x1E,0x00,0x0F,0x00,0x1E,0x00,0x0F,0x00,0x1E,0x00,
    0x0F,0x80,0x3E,0x00,0x07,0x80,0x3C,0x00,0x03,0xE0,0xF8,0x00,0x01,0xFF,0xF0,0x00,
    0x00,0x7F,0xC0,0x00,0x01,0xFF,0xF0,0x00,0x03,0xF1,0xF8,0x00,0x07,0xC0,0x7C,0x00,
    0x0F,0x80,0x1E,0x00,0x0F,0x00,0x1F,0x00,0x1F,0x00,0x1F,0x00,0x1E,0x00,0x0F,0x00,
    0x1E,0x00,0x0F,0x00,0x1E,0x00,0x0F,0x00,0x1F,0x00,0x0F,0x00,0x1F,0x00,0x1F,0x00,
    0x1F,0x00,0x1F,0x00,0x0F,0x80,0x3E,0x00,0x0F,0xE0,0x7E,0x00,0x07,0xFF,0xFC,0x00,
    0x03,0xFF,0xF8,0x00,0x00,0xFF,0xE0,0x00,0x00,0x04,0x00,0x00,0x00,0x00,0x00,0x00,
    0x00,0x00,0x00,0x00,0x00,0x00,0x00,0x00,0x00,0x00,0x00,0x00,0x00,0x00,0x00,0x00,
    0x00,0x00,0x00,0x00,0x00,0x00,0x00,0x00,0x00,0x00,0x00,0x00,0x00,0x00,0x00,0x00,
    0x00,0x00,0x00,0x00,
};

static const uint8_t kAtlas8GlyphBits25[212] = {
    0x00,0x00,0x00,0x00,0x00,0x00,0x00,0x00,0x00,0x00,0x00,0x00,0x00,0x00,0x00,0x00,
    0x00,0x00,0x00,0x00,0x00,0x00,0x00,0x00,0x00,0x00,0x00,0x00,0x00,0x00,0x00,0x00,
    0x00,0x04,0x00,0x00,0x00,0xFF,0xC0,0x00,0x03,0xFF,0xE0,0x00,0x07,0xFF,0xF8,0x00,
    0x07,0xC0,0xF8,0x00,0x0F,0x80,0x7C,0x00,0x0F,0x00,0x3C,0x00,0x1F,0x00,0x3E,0x00,
    0x1E,0x00,0x1E,0x00,0x1E,0x00,0x1E,0x00,0x1E,0x00,0x1F,0x00,0x1E,0x00,0x1F,0x00,
    0x1E,0x00,0x1F,0x00,0x1E,0x00,0x1F,0x00,0x1E,0x00,0x1F,0x00,0x1F,0x00,0x1F,0x00,
    0x1F,0x00,0x3F,0x00,0x0F,0x80,0x3F,0x00,0x0F,0x80,0x7F,0x00,0x07,0xF3,0xEF,0x00,
    0x03,0xFF,0xEF,0x00,0x01,0xFF,0xCF,0x00,0x00,0x7F,0x0F,0x00,0x00,0x00,0x1F,0x00,
    0x00,0x00,0x1E,0x00,0x00,0x00,0x1E,0x00,0x00,0x00,0x1E,0x00,0x00,0x00,0x3C,0x00,
    0x00,0x00,0x7C,0x00,0x04,0x00,0xF8,0x00,0x07,0x01,0xF8,0x00,0x07,0xFF,0xF0,0x00,
    0x07,0xFF,0xE0,0x00,0x03,0xFF,0x80,0x00,0x00,0x10,0x00,0x00,0x00,0x00,0x00,0x00,
    0x00,0x00,0x00,0x00,0x00,0x00,0x00,0x00,0x00,0x00,0x00,0x00,0x00,0x00,0x00,0x00,
    0x00,0x00,0x00,0x00,0x00,0x00,0x00,0x00,0x00,0x00,0x00,0x00,0x00,0x00,0x00,0x00,
    0x00,0x00,0x00,0x00,
};

static const uint8_t kAtlas8GlyphBits26[212] = {
    0x00,0x00,0x00,0x00,0x00,0x00,0x00,0x00,0x00,0x00,0x00,0x00,0x00,0x00,0x00,0x00,
    0x00,0x00,0x00,0x00,0x00,0x00,0x00,0x00,0x00,0x00,0x00,0x00,0x00,0x00,0x00,0x00,
    0x00,0x00,0x00,0x00,0x00,0x00,0x00,0x00,0x00,0x00,0x00,0x00,0x00,0x00,0x00,0x00,
    0x00,0x00,0x00,0x00,0x00,0x00,0x00,0x00,0x00,0x00,0x00,0x00,0x00,0x00,0x00,0x00,
    0x00,0x00,0x00,0x00,0x00,0x00,0x00,0x00,0x00,0x0F,0x00,0x00,0x00,0x1F,0x80,0x00,
    0x00,0x3F,0x80,0x00,0x00,0x3F,0x80,0x00,0x00,0x3F,0x80,0x00,0x00,0x1F,0x80,0x00,
    0x00,0x0F,0x00,0x00,0x00,0x00,0x00,0x00,0x00,0x00,0x00,0x00,0x00,0x00,0x00,0x00,
    0x00,0x00,0x00,0x00,0x00,0x00,0x00,0x00,0x00,0x00,0x00,0x00,0x00,0x00,0x00,0x00,
    0x00,0x00,0x00,0x00,0x00,0x0F,0x00,0x00,0x00,0x1F,0x80,0x00,0x00,0x3F,0x80,0x00,
    0x00,0x3F,0x80,0x00,0x00,0x3F,0x80,0x00,0x00,0x1F,0x80,0x00,0x00,0x0F,0x00,0x00,
    0x00,0x00,0x00,0x00,0x00,0x00,0x00,0x00,0x00,0x00,0x00,0x00,0x00,0x00,0x00,0x00,
    0x00,0x00,0x00,0x00,0x00,0x00,0x00,0x00,0x00,0x00,0x00,0x00,0x00,0x00,0x00,0x00,
    0x00,0x00,0x00,0x00,0x00,0x00,0x00,0x00,0x00,0x00,0x00,0x00,0x00,0x00,0x00,0x00,
    0x00,0x00,0x00,0x00,
};

static const uint8_t kAtlas8GlyphBits27[212] = {
    0x00,0x00,0x00,0x00,0x00,0x00,0x00,0x00,0x00,0x00,0x00,0x00,0x00,0x00,0x00,0x00,
    0x00,0x00,0x00,0x00,0x00,0x00,0x00,0x00,0x00,0x00,0x00,0x00,0x00,0x00,0x00,0x00,
    0x00,0x00,0x00,0x00,0x00,0x00,0x00,0x00,0x00,0x00,0x00,0x00,0x00,0x00,0x00,0x00,
    0x00,0x00,0x00,0x00,0x00,0x00,0x00,0x00,0x00,0x00,0x00,0x00,0x00,0x00,0x00,0x00,
    0x00,0x00,0x00,0x00,0x00,0x00,0x00,0x00,0x00,0x00,0x00,0x00,0x00,0x0E,0x00,0x00,
    0x00,0x3F,0x00,0x00,0x00,0x3F,0x80,0x00,0x00,0x3F,0x80,0x00,0x00,0x3F,0x80,0x00,
    0x00,0x3F,0x80,0x00,0x00,0x3F,0x00,0x00,0x00,0x0E,0x00,0x00,0x00,0x00,0x00,0x00,
    0x00,0x00,0x00,0x00,0x00,0x00,0x00,0x00,0x00,0x00,0x00,0x00,0x00,0x00,0x00,0x00,
    0x00,0x00,0x00,0x00,0x00,0x00,0x00,0x00,0x00,0x00,0x00,0x00,0x00,0x04,0x00,0x00,
    0x00,0x1F,0x00,0x00,0x00,0x3F,0x80,0x00,0x00,0x3F,0x80,0x00,0x00,0x3F,0xC0,0x00,
    0x00,0x3F,0xC0,0x00,0x00,0x1F,0xC0,0x00,0x00,0x03,0xC0,0x00,0x00,0x03,0xC0,0x00,
    0x00,0x03,0x80,0x00,0x00,0x03,0x80,0x00,0x00,0x07,0x80,0x00,0x00,0x0F,0x00,0x00,
    0x00,0x1E,0x00,0x00,0x00,0x3E,0x00,0x00,0x00,0x78,0x00,0x00,0x00,0x70,0x00,0x00,
    0x00,0x00,0x00,0x00,
};

static const uint8_t kAtlas8GlyphBits28[212] = {
    0x00,0x00,0x00,0x00,0x00,0x00,0x00,0x00,0x00,0x00,0x00,0x00,0x00,0x00,0x00,0x00,
    0x00,0x00,0x00,0x00,0x00,0x00,0x00,0x00,0x00,0x00,0x00,0x00,0x00,0x00,0x00,0x00,
    0x00,0x00,0x00,0x00,0x00,0x00,0x00,0x00,0x00,0x00,0x00,0x00,0x00,0x00,0x00,0x00,
    0x00,0x00,0x00,0x00,0x00,0x00,0x00,0x00,0x00,0x00,0x00,0x00,0x00,0x00,0x00,0x00,
    0x00,0x00,0x00,0x00,0x00,0x00,0x00,0x80,0x00,0x00,0x03,0x80,0x00,0x00,0x1F,0x80,
    0x00,0x00,0xFF,0x80,0x00,0x03,0xFF,0x00,0x00,0x1F,0xF8,0x00,0x00,0x7F,0xE0,0x00,
    0x03,0xFF,0x00,0x00,0x0F,0xF8,0x00,0x00,0x3F,0xE0,0x00,0x00,0x3F,0x00,0x00,0x00,
    0x3F,0x00,0x00,0x00,0x3F,0xC0,0x00,0x00,0x0F,0xF8,0x00,0x00,0x03,0xFF,0x00,0x00,
    0x00,0x7F,0xE0,0x00,0x00,0x1F,0xF8,0x00,0x00,0x03,0xFF,0x00,0x00,0x00,0xFF,0x80,
    0x00,0x00,0x1F,0x80,0x00,0x00,0x03,0x80,0x00,0x00,0x00,0x80,0x00,0x00,0x00,0x00,
    0x00,0x00,0x00,0x00,0x00,0x00,0x00,0x00,0x00,0x00,0x00,0x00,0x00,0x00,0x00,0x00,
    0x00,0x00,0x00,0x00,0x00,0x00,0x00,0x00,0x00,0x00,0x00,0x00,0x00,0x00,0x00,0x00,
    0x00,0x00,0x00,0x00,0x00,0x00,0x00,0x00,0x00,0x00,0x00,0x00,0x00,0x00,0x00,0x00,
    0x00,0x00,0x00,0x00,
};

static const uint8_t kAtlas8GlyphBits29[212] = {
    0x00,0x00,0x00,0x00,0x00,0x00,0x00,0x00,0x00,0x00,0x00,0x00,0x00,0x00,0x00,0x00,
    0x00,0x00,0x00,0x00,0x00,0x00,0x00,0x00,0x00,0x00,0x00,0x00,0x00,0x00,0x00,0x00,
    0x00,0x00,0x00,0x00,0x00,0x00,0x00,0x00,0x00,0x00,0x00,0x00,0x00,0x00,0x00,0x00,
    0x00,0x00,0x00,0x00,0x00,0x00,0x00,0x00,0x00,0x00,0x00,0x00,0x00,0x00,0x00,0x00,
    0x00,0x00,0x00,0x00,0x00,0x00,0x00,0x00,0x00,0x00,0x00,0x00,0x00,0x00,0x00,0x00,
    0x00,0x00,0x00,0x00,0x00,0x00,0x00,0x00,0x3F,0xFF,0xFF,0x80,0x3F,0xFF,0xFF,0x80,
    0x3F,0xFF,0xFF,0x80,0x00,0x00,0x00,0x00,0x00,0x00,0x00,0x00,0x00,0x00,0x00,0x00,
    0x00,0x00,0x00,0x00,0x00,0x00,0x00,0x00,0x00,0x00,0x00,0x00,0x3F,0xFF,0xFF,0x80,
    0x3F,0xFF,0xFF,0x80,0x3F,0xFF,0xFF,0x80,0x00,0x00,0x00,0x00,0x00,0x00,0x00,0x00,
    0x00,0x00,0x00,0x00,0x00,0x00,0x00,0x00,0x00,0x00,0x00,0x00,0x00,0x00,0x00,0x00,
    0x00,0x00,0x00,0x00,0x00,0x00,0x00,0x00,0x00,0x00,0x00,0x00,0x00,0x00,0x00,0x00,
    0x00,0x00,0x00,0x00,0x00,0x00,0x00,0x00,0x00,0x00,0x00,0x00,0x00,0x00,0x00,0x00,
    0x00,0x00,0x00,0x00,0x00,0x00,0x00,0x00,0x00,0x00,0x00,0x00,0x00,0x00,0x00,0x00,
    0x00,0x00,0x00,0x00,
};

static const uint8_t kAtlas8GlyphBits30[212] = {
    0x00,0x00,0x00,0x00,0x00,0x00,0x00,0x00,0x00,0x00,0x00,0x00,0x00,0x00,0x00,0x00,
    0x00,0x00,0x00,0x00,0x00,0x00,0x00,0x00,0x00,0x00,0x00,0x00,0x00,0x00,0x00,0x00,
    0x00,0x00,0x00,0x00,0x00,0x00,0x00,0x00,0x00,0x00,0x00,0x00,0x00,0x00,0x00,0x00,
    0x00,0x00,0x00,0x00,0x00,0x00,0x00,0x00,0x00,0x00,0x00,0x00,0x00,0x00,0x00,0x00,
    0x00,0x00,0x00,0x00,0x20,0x00,0x00,0x00,0x3C,0x00,0x00,0x00,0x3F,0x00,0x00,0x00,
    0x3F,0xE0,0x00,0x00,0x1F,0xF8,0x00,0x00,0x03,0xFF,0x00,0x00,0x00,0x7F,0xC0,0x00,
    0x00,0x1F,0xF8,0x00,0x00,0x03,0xFE,0x00,0x00,0x00,0x7F,0x80,0x00,0x00,0x1F,0x80,
    0x00,0x00,0x1F,0x80,0x00,0x00,0x7F,0x80,0x00,0x03,0xFE,0x00,0x00,0x1F,0xF8,0x00,
    0x00,0x7F,0xC0,0x00,0x03,0xFF,0x00,0x00,0x1F,0xF8,0x00,0x00,0x3F,0xE0,0x00,0x00,
    0x3F,0x00,0x00,0x00,0x3C,0x00,0x00,0x00,0x20,0x00,0x00,0x00,0x00,0x00,0x00,0x00,
    0x00,0x00,0x00,0x00,0x00,0x00,0x00,0x00,0x00,0x00,0x00,0x00,0x00,0x00,0x00,0x00,
    0x00,0x00,0x00,0x00,0x00,0x00,0x00,0x00,0x00,0x00,0x00,0x00,0x00,0x00,0x00,0x00,
    0x00,0x00,0x00,0x00,0x00,0x00,0x00,0x00,0x00,0x00,0x00,0x00,0x00,0x00,0x00,0x00,
    0x00,0x00,0x00,0x00,
};

static const uint8_t kAtlas8GlyphBits31[212] = {
    0x00,0x00,0x00,0x00,0x00,0x00,0x00,0x00,0x00,0x00,0x00,0x00,0x00,0x00,0x00,0x00,
    0x00,0x00,0x00,0x00,0x00,0x00,0x00,0x00,0x00,0x00,0x00,0x00,0x00,0x00,0x00,0x00,
    0x00,0x04,0x00,0x00,0x00,0xFF,0xE0,0x00,0x03,0xFF,0xF0,0x00,0x07,0xFF,0xF8,0x00,
    0x07,0xC0,0xFC,0x00,0x07,0x00,0x7C,0x00,0x04,0x00,0x3E,0x00,0x00,0x00,0x3E,0x00,
    0x00,0x00,0x3E,0x00,0x00,0x00,0x3E,0x00,0x00,0x00,0x3C,0x00,0x00,0x00,0x7C,0x00,
    0x00,0x00,0xF8,0x00,0x00,0x01,0xF0,0x00,0x00,0x03,0xE0,0x00,0x00,0x07,0xC0,0x00,
    0x00,0x0F,0x80,0x00,0x00,0x0F,0x00,0x00,0x00,0x1E,0x00,0x00,0x00,0x1E,0x00,0x00,
    0x00,0x1E,0x00,0x00,0x00,0x1E,0x00,0x00,0x00,0x1E,0x00,0x00,0x00,0x00,0x00,0x00,
    0x00,0x00,0x00,0x00,0x00,0x00,0x00,0x00,0x00,0x00,0x00,0x00,0x00,0x04,0x00,0x00,
    0x00,0x1E,0x00,0x00,0x00,0x3F,0x00,0x00,0x00,0x3F,0x00,0x00,0x00,0x3F,0x00,0x00,
    0x00,0x3F,0x00,0x00,0x00,0x1E,0x00,0x00,0x00,0x04,0x00,0x00,0x00,0x00,0x00,0x00,
    0x00,0x00,0x00,0x00,0x00,0x00,0x00,0x00,0x00,0x00,0x00,0x00,0x00,0x00,0x00,0x00,
    0x00,0x00,0x00,0x00,0x00,0x00,0x00,0x00,0x00,0x00,0x00,0x00,0x00,0x00,0x00,0x00,
    0x00,0x00,0x00,0x00,
};

static const uint8_t kAtlas8GlyphBits32[212] = {
    0x00,0x00,0x00,0x00,0x00,0x00,0x00,0x00,0x00,0x00,0x00,0x00,0x00,0x00,0x00,0x00,
    0x00,0x00,0x00,0x00,0x00,0x00,0x00,0x00,0x00,0x00,0x00,0x00,0x00,0x00,0x00,0x00,
    0x00,0x00,0x00,0x00,0x00,0x00,0x00,0x00,0x00,0x00,0x00,0x00,0x00,0x00,0x00,0x00,
    0x00,0x3F,0xF0,0x00,0x00,0xFF,0xFC,0x00,0x01,0xFF,0xFE,0x00,0x03,0xF0,0x1F,0x00,
    0x07,0xC0,0x0F,0x80,0x0F,0x80,0x07,0x80,0x1F,0x00,0x03,0x80,0x1E,0x00,0x03,0xC0,
    0x3C,0x00,0x01,0xC0,0x3C,0x07,0xF9,0xC0,0x38,0x0F,0xFD,0xC0,0x78,0x1F,0xFF,0xC0,
    0x78,0x3E,0x0F,0xC0,0x70,0x3C,0x07,0xC0,0x70,0x38,0x03,0xC0,0x70,0x78,0x03,0xC0,
    0x70,0x78,0x01,0xC0,0x70,0x70,0x01,0xC0,0x70,0x70,0x01,0xC0,0x70,0x78,0x01,0xC0,
    0x70,0x78,0x03,0xC0,0x70,0x38,0x03,0xC0,0x70,0x3C,0x07,0xC0,0x70,0x3E,0x0F,0xC0,
    0x78,0x1F,0xFF,0xC0,0x38,0x0F,0xFD,0xC0,0x3C,0x07,0xF9,0xC0,0x3C,0x00,0x00,0x00,
    0x1E,0x00,0x00,0x00,0x1F,0x00,0x00,0x00,0x0F,0x80,0x00,0x00,0x07,0xC0,0x00,0x00,
    0x03,0xF0,0x00,0x00,0x01,0xFE,0x1C,0x00,0x00,0xFF,0xFE,0x00,0x00,0x3F,0xFE,0x00,
    0x00,0x07,0xF8,0x00,0x00,0x00,0x00,0x00,0x00,0x00,0x00,0x00,0x00,0x00,0x00,0x00,
    0x00,0x00,0x00,0x00,
};

static const uint8_t kAtlas8GlyphBits33[212] = {
    0x00,0x00,0x00,0x00,0x00,0x00,0x00,0x00,0x00,0x00,0x00,0x00,0x00,0x00,0x00,0x00,
    0x00,0x00,0x00,0x00,0x00,0x00,0x00,0x00,0x00,0x00,0x00,0x00,0x00,0x00,0x00,0x00,
    0x00,0x00,0x00,0x00,0x00,0x1F,0x00,0x00,0x00,0x3F,0x80,0x00,0x00,0x3F,0x80,0x00,
    0x00,0x3F,0x80,0x00,0x00,0x7B,0xC0,0x00,0x00,0x7B,0xC0,0x00,0x00,0x7B,0xC0,0x00,
    0x00,0x7B,0xE0,0x00,0x00,0xF1,0xE0,0x00,0x00,0xF1,0xE0,0x00,0x00,0xF1,0xE0,0x00,
    0x01,0xE0,0xF0,0x00,0x01,0xE0,0xF0,0x00,0x01,0xE0,0xF0,0x00,0x03,0xE0,0xF8,0x00,
    0x03,0xC0,0x78,0x00,0x03,0xC0,0x78,0x00,0x03,0xC0,0x7C,0x00,0x07,0xC0,0x3C,0x00,
    0x07,0x80,0x3C,0x00,0x07,0x80,0x3C,0x00,0x0F,0xFF,0xFE,0x00,0x0F,0xFF,0xFE,0x00,
    0x0F,0xFF,0xFE,0x00,0x1F,0x00,0x1F,0x00,0x1E,0x00,0x0F,0x00,0x1E,0x00,0x0F,0x00,
    0x3E,0x00,0x0F,0x80,0x3E,0x00,0x0F,0x80,0x3C,0x00,0x07,0x80,0x3C,0x00,0x07,0xC0,
    0x7C,0x00,0x07,0xC0,0x7C,0x00,0x03,0xC0,0x00,0x00,0x00,0x00,0x00,0x00,0x00,0x00,
    0x00,0x00,0x00,0x00,0x00,0x00,0x00,0x00,0x00,0x00,0x00,0x00,0x00,0x00,0x00,0x00,
    0x00,0x00,0x00,0x00,0x00,0x00,0x00,0x00,0x00,0x00,0x00,0x00,0x00,0x00,0x00,0x00,
    0x00,0x00,0x00,0x00,
};

static const uint8_t kAtlas8GlyphBits34[212] = {
    0x00,0x00,0x00,0x00,0x00,0x00,0x00,0x00,0x00,0x00,0x00,0x00,0x00,0x00,0x00,0x00,
    0x00,0x00,0x00,0x00,0x00,0x00,0x00,0x00,0x00,0x00,0x00,0x00,0x00,0x00,0x00,0x00,
    0x00,0x00,0x00,0x00,0x0F,0xFF,0xC0,0x00,0x0F,0xFF,0xF0,0x00,0x0F,0xFF,0xF8,0x00,
    0x0F,0x01,0xFC,0x00,0x0F,0x00,0x3E,0x00,0x0F,0x00,0x1E,0x00,0x0F,0x00,0x1F,0x00,
    0x0F,0x00,0x1F,0x00,0x0F,0x00,0x1F,0x00,0x0F,0x00,0x1F,0x00,0x0F,0x00,0x1F,0x00,
    0x0F,0x00,0x1E,0x00,0x0F,0x00,0x3E,0x00,0x0F,0x00,0x7C,0x00,0x0F,0xFF,0xF8,0x00,
    0x0F,0xFF,0xE0,0x00,0x0F,0xFF,0xF8,0x00,0x0F,0x01,0xFC,0x00,0x0F,0x00,0x3E,0x00,
    0x0F,0x00,0x1F,0x00,0x0F,0x00,0x0F,0x00,0x0F,0x00,0x0F,0x80,0x0F,0x00,0x0F,0x80,
    0x0F,0x00,0x07,0x80,0x0F,0x00,0x0F,0x80,0x0F,0x00,0x0F,0x80,0x0F,0x00,0x0F,0x80,
    0x0F,0x00,0x0F,0x00,0x0F,0x00,0x3F,0x00,0x0F,0x01,0xFE,0x00,0x0F,0xFF,0xFC,0x00,
    0x0F,0xFF,0xF8,0x00,0x0F,0xFF,0xC0,0x00,0x00,0x00,0x00,0x00,0x00,0x00,0x00,0x00,
    0x00,0x00,0x00,0x00,0x00,0x00,0x00,0x00,0x00,0x00,0x00,0x00,0x00,0x00,0x00,0x00,
    0x00,0x00,0x00,0x00,0x00,0x00,0x00,0x00,0x00,0x00,0x00,0x00,0x00,0x00,0x00,0x00,
    0x00,0x00,0x00,0x00,
};

static const uint8_t kAtlas8GlyphBits35[212] = {
    0x00,0x00,0x00,0x00,0x00,0x00,0x00,0x00,0x00,0x00,0x00,0x00,0x00,0x00,0x00,0x00,
    0x00,0x00,0x00,0x00,0x00,0x00,0x00,0x00,0x00,0x00,0x00,0x00,0x00,0x00,0x00,0x00,
    0x00,0x00,0x80,0x00,0x00,0x1F,0xFC,0x00,0x00,0x7F,0xFF,0x00,0x00,0xFF,0xFF,0x00,
    0x01,0xF8,0x0F,0x00,0x03,0xE0,0x03,0x00,0x03,0xC0,0x01,0x00,0x07,0xC0,0x00,0x00,
    0x07,0x80,0x00,0x00,0x0F,0x80,0x00,0x00,0x0F,0x00,0x00,0x00,0x0F,0x00,0x00,0x00,
    0x1F,0x00,0x00,0x00,0x1F,0x00,0x00,0x00,0x1F,0x00,0x00,0x00,0x1F,0x00,0x00,0x00,
    0x1F,0x00,0x00,0x00,0x1F,0x00,0x00,0x00,0x1F,0x00,0x00,0x00,0x1F,0x00,0x00,0x00,
    0x1F,0x00,0x00,0x00,0x1F,0x00,0x00,0x00,0x1F,0x00,0x00,0x00,0x0F,0x00,0x00,0x00,
    0x0F,0x00,0x00,0x00,0x0F,0x80,0x00,0x00,0x07,0x80,0x00,0x00,0x07,0xC0,0x00,0x00,
    0x07,0xC0,0x01,0x00,0x03,0xE0,0x03,0x00,0x01,0xF8,0x0F,0x00,0x00,0xFF,0xFF,0x00,
    0x00,0x7F,0xFF,0x00,0x00,0x1F,0xFC,0x00,0x00,0x00,0x80,0x00,0x00,0x00,0x00,0x00,
    0x00,0x00,0x00,0x00,0x00,0x00,0x00,0x00,0x00,0x00,0x00,0x00,0x00,0x00,0x00,0x00,
    0x00,0x00,0x00,0x00,0x00,0x00,0x00,0x00,0x00,0x00,0x00,0x00,0x00,0x00,0x00,0x00,
    0x00,0x00,0x00,0x00,
};

static const uint8_t kAtlas8GlyphBits36[212] = {
    0x00,0x00,0x00,0x00,0x00,0x00,0x00,0x00,0x00,0x00,0x00,0x00,0x00,0x00,0x00,0x00,
    0x00,0x00,0x00,0x00,0x00,0x00,0x00,0x00,0x00,0x00,0x00,0x00,0x00,0x00,0x00,0x00,
    0x00,0x00,0x00,0x00,0x1F,0xFC,0x00,0x00,0x1F,0xFF,0x80,0x00,0x1F,0xFF,0xE0,0x00,
    0x1E,0x0F,0xF0,0x00,0x1E,0x01,0xF8,0x00,0x1E,0x00,0x7C,0x00,0x1E,0x00,0x3C,0x00,
    0x1E,0x00,0x3E,0x00,0x1E,0x00,0x1E,0x00,0x1E,0x00,0x1F,0x00,0x1E,0x00,0x1F,0x00,
    0x1E,0x00,0x1F,0x00,0x1E,0x00,0x1F,0x00,0x1E,0x00,0x0F,0x00,0x1E,0x00,0x0F,0x00,
    0x1E,0x00,0x0F,0x00,0x1E,0x00,0x0F,0x00,0x1E,0x00,0x0F,0x00,0x1E,0x00,0x0F,0x00,
    0x1E,0x00,0x0F,0x00,0x1E,0x00,0x1F,0x00,0x1E,0x00,0x1F,0x00,0x1E,0x00,0x1F,0x00,
    0x1E,0x00,0x1F,0x00,0x1E,0x00,0x1E,0x00,0x1E,0x00,0x3E,0x00,0x1E,0x00,0x3C,0x00,
    0x1E,0x00,0x7C,0x00,0x1E,0x01,0xF8,0x00,0x1E,0x0F,0xF0,0x00,0x1F,0xFF,0xE0,0x00,
    0x1F,0xFF,0x80,0x00,0x1F,0xFC,0x00,0x00,0x00,0x00,0x00,0x00,0x00,0x00,0x00,0x00,
    0x00,0x00,0x00,0x00,0x00,0x00,0x00,0x00,0x00,0x00,0x00,0x00,0x00,0x00,0x00,0x00,
    0x00,0x00,0x00,0x00,0x00,0x00,0x00,0x00,0x00,0x00,0x00,0x00,0x00,0x00,0x00,0x00,
    0x00,0x00,0x00,0x00,
};

static const uint8_t kAtlas8GlyphBits37[212] = {
    0x00,0x00,0x00,0x00,0x00,0x00,0x00,0x00,0x00,0x00,0x00,0x00,0x00,0x00,0x00,0x00,
    0x00,0x00,0x00,0x00,0x00,0x00,0x00,0x00,0x00,0x00,0x00,0x00,0x00,0x00,0x00,0x00,
    0x00,0x00,0x00,0x00,0x0F,0xFF,0xFF,0x00,0x0F,0xFF,0xFF,0x00,0x0F,0xFF,0xFF,0x00,
    0x0F,0x80,0x00,0x00,0x0F,0x80,0x00,0x00,0x0F,0x80,0x00,0x00,0x0F,0x80,0x00,0x00,
    0x0F,0x80,0x00,0x00,0x0F,0x80,0x00,0x00,0x0F,0x80,0x00,0x00,0x0F,0x80,0x00,0x00,
    0x0F,0x80,0x00,0x00,0x0F,0x80,0x00,0x00,0x0F,0x80,0x00,0x00,0x0F,0xFF,0xFE,0x00,
    0x0F,0xFF,0xFE,0x00,0x0F,0xFF,0xFE,0x00,0x0F,0x80,0x00,0x00,0x0F,0x80,0x00,0x00,
    0x0F,0x80,0x00,0x00,0x0F,0x80,0x00,0x00,0x0F,0x80,0x00,0x00,0x0F,0x80,0x00,0x00,
    0x0F,0x80,0x00,0x00,0x0F,0x80,0x00,0x00,0x0F,0x80,0x00,0x00,0x0F,0x80,0x00,0x00,
    0x0F,0x80,0x00,0x00,0x0F,0x80,0x00,0x00,0x0F,0x80,0x00,0x00,0x0F,0xFF,0xFF,0x00,
    0x0F,0xFF,0xFF,0x00,0x0F,0xFF,0xFF,0x00,0x00,0x00,0x00,0x00,0x00,0x00,0x00,0x00,
    0x00,0x00,0x00,0x00,0x00,0x00,0x00,0x00,0x00,0x00,0x00,0x00,0x00,0x00,0x00,0x00,
    0x00,0x00,0x00,0x00,0x00,0x00,0x00,0x00,0x00,0x00,0x00,0x00,0x00,0x00,0x00,0x00,
    0x00,0x00,0x00,0x00,
};

static const uint8_t kAtlas8GlyphBits38[212] = {
    0x00,0x00,0x00,0x00,0x00,0x00,0x00,0x00,0x00,0x00,0x00,0x00,0x00,0x00,0x00,0x00,
    0x00,0x00,0x00,0x00,0x00,0x00,0x00,0x00,0x00,0x00,0x00,0x00,0x00,0x00,0x00,0x00,
    0x00,0x00,0x00,0x00,0x07,0xFF,0xFF,0x00,0x07,0xFF,0xFF,0x00,0x07,0xFF,0xFF,0x00,
    0x07,0xC0,0x00,0x00,0x07,0xC0,0x00,0x00,0x07,0xC0,0x00,0x00,0x07,0xC0,0x00,0x00,
    0x07,0xC0,0x00,0x00,0x07,0xC0,0x00,0x00,0x07,0xC0,0x00,0x00,0x07,0xC0,0x00,0x00,
    0x07,0xC0,0x00,0x00,0x07,0xC0,0x00,0x00,0x07,0xC0,0x00,0x00,0x07,0xC0,0x00,0x00,
    0x07,0xFF,0xFE,0x00,0x07,0xFF,0xFE,0x00,0x07,0xFF,0xFE,0x00,0x07,0xC0,0x00,0x00,
    0x07,0xC0,0x00,0x00,0x07,0xC0,0x00,0x00,0x07,0xC0,0x00,0x00,0x07,0xC0,0x00,0x00,
    0x07,0xC0,0x00,0x00,0x07,0xC0,0x00,0x00,0x07,0xC0,0x00,0x00,0x07,0xC0,0x00,0x00,
    0x07,0xC0,0x00,0x00,0x07,0xC0,0x00,0x00,0x07,0xC0,0x00,0x00,0x07,0xC0,0x00,0x00,
    0x07,0xC0,0x00,0x00,0x07,0xC0,0x00,0x00,0x00,0x00,0x00,0x00,0x00,0x00,0x00,0x00,
    0x00,0x00,0x00,0x00,0x00,0x00,0x00,0x00,0x00,0x00,0x00,0x00,0x00,0x00,0x00,0x00,
    0x00,0x00,0x00,0x00,0x00,0x00,0x00,0x00,0x00,0x00,0x00,0x00,0x00,0x00,0x00,0x00,
    0x00,0x00,0x00,0x00,
};

static const uint8_t kAtlas8GlyphBits39[212] = {
    0x00,0x00,0x00,0x00,0x00,0x00,0x00,0x00,0x00,0x00,0x00,0x00,0x00,0x00,0x00,0x00,
    0x00,0x00,0x00,0x00,0x00,0x00,0x00,0x00,0x00,0x00,0x00,0x00,0x00,0x00,0x00,0x00,
    0x00,0x01,0x00,0x00,0x00,0x3F,0xF8,0x00,0x00,0xFF,0xFE,0x00,0x01,0xFF,0xFE,0x00,
    0x03,0xF0,0x1E,0x00,0x07,0xE0,0x06,0x00,0x07,0xC0,0x02,0x00,0x0F,0x80,0x00,0x00,
    0x0F,0x00,0x00,0x00,0x1F,0x00,0x00,0x00,0x1F,0x00,0x00,0x00,0x1E,0x00,0x00,0x00,
    0x1E,0x00,0x00,0x00,0x3E,0x00,0x00,0x00,0x3E,0x00,0x00,0x00,0x3E,0x00,0x00,0x00,
    0x3E,0x00,0x00,0x00,0x3E,0x01,0xFF,0x00,0x3E,0x01,0xFF,0x00,0x3E,0x01,0xFF,0x00,
    0x3E,0x00,0x0F,0x00,0x3E,0x00,0x0F,0x00,0x1E,0x00,0x0F,0x00,0x1E,0x00,0x0F,0x00,
    0x1F,0x00,0x0F,0x00,0x1F,0x00,0x0F,0x00,0x0F,0x00,0x0F,0x00,0x0F,0x80,0x0F,0x00,
    0x07,0xC0,0x0F,0x00,0x07,0xC0,0x0F,0x00,0x03,0xF0,0x1F,0x00,0x01,0xFF,0xFF,0x00,
    0x00,0xFF,0xFE,0x00,0x00,0x3F,0xF8,0x00,0x00,0x01,0x00,0x00,0x00,0x00,0x00,0x00,
    0x00,0x00,0x00,0x00,0x00,0x00,0x00,0x00,0x00,0x00,0x00,0x00,0x00,0x00,0x00,0x00,
    0x00,0x00,0x00,0x00,0x00,0x00,0x00,0x00,0x00,0x00,0x00,0x00,0x00,0x00,0x00,0x00,
    0x00,0x00,0x00,0x00,
};

static const uint8_t kAtlas8GlyphBits40[212] = {
    0x00,0x00,0x00,0x00,0x00,0x00,0x00,0x00,0x00,0x00,0x00,0x00,0x00,0x00,0x00,0x00,
    0x00,0x00,0x00,0x00,0x00,0x00,0x00,0x00,0x00,0x00,0x00,0x00,0x00,0x00,0x00,0x00,
    0x00,0x00,0x00,0x00,0x1E,0x00,0x0F,0x00,0x1E,0x00,0x0F,0x00,0x1E,0x00,0x0F,0x00,
    0x1E,0x00,0x0F,0x00,0x1E,0x00,0x0F,0x00,0x1E,0x00,0x0F,0x00,0x1E,0x00,0x0F,0x00,
    0x1E,0x00,0x0F,0x00,0x1E,0x00,0x0F,0x00,0x1E,0x00,0x0F,0x00,0x1E,0x00,0x0F,0x00,
    0x1E,0x00,0x0F,0x00,0x1E,0x00,0x0F,0x00,0x1E,0x00,0x0F,0x00,0x1F,0xFF,0xFF,0x00,
    0x1F,0xFF,0xFF,0x00,0x1F,0xFF,0xFF,0x00,0x1E,0x00,0x0F,0x00,0x1E,0x00,0x0F,0x00,
    0x1E,0x00,0x0F,0x00,0x1E,0x00,0x0F,0x00,0x1E,0x00,0x0F,0x00,0x1E,0x00,0x0F,0x00,
    0x1E,0x00,0x0F,0x00,0x1E,0x00,0x0F,0x00,0x1E,0x00,0x0F,0x00,0x1E,0x00,0x0F,0x00,
    0x1E,0x00,0x0F,0x00,0x1E,0x00,0x0F,0x00,0x1E,0x00,0x0F,0x00,0x1E,0x00,0x0F,0x00,
    0x1E,0x00,0x0F,0x00,0x1E,0x00,0x0F,0x00,0x00,0x00,0x00,0x00,0x00,0x00,0x00,0x00,
    0x00,0x00,0x00,0x00,0x00,0x00,0x00,0x00,0x00,0x00,0x00,0x00,0x00,0x00,0x00,0x00,
    0x00,0x00,0x00,0x00,0x00,0x00,0x00,0x00,0x00,0x00,0x00,0x00,0x00,0x00,0x00,0x00,
    0x00,0x00,0x00,0x00,
};

static const uint8_t kAtlas8GlyphBits41[212] = {
    0x00,0x00,0x00,0x00,0x00,0x00,0x00,0x00,0x00,0x00,0x00,0x00,0x00,0x00,0x00,0x00,
    0x00,0x00,0x00,0x00,0x00,0x00,0x00,0x00,0x00,0x00,0x00,0x00,0x00,0x00,0x00,0x00,
    0x00,0x00,0x00,0x00,0x0F,0xFF,0xFE,0x00,0x0F,0xFF,0xFE,0x00,0x0F,0xFF,0xFE,0x00,
    0x00,0x1F,0x00,0x00,0x00,0x1F,0x00,0x00,0x00,0x1F,0x00,0x00,0x00,0x1F,0x00,0x00,
    0x00,0x1F,0x00,0x00,0x00,0x1F,0x00,0x00,0x00,0x1F,0x00,0x00,0x00,0x1F,0x00,0x00,
    0x00,0x1F,0x00,0x00,0x00,0x1F,0x00,0x00,0x00,0x1F,0x00,0x00,0x00,0x1F,0x00,0x00,
    0x00,0x1F,0x00,0x00,0x00,0x1F,0x00,0x00,0x00,0x1F,0x00,0x00,0x00,0x1F,0x00,0x00,
    0x00,0x1F,0x00,0x00,0x00,0x1F,0x00,0x00,0x00,0x1F,0x00,0x00,0x00,0x1F,0x00,0x00,
    0x00,0x1F,0x00,0x00,0x00,0x1F,0x00,0x00,0x00,0x1F,0x00,0x00,0x00,0x1F,0x00,0x00,
    0x00,0x1F,0x00,0x00,0x00,0x1F,0x00,0x00,0x00,0x1F,0x00,0x00,0x0F,0xFF,0xFE,0x00,
    0x0F,0xFF,0xFE,0x00,0x0F,0xFF,0xFE,0x00,0x00,0x00,0x00,0x00,0x00,0x00,0x00,0x00,
    0x00,0x00,0x00,0x00,0x00,0x00,0x00,0x00,0x00,0x00,0x00,0x00,0x00,0x00,0x00,0x00,
    0x00,0x00,0x00,0x00,0x00,0x00,0x00,0x00,0x00,0x00,0x00,0x00,0x00,0x00,0x00,0x00,
    0x00,0x00,0x00,0x00,
};

static const uint8_t kAtlas8GlyphBits42[212] = {
    0x00,0x00,0x00,0x00,0x00,0x00,0x00,0x00,0x00,0x00,0x00,0x00,0x00,0x00,0x00,0x00,
    0x00,0x00,0x00,0x00,0x00,0x00,0x00,0x00,0x00,0x00,0x00,0x00,0x00,0x00,0x00,0x00,
    0x00,0x00,0x00,0x00,0x00,0xFF,0xF8,0x00,0x00,0xFF,0xF8,0x00,0x00,0xFF,0xF8,0x00,
    0x00,0x00,0x78,0x00,0x00,0x00,0x78,0x00,0x00,0x00,0x78,0x00,0x00,0x00,0x78,0x00,
    0x00,0x00,0x78,0x00,0x00,0x00,0x78,0x00,0x00,0x00,0x78,0x00,0x00,0x00,0x78,0x00,
    0x00,0x00,0x78,0x00,0x00,0x00,0x78,0x00,0x00,0x00,0x78,0x00,0x00,0x00,0x78,0x00,
    0x00,0x00,0x78,0x00,0x00,0x00,0x78,0x00,0x00,0x00,0x78,0x00,0x00,0x00,0x78,0x00,
    0x00,0x00,0x78,0x00,0x00,0x00,0x78,0x00,0x00,0x00,0x78,0x00,0x00,0x00,0x78,0x00,
    0x00,0x00,0x78,0x00,0x00,0x00,0xF8,0x00,0x00,0x00,0xF8,0x00,0x20,0x00,0xF8,0x00,
    0x30,0x00,0xF0,0x00,0x38,0x01,0xF0,0x00,0x3E,0x03,0xF0,0x00,0x3F,0xFF,0xE0,0x00,
    0x3F,0xFF,0xC0,0x00,0x07,0xFF,0x80,0x00,0x00,0x10,0x00,0x00,0x00,0x00,0x00,0x00,
    0x00,0x00,0x00,0x00,0x00,0x00,0x00,0x00,0x00,0x00,0x00,0x00,0x00,0x00,0x00,0x00,
    0x00,0x00,0x00,0x00,0x00,0x00,0x00,0x00,0x00,0x00,0x00,0x00,0x00,0x00,0x00,0x00,
    0x00,0x00,0x00,0x00,
};

static const uint8_t kAtlas8GlyphBits43[212] = {
    0x00,0x00,0x00,0x00,0x00,0x00,0x00,0x00,0x00,0x00,0x00,0x00,0x00,0x00,0x00,0x00,
    0x00,0x00,0x00,0x00,0x00,0x00,0x00,0x00,0x00,0x00,0x00,0x00,0x00,0x00,0x00,0x00,
    0x00,0x00,0x00,0x00,0x1E,0x00,0x07,0xE0,0x1E,0x00,0x0F,0x80,0x1E,0x00,0x1F,0x00,
    0x1E,0x00,0x3E,0x00,0x1E,0x00,0x7C,0x00,0x1E,0x00,0xF8,0x00,0x1E,0x01,0xF8,0x00,
    0x1E,0x03,0xF0,0x00,0x1E,0x07,0xE0,0x00,0x1E,0x07,0xC0,0x00,0x1E,0x0F,0x80,0x00,
    0x1E,0x1F,0x00,0x00,0x1E,0x3E,0x00,0x00,0x1E,0x7C,0x00,0x00,0x1E,0xFC,0x00,0x00,
    0x1F,0xFE,0x00,0x00,0x1F,0xFF,0x00,0x00,0x1F,0xDF,0x00,0x00,0x1F,0x8F,0x80,0x00,
    0x1F,0x07,0xC0,0x00,0x1E,0x07,0xC0,0x00,0x1E,0x03,0xE0,0x00,0x1E,0x01,0xF0,0x00,
    0x1E,0x01,0xF0,0x00,0x1E,0x00,0xF8,0x00,0x1E,0x00,0x7C,0x00,0x1E,0x00,0x7C,0x00,
    0x1E,0x00,0x3E,0x00,0x1E,0x00,0x1F,0x00,0x1E,0x00,0x1F,0x80,0x1E,0x00,0x0F,0x80,
    0x1E,0x00,0x07,0xC0,0x1E,0x00,0x07,0xE0,0x00,0x00,0x00,0x00,0x00,0x00,0x00,0x00,
    0x00,0x00,0x00,0x00,0x00,0x00,0x00,0x00,0x00,0x00,0x00,0x00,0x00,0x00,0x00,0x00,
    0x00,0x00,0x00,0x00,0x00,0x00,0x00,0x00,0x00,0x00,0x00,0x00,0x00,0x00,0x00,0x00,
    0x00,0x00,0x00,0x00,
};

static const uint8_t kAtlas8GlyphBits44[212] = {
    0x00,0x00,0x00,0x00,0x00,0x00,0x00,0x00,0x00,0x00,0x00,0x00,0x00,0x00,0x00,0x00,
    0x00,0x00,0x00,0x00,0x00,0x00,0x00,0x00,0x00,0x00,0x00,0x00,0x00,0x00,0x00,0x00,
    0x00,0x00,0x00,0x00,0x07,0x80,0x00,0x00,0x07,0x80,0x00,0x00,0x07,0x80,0x00,0x00,
    0x07,0x80,0x00,0x00,0x07,0x80,0x00,0x00,0x07,0x80,0x00,0x00,0x07,0x80,0x00,0x00,
    0x07,0x80,0x00,0x00,0x07,0x80,0x00,0x00,0x07,0x80,0x00,0x00,0x07,0x80,0x00,0x00,
    0x07,0x80,0x00,0x00,0x07,0x80,0x00,0x00,0x07,0x80,0x00,0x00,0x07,0x80,0x00,0x00,
    0x07,0x80,0x00,0x00,0x07,0x80,0x00,0x00,0x07,0x80,0x00,0x00,0x07,0x80,0x00,0x00,
    0x07,0x80,0x00,0x00,0x07,0x80,0x00,0x00,0x07,0x80,0x00,0x00,0x07,0x80,0x00,0x00,
    0x07,0x80,0x00,0x00,0x07,0x80,0x00,0x00,0x07,0x80,0x00,0x00,0x07,0x80,0x00,0x00,
    0x07,0x80,0x00,0x00,0x07,0x80,0x00,0x00,0x07,0x80,0x00,0x00,0x07,0xFF,0xFF,0x80,
    0x07,0xFF,0xFF,0x80,0x07,0xFF,0xFF,0x80,0x00,0x00,0x00,0x00,0x00,0x00,0x00,0x00,
    0x00,0x00,0x00,0x00,0x00,0x00,0x00,0x00,0x00,0x00,0x00,0x00,0x00,0x00,0x00,0x00,
    0x00,0x00,0x00,0x00,0x00,0x00,0x00,0x00,0x00,0x00,0x00,0x00,0x00,0x00,0x00,0x00,
    0x00,0x00,0x00,0x00,
};

static const uint8_t kAtlas8GlyphBits45[212] = {
    0x00,0x00,0x00,0x00,0x00,0x00,0x00,0x00,0x00,0x00,0x00,0x00,0x00,0x00,0x00,0x00,
    0x00,0x00,0x00,0x00,0x00,0x00,0x00,0x00,0x00,0x00,0x00,0x00,0x00,0x00,0x00,0x00,
    0x00,0x00,0x00,0x00,0x3F,0x00,0x1F,0x80,0x3F,0x00,0x1F,0x80,0x3F,0x80,0x3F,0x80,
    0x3F,0x80,0x3F,0x80,0x3F,0x80,0x3F,0x80,0x3F,0xC0,0x7F,0x80,0x3D,0xC0,0x77,0x80,
    0x3D,0xC0,0x77,0x80,0x3D,0xE0,0xF7,0x80,0x3C,0xE0,0xE7,0x80,0x3C,0xE0,0xE7,0x80,
    0x3C,0x71,0xE7,0x80,0x3C,0x71,0xC7,0x80,0x3C,0x71,0xC7,0x80,0x3C,0x3B,0xC7,0x80,
    0x3C,0x3B,0x87,0x80,0x3C,0x3B,0x87,0x80,0x3C,0x1F,0x07,0x80,0x3C,0x1F,0x07,0x80,
    0x3C,0x1F,0x07,0x80,0x3C,0x0E,0x07,0x80,0x3C,0x00,0x07,0x80,0x3C,0x00,0x07,0x80,
    0x3C,0x00,0x07,0x80,0x3C,0x00,0x07,0x80,0x3C,0x00,0x07,0x80,0x3C,0x00,0x07,0x80,
    0x3C,0x00,0x07,0x80,0x3C,0x00,0x07,0x80,0x3C,0x00,0x07,0x80,0x3C,0x00,0x07,0x80,
    0x3C,0x00,0x07,0x80,0x3C,0x00,0x07,0x80,0x00,0x00,0x00,0x00,0x00,0x00,0x00,0x00,
    0x00,0x00,0x00,0x00,0x00,0x00,0x00,0x00,0x00,0x00,0x00,0x00,0x00,0x00,0x00,0x00,
    0x00,0x00,0x00,0x00,0x00,0x00,0x00,0x00,0x00,0x00,0x00,0x00,0x00,0x00,0x00,0x00,
    0x00,0x00,0x00,0x00,
};

static const uint8_t kAtlas8GlyphBits46[212] = {
    0x00,0x00,0x00,0x00,0x00,0x00,0x00,0x00,0x00,0x00,0x00,0x00,0x00,0x00,0x00,0x00,
    0x00,0x00,0x00,0x00,0x00,0x00,0x00,0x00,0x00,0x00,0x00,0x00,0x00,0x00,0x00,0x00,
    0x00,0x00,0x00,0x00,0x1F,0x80,0x0F,0x00,0x1F,0x80,0x0F,0x00,0x1F,0xC0,0x0F,0x00,
    0x1F,0xC0,0x0F,0x00,0x1F,0xE0,0x0F,0x00,0x1F,0xE0,0x0F,0x00,0x1F,0xE0,0x0F,0x00,
    0x1E,0xF0,0x0F,0x00,0x1E,0xF0,0x0F,0x00,0x1E,0x78,0x0F,0x00,0x1E,0x78,0x0F,0x00,
    0x1E,0x38,0x0F,0x00,0x1E,0x3C,0x0F,0x00,0x1E,0x3C,0x0F,0x00,0x1E,0x1E,0x0F,0x00,
    0x1E,0x1E,0x0F,0x00,0x1E,0x0E,0x0F,0x00,0x1E,0x0F,0x0F,0x00,0x1E,0x0F,0x0F,0x00,
    0x1E,0x07,0x8F,0x00,0x1E,0x07,0x8F,0x00,0x1E,0x03,0x8F,0x00,0x1E,0x03,0xCF,0x00,
    0x1E,0x03,0xCF,0x00,0x1E,0x01,0xEF,0x00,0x1E,0x01,0xEF,0x00,0x1E,0x00,0xEF,0x00,
    0x1E,0x00,0xFF,0x00,0x1E,0x00,0x7F,0x00,0x1E,0x00,0x7F,0x00,0x1E,0x00,0x7F,0x00,
    0x1E,0x00,0x3F,0x00,0x1E,0x00,0x3F,0x00,0x00,0x00,0x00,0x00,0x00,0x00,0x00,0x00,
    0x00,0x00,0x00,0x00,0x00,0x00,0x00,0x00,0x00,0x00,0x00,0x00,0x00,0x00,0x00,0x00,
    0x00,0x00,0x00,0x00,0x00,0x00,0x00,0x00,0x00,0x00,0x00,0x00,0x00,0x00,0x00,0x00,
    0x00,0x00,0x00,0x00,
};

static const uint8_t kAtlas8GlyphBits47[212] = {
    0x00,0x00,0x00,0x00,0x00,0x00,0x00,0x00,0x00,0x00,0x00,0x00,0x00,0x00,0x00,0x00,
    0x00,0x00,0x00,0x00,0x00,0x00,0x00,0x00,0x00,0x00,0x00,0x00,0x00,0x00,0x00,0x00,
    0x00,0x04,0x00,0x00,0x00,0x7F,0xC0,0x00,0x01,0xFF,0xF0,0x00,0x03,0xFF,0xF8,0x00,
    0x07,0xE0,0xFC,0x00,0x07,0xC0,0x7C,0x00,0x0F,0x80,0x3E,0x00,0x0F,0x80,0x1E,0x00,
    0x0F,0x00,0x1E,0x00,0x1F,0x00,0x1F,0x00,0x1F,0x00,0x1F,0x00,0x1F,0x00,0x0F,0x00,
    0x1E,0x00,0x0F,0x00,0x1E,0x00,0x0F,0x00,0x1E,0x00,0x0F,0x00,0x1E,0x00,0x0F,0x00,
    0x1E,0x00,0x0F,0x80,0x1E,0x00,0x0F,0x80,0x1E,0x00,0x0F,0x80,0x1E,0x00,0x0F,0x00,
    0x1E,0x00,0x0F,0x00,0x1E,0x00,0x0F,0x00,0x1E,0x00,0x0F,0x00,0x1F,0x00,0x0F,0x00,
    0x1F,0x00,0x1F,0x00,0x1F,0x00,0x1F,0x00,0x0F,0x00,0x1E,0x00,0x0F,0x80,0x1E,0x00,
    0x0F,0x80,0x3E,0x00,0x07,0xC0,0x7C,0x00,0x07,0xE0,0xFC,0x00,0x03,0xFF,0xF8,0x00,
    0x01,0xFF,0xF0,0x00,0x00,0x7F,0xC0,0x00,0x00,0x04,0x00,0x00,0x00,0x00,0x00,0x00,
    0x00,0x00,0x00,0x00,0x00,0x00,0x00,0x00,0x00,0x00,0x00,0x00,0x00,0x00,0x00,0x00,
    0x00,0x00,0x00,0x00,0x00,0x00,0x00,0x00,0x00,0x00,0x00,0x00,0x00,0x00,0x00,0x00,
    0x00,0x00,0x00,0x00,
};

static const uint8_t kAtlas8GlyphBits48[212] = {
    0x00,0x00,0x00,0x00,0x00,0x00,0x00,0x00,0x00,0x00,0x00,0x00,0x00,0x00,0x00,0x00,
    0x00,0x00,0x00,0x00,0x00,0x00,0x00,0x00,0x00,0x00,0x00,0x00,0x00,0x00,0x00,0x00,
    0x00,0x00,0x00,0x00,0x0F,0xFF,0xC0,0x00,0x0F,0xFF,0xF0,0x00,0x0F,0xFF,0xFC,0x00,
    0x0F,0x01,0xFE,0x00,0x0F,0x00,0x7E,0x00,0x0F,0x00,0x1F,0x00,0x0F,0x00,0x1F,0x00,
    0x0F,0x00,0x0F,0x00,0x0F,0x00,0x0F,0x00,0x0F,0x00,0x0F,0x80,0x0F,0x00,0x0F,0x80,
    0x0F,0x00,0x0F,0x00,0x0F,0x00,0x0F,0x00,0x0F,0x00,0x1F,0x00,0x0F,0x00,0x3F,0x00,
    0x0F,0x00,0x7E,0x00,0x0F,0x01,0xFE,0x00,0x0F,0xFF,0xFC,0x00,0x0F,0xFF,0xF0,0x00,
    0x0F,0xFF,0xC0,0x00,0x0F,0x00,0x00,0x00,0x0F,0x00,0x00,0x00,0x0F,0x00,0x00,0x00,
    0x0F,0x00,0x00,0x00,0x0F,0x00,0x00,0x00,0x0F,0x00,0x00,0x00,0x0F,0x00,0x00,0x00,
    0x0F,0x00,0x00,0x00,0x0F,0x00,0x00,0x00,0x0F,0x00,0x00,0x00,0x0F,0x00,0x00,0x00,
    0x0F,0x00,0x00,0x00,0x0F,0x00,0x00,0x00,0x00,0x00,0x00,0x00,0x00,0x00,0x00,0x00,
    0x00,0x00,0x00,0x00,0x00,0x00,0x00,0x00,0x00,0x00,0x00,0x00,0x00,0x00,0x00,0x00,
    0x00,0x00,0x00,0x00,0x00,0x00,0x00,0x00,0x00,0x00,0x00,0x00,0x00,0x00,0x00,0x00,
    0x00,0x00,0x00,0x00,
};

static const uint8_t kAtlas8GlyphBits49[212] = {
    0x00,0x00,0x00,0x00,0x00,0x00,0x00,0x00,0x00,0x00,0x00,0x00,0x00,0x00,0x00,0x00,
    0x00,0x00,0x00,0x00,0x00,0x00,0x00,0x00,0x00,0x00,0x00,0x00,0x00,0x00,0x00,0x00,
    0x00,0x04,0x00,0x00,0x00,0x7F,0xC0,0x00,0x01,0xFF,0xF0,0x00,0x03,0xFF,0xF8,0x00,
    0x07,0xE0,0xFC,0x00,0x07,0xC0,0x7C,0x00,0x0F,0x80,0x3E,0x00,0x0F,0x80,0x1E,0x00,
    0x0F,0x00,0x1E,0x00,0x1F,0x00,0x1F,0x00,0x1F,0x00,0x1F,0x00,0x1F,0x00,0x0F,0x00,
    0x1E,0x00,0x0F,0x00,0x1E,0x00,0x0F,0x00,0x1E,0x00,0x0F,0x00,0x1E,0x00,0x0F,0x00,
    0x1E,0x00,0x0F,0x80,0x1E,0x00,0x0F,0x80,0x1E,0x00,0x0F,0x80,0x1E,0x00,0x0F,0x00,
    0x1E,0x00,0x0F,0x00,0x1E,0x00,0x0F,0x00,0x1E,0x00,0x0F,0x00,0x1F,0x00,0x0F,0x00,
    0x1F,0x00,0x1F,0x00,0x1F,0x00,0x1F,0x00,0x0F,0x00,0x1E,0x00,0x0F,0x80,0x1E,0x00,
    0x0F,0x80,0x3E,0x00,0x07,0xC0,0x7C,0x00,0x03,0xE0,0xFC,0x00,0x03,0xFF,0xF8,0x00,
    0x01,0xFF,0xF0,0x00,0x00,0x7F,0xC0,0x00,0x00,0x03,0xE0,0x00,0x00,0x01,0xF0,0x00,
    0x00,0x00,0xF8,0x00,0x00,0x00,0x7C,0x00,0x00,0x00,0x3E,0x00,0x00,0x00,0x1F,0x00,
    0x00,0x00,0x0F,0xC0,0x00,0x00,0x00,0x00,0x00,0x00,0x00,0x00,0x00,0x00,0x00,0x00,
    0x00,0x00,0x00,0x00,
};

static const uint8_t kAtlas8GlyphBits50[212] = {
    0x00,0x00,0x00,0x00,0x00,0x00,0x00,0x00,0x00,0x00,0x00,0x00,0x00,0x00,0x00,0x00,
    0x00,0x00,0x00,0x00,0x00,0x00,0x00,0x00,0x00,0x00,0x00,0x00,0x00,0x00,0x00,0x00,
    0x00,0x00,0x00,0x00,0x1F,0xFF,0x80,0x00,0x1F,0xFF,0xE0,0x00,0x1F,0xFF,0xF8,0x00,
    0x1F,0x03,0xFC,0x00,0x1F,0x00,0x7C,0x00,0x1F,0x00,0x3E,0x00,0x1F,0x00,0x3E,0x00,
    0x1F,0x00,0x1E,0x00,0x1F,0x00,0x1E,0x00,0x1F,0x00,0x1E,0x00,0x1F,0x00,0x1E,0x00,
    0x1F,0x00,0x1E,0x00,0x1F,0x00,0x3E,0x00,0x1F,0x00,0x3E,0x00,0x1F,0x00,0x7C,0x00,
    0x1F,0x03,0xF8,0x00,0x1F,0xFF,0xF0,0x00,0x1F,0xFF,0x80,0x00,0x1F,0xFF,0xE0,0x00,
    0x1F,0x01,0xF0,0x00,0x1F,0x00,0xF8,0x00,0x1F,0x00,0x78,0x00,0x1F,0x00,0x7C,0x00,
    0x1F,0x00,0x3C,0x00,0x1F,0x00,0x3E,0x00,0x1F,0x00,0x1E,0x00,0x1F,0x00,0x1F,0x00,
    0x1F,0x00,0x0F,0x00,0x1F,0x00,0x0F,0x80,0x1F,0x00,0x07,0x80,0x1F,0x00,0x07,0xC0,
    0x1F,0x00,0x03,0xC0,0x1F,0x00,0x03,0xE0,0x00,0x00,0x00,0x00,0x00,0x00,0x00,0x00,
    0x00,0x00,0x00,0x00,0x00,0x00,0x00,0x00,0x00,0x00,0x00,0x00,0x00,0x00,0x00,0x00,
    0x00,0x00,0x00,0x00,0x00,0x00,0x00,0x00,0x00,0x00,0x00,0x00,0x00,0x00,0x00,0x00,
    0x00,0x00,0x00,0x00,
};

static const uint8_t kAtlas8GlyphBits51[212] = {
    0x00,0x00,0x00,0x00,0x00,0x00,0x00,0x00,0x00,0x00,0x00,0x00,0x00,0x00,0x00,0x00,
    0x00,0x00,0x00,0x00,0x00,0x00,0x00,0x00,0x00,0x00,0x00,0x00,0x00,0x00,0x00,0x00,
    0x00,0x04,0x00,0x00,0x00,0x7F,0xF0,0x00,0x01,0xFF,0xFC,0x00,0x03,0xFF,0xFC,0x00,
    0x07,0xE0,0x3C,0x00,0x0F,0x80,0x0C,0x00,0x0F,0x00,0x02,0x00,0x1F,0x00,0x00,0x00,
    0x1E,0x00,0x00,0x00,0x1E,0x00,0x00,0x00,0x1E,0x00,0x00,0x00,0x1F,0x00,0x00,0x00,
    0x1F,0x00,0x00,0x00,0x0F,0xC0,0x00,0x00,0x0F,0xF8,0x00,0x00,0x07,0xFF,0x80,0x00,
    0x03,0xFF,0xE0,0x00,0x01,0xFF,0xF8,0x00,0x00,0x3F,0xFC,0x00,0x00,0x03,0xFE,0x00,
    0x00,0x00,0x7E,0x00,0x00,0x00,0x1F,0x00,0x00,0x00,0x1F,0x00,0x00,0x00,0x0F,0x00,
    0x00,0x00,0x0F,0x00,0x00,0x00,0x0F,0x00,0x00,0x00,0x0F,0x00,0x00,0x00,0x0F,0x00,
    0x10,0x00,0x1F,0x00,0x1C,0x00,0x3E,0x00,0x1F,0x80,0xFE,0x00,0x1F,0xFF,0xFC,0x00,
    0x1F,0xFF,0xF8,0x00,0x03,0xFF,0xE0,0x00,0x00,0x08,0x00,0x00,0x00,0x00,0x00,0x00,
    0x00,0x00,0x00,0x00,0x00,0x00,0x00,0x00,0x00,0x00,0x00,0x00,0x00,0x00,0x00,0x00,
    0x00,0x00,0x00,0x00,0x00,0x00,0x00,0x00,0x00,0x00,0x00,0x00,0x00,0x00,0x00,0x00,
    0x00,0x00,0x00,0x00,
};

static const uint8_t kAtlas8GlyphBits52[212] = {
    0x00,0x00,0x00,0x00,0x00,0x00,0x00,0x00,0x00,0x00,0x00,0x00,0x00,0x00,0x00,0x00,
    0x00,0x00,0x00,0x00,0x00,0x00,0x00,0x00,0x00,0x00,0x00,0x00,0x00,0x00,0x00,0x00,
    0x00,0x00,0x00,0x00,0x7F,0xFF,0xFF,0xC0,0x7F,0xFF,0xFF,0xC0,0x7F,0xFF,0xFF,0xC0,
    0x00,0x1F,0x00,0x00,0x00,0x1F,0x00,0x00,0x00,0x1F,0x00,0x00,0x00,0x1F,0x00,0x00,
    0x00,0x1F,0x00,0x00,0x00,0x1F,0x00,0x00,0x00,0x1F,0x00,0x00,0x00,0x1F,0x00,0x00,
    0x00,0x1F,0x00,0x00,0x00,0x1F,0x00,0x00,0x00,0x1F,0x00,0x00,0x00,0x1F,0x00,0x00,
    0x00,0x1F,0x00,0x00,0x00,0x1F,0x00,0x00,0x00,0x1F,0x00,0x00,0x00,0x1F,0x00,0x00,
    0x00,0x1F,0x00,0x00,0x00,0x1F,0x00,0x00,0x00,0x1F,0x00,0x00,0x00,0x1F,0x00,0x00,
    0x00,0x1F,0x00,0x00,0x00,0x1F,0x00,0x00,0x00,0x1F,0x00,0x00,0x00,0x1F,0x00,0x00,
    0x00,0x1F,0x00,0x00,0x00,0x1F,0x00,0x00,0x00,0x1F,0x00,0x00,0x00,0x1F,0x00,0x00,
    0x00,0x1F,0x00,0x00,0x00,0x1F,0x00,0x00,0x00,0x00,0x00,0x00,0x00,0x00,0x00,0x00,
    0x00,0x00,0x00,0x00,0x00,0x00,0x00,0x00,0x00,0x00,0x00,0x00,0x00,0x00,0x00,0x00,
    0x00,0x00,0x00,0x00,0x00,0x00,0x00,0x00,0x00,0x00,0x00,0x00,0x00,0x00,0x00,0x00,
    0x00,0x00,0x00,0x00,
};

static const uint8_t kAtlas8GlyphBits53[212] = {
    0x00,0x00,0x00,0x00,0x00,0x00,0x00,0x00,0x00,0x00,0x00,0x00,0x00,0x00,0x00,0x00,
    0x00,0x00,0x00,0x00,0x00,0x00,0x00,0x00,0x00,0x00,0x00,0x00,0x00,0x00,0x00,0x00,
    0x00,0x00,0x00,0x00,0x1F,0x00,0x1F,0x00,0x1F,0x00,0x1F,0x00,0x1F,0x00,0x1F,0x00,
    0x1F,0x00,0x1F,0x00,0x1F,0x00,0x1F,0x00,0x1F,0x00,0x1F,0x00,0x1F,0x00,0x1F,0x00,
    0x1F,0x00,0x1F,0x00,0x1F,0x00,0x1F,0x00,0x1F,0x00,0x1F,0x00,0x1F,0x00,0x1F,0x00,
    0x1F,0x00,0x1F,0x00,0x1F,0x00,0x1F,0x00,0x1F,0x00,0x1F,0x00,0x1F,0x00,0x1F,0x00,
    0x1F,0x00,0x1F,0x00,0x1F,0x00,0x1F,0x00,0x1F,0x00,0x1F,0x00,0x1F,0x00,0x1F,0x00,
    0x1F,0x00,0x1F,0x00,0x1F,0x00,0x1F,0x00,0x1F,0x00,0x1F,0x00,0x1F,0x00,0x1F,0x00,
    0x1F,0x00,0x1F,0x00,0x1F,0x00,0x1F,0x00,0x1F,0x00,0x1F,0x00,0x0F,0x00,0x1E,0x00,
    0x0F,0x00,0x1E,0x00,0x0F,0x80,0x3E,0x00,0x07,0xC0,0x7C,0x00,0x03,0xFF,0xFC,0x00,
    0x01,0xFF,0xF0,0x00,0x00,0x7F,0xE0,0x00,0x00,0x04,0x00,0x00,0x00,0x00,0x00,0x00,
    0x00,0x00,0x00,0x00,0x00,0x00,0x00,0x00,0x00,0x00,0x00,0x00,0x00,0x00,0x00,0x00,
    0x00,0x00,0x00,0x00,0x00,0x00,0x00,0x00,0x00,0x00,0x00,0x00,0x00,0x00,0x00,0x00,
    0x00,0x00,0x00,0x00,
};

static const uint8_t kAtlas8GlyphBits54[212] = {
    0x00,0x00,0x00,0x00,0x00,0x00,0x00,0x00,0x00,0x00,0x00,0x00,0x00,0x00,0x00,0x00,
    0x00,0x00,0x00,0x00,0x00,0x00,0x00,0x00,0x00,0x00,0x00,0x00,0x00,0x00,0x00,0x00,
    0x00,0x00,0x00,0x00,0x7C,0x00,0x07,0xC0,0x3C,0x00,0x07,0x80,0x3E,0x00,0x07,0x80,
    0x3E,0x00,0x0F,0x80,0x1E,0x00,0x0F,0x80,0x1E,0x00,0x0F,0x00,0x1F,0x00,0x0F,0x00,
    0x1F,0x00,0x1F,0x00,0x0F,0x00,0x1E,0x00,0x0F,0x00,0x1E,0x00,0x0F,0x80,0x3E,0x00,
    0x07,0x80,0x3C,0x00,0x07,0x80,0x3C,0x00,0x07,0x80,0x3C,0x00,0x07,0xC0,0x7C,0x00,
    0x03,0xC0,0x78,0x00,0x03,0xC0,0x78,0x00,0x03,0xC0,0x78,0x00,0x01,0xE0,0xF0,0x00,
    0x01,0xE0,0xF0,0x00,0x01,0xE0,0xF0,0x00,0x00,0xE0,0xF0,0x00,0x00,0xF1,0xE0,0x00,
    0x00,0xF1,0xE0,0x00,0x00,0xF1,0xE0,0x00,0x00,0x79,0xC0,0x00,0x00,0x7B,0xC0,0x00,
    0x00,0x7B,0xC0,0x00,0x00,0x3B,0xC0,0x00,0x00,0x3F,0x80,0x00,0x00,0x3F,0x80,0x00,
    0x00,0x3F,0x80,0x00,0x00,0x1F,0x00,0x00,0x00,0x00,0x00,0x00,0x00,0x00,0x00,0x00,
    0x00,0x00,0x00,0x00,0x00,0x00,0x00,0x00,0x00,0x00,0x00,0x00,0x00,0x00,0x00,0x00,
    0x00,0x00,0x00,0x00,0x00,0x00,0x00,0x00,0x00,0x00,0x00,0x00,0x00,0x00,0x00,0x00,
    0x00,0x00,0x00,0x00,
};

static const uint8_t kAtlas8GlyphBits55[212] = {
    0x00,0x00,0x00,0x00,0x00,0x00,0x00,0x00,0x00,0x00,0x00,0x00,0x00,0x00,0x00,0x00,
    0x00,0x00,0x00,0x00,0x00,0x00,0x00,0x00,0x00,0x00,0x00,0x00,0x00,0x00,0x00,0x00,
    0x00,0x00,0x00,0x00,0xF0,0x00,0x01,0xE0,0xF8,0x00,0x01,0xE0,0xF8,0x00,0x03,0xE0,
    0x78,0x00,0x03,0xE0,0x78,0x00,0x03,0xC0,0x78,0x00,0x03,0xC0,0x78,0x00,0x03,0xC0,
    0x78,0x00,0x03,0xC0,0x78,0x00,0x03,0xC0,0x78,0x1F,0x03,0xC0,0x3C,0x1F,0x03,0xC0,
    0x3C,0x1F,0x07,0x80,0x3C,0x3F,0x87,0x80,0x3C,0x3F,0x87,0x80,0x3C,0x3B,0x87,0x80,
    0x3C,0x3B,0x87,0x80,0x3C,0x3B,0x87,0x80,0x1C,0x7B,0xC7,0x00,0x1C,0x71,0xC7,0x00,
    0x1E,0x71,0xCF,0x00,0x1E,0x71,0xCF,0x00,0x1E,0x71,0xCF,0x00,0x1E,0xF0,0xEF,0x00,
    0x1E,0xE0,0xEF,0x00,0x0E,0xE0,0xEE,0x00,0x0E,0xE0,0xEE,0x00,0x0E,0xE0,0xFE,0x00,
    0x0F,0xC0,0x7E,0x00,0x0F,0xC0,0x7E,0x00,0x0F,0xC0,0x7E,0x00,0x07,0xC0,0x7E,0x00,
    0x07,0x80,0x3C,0x00,0x07,0x80,0x3C,0x00,0x00,0x00,0x00,0x00,0x00,0x00,0x00,0x00,
    0x00,0x00,0x00,0x00,0x00,0x00,0x00,0x00,0x00,0x00,0x00,0x00,0x00,0x00,0x00,0x00,
    0x00,0x00,0x00,0x00,0x00,0x00,0x00,0x00,0x00,0x00,0x00,0x00,0x00,0x00,0x00,0x00,
    0x00,0x00,0x00,0x00,
};

static const uint8_t kAtlas8GlyphBits56[212] = {
    0x00,0x00,0x00,0x00,0x00,0x00,0x00,0x00,0x00,0x00,0x00,0x00,0x00,0x00,0x00,0x00,
    0x00,0x00,0x00,0x00,0x00,0x00,0x00,0x00,0x00,0x00,0x00,0x00,0x00,0x00,0x00,0x00,
    0x00,0x00,0x00,0x00,0x3E,0x00,0x07,0xC0,0x1F,0x00,0x0F,0x80,0x1F,0x00,0x0F,0x00,
    0x0F,0x80,0x1F,0x00,0x07,0x80,0x1E,0x00,0x07,0xC0,0x3E,0x00,0x03,0xC0,0x7C,0x00,
    0x03,0xE0,0x78,0x00,0x01,0xE0,0xF8,0x00,0x00,0xF0,0xF0,0x00,0x00,0xF9,0xE0,0x00,
    0x00,0x79,0xE0,0x00,0x00,0x3F,0xC0,0x00,0x00,0x3F,0xC0,0x00,0x00,0x1F,0x80,0x00,
    0x00,0x1F,0x00,0x00,0x00,0x1F,0x80,0x00,0x00,0x3F,0x80,0x00,0x00,0x3F,0xC0,0x00,
    0x00,0x7F,0xC0,0x00,0x00,0xF9,0xE0,0x00,0x00,0xF1,0xF0,0x00,0x01,0xF0,0xF0,0x00,
    0x03,0xE0,0xF8,0x00,0x03,0xC0,0x78,0x00,0x07,0xC0,0x3C,0x00,0x0F,0x80,0x3E,0x00,
    0x0F,0x80,0x1E,0x00,0x1F,0x00,0x1F,0x00,0x1E,0x00,0x0F,0x80,0x3E,0x00,0x0F,0x80,
    0x7C,0x00,0x07,0xC0,0xF8,0x00,0x03,0xE0,0x00,0x00,0x00,0x00,0x00,0x00,0x00,0x00,
    0x00,0x00,0x00,0x00,0x00,0x00,0x00,0x00,0x00,0x00,0x00,0x00,0x00,0x00,0x00,0x00,
    0x00,0x00,0x00,0x00,0x00,0x00,0x00,0x00,0x00,0x00,0x00,0x00,0x00,0x00,0x00,0x00,
    0x00,0x00,0x00,0x00,
};

static const uint8_t kAtlas8GlyphBits57[212] = {
    0x00,0x00,0x00,0x00,0x00,0x00,0x00,0x00,0x00,0x00,0x00,0x00,0x00,0x00,0x00,0x00,
    0x00,0x00,0x00,0x00,0x00,0x00,0x00,0x00,0x00,0x00,0x00,0x00,0x00,0x00,0x00,0x00,
    0x00,0x00,0x00,0x00,0x7C,0x00,0x07,0xC0,0x3C,0x00,0x07,0x80,0x3E,0x00,0x0F,0x80,
    0x1E,0x00,0x0F,0x00,0x1F,0x00,0x1F,0x00,0x0F,0x80,0x1E,0x00,0x07,0x80,0x3E,0x00,
    0x07,0xC0,0x7C,0x00,0x03,0xC0,0x78,0x00,0x03,0xE0,0xF8,0x00,0x01,0xE0,0xF0,0x00,
    0x01,0xF1,0xF0,0x00,0x00,0xF1,0xE0,0x00,0x00,0x7B,0xE0,0x00,0x00,0x7B,0xC0,0x00,
    0x00,0x3F,0x80,0x00,0x00,0x3F,0x80,0x00,0x00,0x1F,0x00,0x00,0x00,0x1F,0x00,0x00,
    0x00,0x1F,0x00,0x00,0x00,0x1F,0x00,0x00,0x00,0x1F,0x00,0x00,0x00,0x1F,0x00,0x00,
    0x00,0x1F,0x00,0x00,0x00,0x1F,0x00,0x00,0x00,0x1F,0x00,0x00,0x00,0x1F,0x00,0x00,
    0x00,0x1F,0x00,0x00,0x00,0x1F,0x00,0x00,0x00,0x1F,0x00,0x00,0x00,0x1F,0x00,0x00,
    0x00,0x1F,0x00,0x00,0x00,0x1F,0x00,0x00,0x00,0x00,0x00,0x00,0x00,0x00,0x00,0x00,
    0x00,0x00,0x00,0x00,0x00,0x00,0x00,0x00,0x00,0x00,0x00,0x00,0x00,0x00,0x00,0x00,
    0x00,0x00,0x00,0x00,0x00,0x00,0x00,0x00,0x00,0x00,0x00,0x00,0x00,0x00,0x00,0x00,
    0x00,0x00,0x00,0x00,
};

static const uint8_t kAtlas8GlyphBits58[212] = {
    0x00,0x00,0x00,0x00,0x00,0x00,0x00,0x00,0x00,0x00,0x00,0x00,0x00,0x00,0x00,0x00,
    0x00,0x00,0x00,0x00,0x00,0x00,0x00,0x00,0x00,0x00,0x00,0x00,0x00,0x00,0x00,0x00,
    0x00,0x00,0x00,0x00,0x1F,0xFF,0xFF,0x00,0x1F,0xFF,0xFF,0x00,0x1F,0xFF,0xFF,0x00,
    0x00,0x00,0x1F,0x00,0x00,0x00,0x3E,0x00,0x00,0x00,0x3E,0x00,0x00,0x00,0x7C,0x00,
    0x00,0x00,0x78,0x00,0x00,0x00,0xF8,0x00,0x00,0x01,0xF0,0x00,0x00,0x01,0xE0,0x00,
    0x00,0x03,0xE0,0x00,0x00,0x07,0xC0,0x00,0x00,0x07,0x80,0x00,0x00,0x0F,0x80,0x00,
    0x00,0x1F,0x00,0x00,0x00,0x1F,0x00,0x00,0x00,0x3E,0x00,0x00,0x00,0x3C,0x00,0x00,
    0x00,0x7C,0x00,0x00,0x00,0xF8,0x00,0x00,0x00,0xF0,0x00,0x00,0x01,0xF0,0x00,0x00,
    0x03,0xE0,0x00,0x00,0x03,0xC0,0x00,0x00,0x07,0xC0,0x00,0x00,0x07,0x80,0x00,0x00,
    0x0F,0x00,0x00,0x00,0x1F,0x00,0x00,0x00,0x1E,0x00,0x00,0x00,0x3F,0xFF,0xFF,0x80,
    0x3F,0xFF,0xFF,0x80,0x3F,0xFF,0xFF,0x80,0x00,0x00,0x00,0x00,0x00,0x00,0x00,0x00,
    0x00,0x00,0x00,0x00,0x00,0x00,0x00,0x00,0x00,0x00,0x00,0x00,0x00,0x00,0x00,0x00,
    0x00,0x00,0x00,0x00,0x00,0x00,0x00,0x00,0x00,0x00,0x00,0x00,0x00,0x00,0x00,0x00,
    0x00,0x00,0x00,0x00,
};

static const uint8_t kAtlas8GlyphBits59[212] = {
    0x00,0x00,0x00,0x00,0x00,0x00,0x00,0x00,0x00,0x00,0x00,0x00,0x00,0x00,0x00,0x00,
    0x00,0x00,0x00,0x00,0x00,0x00,0x00,0x00,0x00,0x00,0x00,0x00,0x01,0xFF,0xF8,0x00,
    0x01,0xFF,0xF8,0x00,0x01,0xFF,0xF8,0x00,0x01,0xE0,0x00,0x00,0x01,0xE0,0x00,0x00,
    0x01,0xE0,0x00,0x00,0x01,0xE0,0x00,0x00,0x01,0xE0,0x00,0x00,0x01,0xE0,0x00,0x00,
    0x01,0xE0,0x00,0x00,0x01,0xE0,0x00,0x00,0x01,0xE0,0x00,0x00,0x01,0xE0,0x00,0x00,
    0x01,0xE0,0x00,0x00,0x01,0xE0,0x00,0x00,0x01,0xE0,0x00,0x00,0x01,0xE0,0x00,0x00,
    0x01,0xE0,0x00,0x00,0x01,0xE0,0x00,0x00,0x01,0xE0,0x00,0x00,0x01,0xE0,0x00,0x00,
    0x01,0xE0,0x00,0x00,0x01,0xE0,0x00,0x00,0x01,0xE0,0x00,0x00,0x01,0xE0,0x00,0x00,
    0x01,0xE0,0x00,0x00,0x01,0xE0,0x00,0x00,0x01,0xE0,0x00,0x00,0x01,0xE0,0x00,0x00,
    0x01,0xE0,0x00,0x00,0x01,0xE0,0x00,0x00,0x01,0xE0,0x00,0x00,0x01,0xE0,0x00,0x00,
    0x01,0xE0,0x00,0x00,0x01,0xE0,0x00,0x00,0x01,0xE0,0x00,0x00,0x01,0xE0,0x00,0x00,
    0x01,0xE0,0x00,0x00,0x01,0xFF,0xF8,0x00,0x01,0xFF,0xF8,0x00,0x01,0xFF,0xF8,0x00,
    0x00,0x00,0x00,0x00,0x00,0x00,0x00,0x00,0x00,0x00,0x00,0x00,0x00,0x00,0x00,0x00,
    0x00,0x00,0x00,0x00,
};

static const uint8_t kAtlas8GlyphBits60[212] = {
    0x00,0x00,0x00,0x00,0x00,0x00,0x00,0x00,0x00,0x00,0x00,0x00,0x00,0x00,0x00,0x00,
    0x00,0x00,0x00,0x00,0x00,0x00,0x00,0x00,0x00,0x00,0x00,0x00,0x00,0x00,0x00,0x00,
    0x00,0x00,0x00,0x00,0x1E,0x00,0x00,0x00,0x0F,0x00,0x00,0x00,0x0F,0x00,0x00,0x00,
    0x0F,0x80,0x00,0x00,0x07,0x80,0x00,0x00,0x07,0xC0,0x00,0x00,0x03,0xC0,0x00,0x00,
    0x03,0xE0,0x00,0x00,0x01,0xE0,0x00,0x00,0x01,0xF0,0x00,0x00,0x00,0xF0,0x00,0x00,
    0x00,0xF0,0x00,0x00,0x00,0x78,0x00,0x00,0x00,0x78,0x00,0x00,0x00,0x3C,0x00,0x00,
    0x00,0x3C,0x00,0x00,0x00,0x1E,0x00,0x00,0x00,0x1E,0x00,0x00,0x00,0x0F,0x00,0x00,
    0x00,0x0F,0x00,0x00,0x00,0x07,0x80,0x00,0x00,0x07,0x80,0x00,0x00,0x07,0xC0,0x00,
    0x00,0x03,0xC0,0x00,0x00,0x03,0xE0,0x00,0x00,0x01,0xE0,0x00,0x00,0x01,0xF0,0x00,
    0x00,0x00,0xF0,0x00,0x00,0x00,0xF8,0x00,0x00,0x00,0x78,0x00,0x00,0x00,0x78,0x00,
    0x00,0x00,0x3C,0x00,0x00,0x00,0x3C,0x00,0x00,0x00,0x1E,0x00,0x00,0x00,0x1E,0x00,
    0x00,0x00,0x0F,0x00,0x00,0x00,0x00,0x00,0x00,0x00,0x00,0x00,0x00,0x00,0x00,0x00,
    0x00,0x00,0x00,0x00,0x00,0x00,0x00,0x00,0x00,0x00,0x00,0x00,0x00,0x00,0x00,0x00,
    0x00,0x00,0x00,0x00,
};

static const uint8_t kAtlas8GlyphBits61[212] = {
    0x00,0x00,0x00,0x00,0x00,0x00,0x00,0x00,0x00,0x00,0x00,0x00,0x00,0x00,0x00,0x00,
    0x00,0x00,0x00,0x00,0x00,0x00,0x00,0x00,0x00,0x00,0x00,0x00,0x03,0xFF,0xF0,0x00,
    0x03,0xFF,0xF0,0x00,0x03,0xFF,0xF0,0x00,0x00,0x00,0xF0,0x00,0x00,0x00,0xF0,0x00,
    0x00,0x00,0xF0,0x00,0x00,0x00,0xF0,0x00,0x00,0x00,0xF0,0x00,0x00,0x00,0xF0,0x00,
    0x00,0x00,0xF0,0x00,0x00,0x00,0xF0,0x00,0x00,0x00,0xF0,0x00,0x00,0x00,0xF0,0x00,
    0x00,0x00,0xF0,0x00,0x00,0x00,0xF0,0x00,0x00,0x00,0xF0,0x00,0x00,0x00,0xF0,0x00,
    0x00,0x00,0xF0,0x00,0x00,0x00,0xF0,0x00,0x00,0x00,0xF0,0x00,0x00,0x00,0xF0,0x00,
    0x00,0x00,0xF0,0x00,0x00,0x00,0xF0,0x00,0x00,0x00,0xF0,0x00,0x00,0x00,0xF0,0x00,
    0x00,0x00,0xF0,0x00,0x00,0x00,0xF0,0x00,0x00,0x00,0xF0,0x00,0x00,0x00,0xF0,0x00,
    0x00,0x00,0xF0,0x00,0x00,0x00,0xF0,0x00,0x00,0x00,0xF0,0x00,0x00,0x00,0xF0,0x00,
    0x00,0x00,0xF0,0x00,0x00,0x00,0xF0,0x00,0x00,0x00,0xF0,0x00,0x00,0x00,0xF0,0x00,
    0x00,0x00,0xF0,0x00,0x03,0xFF,0xF0,0x00,0x03,0xFF,0xF0,0x00,0x03,0xFF,0xF0,0x00,
    0x00,0x00,0x00,0x00,0x00,0x00,0x00,0x00,0x00,0x00,0x00,0x00,0x00,0x00,0x00,0x00,
    0x00,0x00,0x00,0x00,
};

static const uint8_t kAtlas8GlyphBits62[212] = {
    0x00,0x00,0x00,0x00,0x00,0x00,0x00,0x00,0x00,0x00,0x00,0x00,0x00,0x00,0x00,0x00,
    0x00,0x00,0x00,0x00,0x00,0x00,0x00,0x00,0x00,0x00,0x00,0x00,0x00,0x00,0x00,0x00,
    0x00,0x00,0x00,0x00,0x00,0x00,0x00,0x00,0x00,0x1F,0x00,0x00,0x00,0x3F,0x80,0x00,
    0x00,0x3F,0xC0,0x00,0x00,0x7F,0xC0,0x00,0x00,0xFB,0xE0,0x00,0x01,0xF1,0xF0,0x00,
    0x03,0xE0,0xF8,0x00,0x07,0xC0,0x7C,0x00,0x07,0x80,0x3E,0x00,0x0F,0x00,0x1E,0x00,
    0x1E,0x00,0x0F,0x00,0x3C,0x00,0x07,0xC0,0x00,0x00,0x00,0x00,0x00,0x00,0x00,0x00,
    0x00,0x00,0x00,0x00,0x00,0x00,0x00,0x00,0x00,0x00,0x00,0x00,0x00,0x00,0x00,0x00,
    0x00,0x00,0x00,0x00,0x00,0x00,0x00,0x00,0x00,0x00,0x00,0x00,0x00,0x00,0x00,0x00,
    0x00,0x00,0x00,0x00,0x00,0x00,0x00,0x00,0x00,0x00,0x00,0x00,0x00,0x00,0x00,0x00,
    0x00,0x00,0x00,0x00,0x00,0x00,0x00,0x00,0x00,0x00,0x00,0x00,0x00,0x00,0x00,0x00,
    0x00,0x00,0x00,0x00,0x00,0x00,0x00,0x00,0x00,0x00,0x00,0x00,0x00,0x00,0x00,0x00,
    0x00,0x00,0x00,0x00,0x00,0x00,0x00,0x00,0x00,0x00,0x00,0x00,0x00,0x00,0x00,0x00,
    0x00,0x00,0x00,0x00,0x00,0x00,0x00,0x00,0x00,0x00,0x00,0x00,0x00,0x00,0x00,0x00,
    0x00,0x00,0x00,0x00,
};

static const uint8_t kAtlas8GlyphBits63[212] = {
    0x00,0x00,0x00,0x00,0x00,0x00,0x00,0x00,0x00,0x00,0x00,0x00,0x00,0x00,0x00,0x00,
    0x00,0x00,0x00,0x00,0x00,0x00,0x00,0x00,0x00,0x00,0x00,0x00,0x00,0x00,0x00,0x00,
    0x00,0x00,0x00,0x00,0x00,0x00,0x00,0x00,0x00,0x00,0x00,0x00,0x00,0x00,0x00,0x00,
    0x00,0x00,0x00,0x00,0x00,0x00,0x00,0x00,0x00,0x00,0x00,0x00,0x00,0x00,0x00,0x00,
    0x00,0x00,0x00,0x00,0x00,0x00,0x00,0x00,0x00,0x00,0x00,0x00,0x00,0x00,0x00,0x00,
    0x00,0x00,0x00,0x00,0x00,0x00,0x00,0x00,0x00,0x00,0x00,0x00,0x00,0x00,0x00,0x00,
    0x00,0x00,0x00,0x00,0x00,0x00,0x00,0x00,0x00,0x00,0x00,0x00,0x00,0x00,0x00,0x00,
    0x00,0x00,0x00,0x00,0x00,0x00,0x00,0x00,0x00,0x00,0x00,0x00,0x00,0x00,0x00,0x00,
    0x00,0x00,0x00,0x00,0x00,0x00,0x00,0x00,0x00,0x00,0x00,0x00,0x00,0x00,0x00,0x00,
    0x00,0x00,0x00,0x00,0x00,0x00,0x00,0x00,0x00,0x00,0x00,0x00,0x00,0x00,0x00,0x00,
    0x00,0x00,0x00,0x00,0x00,0x00,0x00,0x00,0x00,0x00,0x00,0x00,0x00,0x00,0x00,0x00,
    0x00,0x00,0x00,0x00,0x00,0x00,0x00,0x00,0x3F,0xFF,0xFF,0x80,0x3F,0xFF,0xFF,0x80,
    0x3F,0xFF,0xFF,0x80,0x00,0x00,0x00,0x00,0x00,0x00,0x00,0x00,0x00,0x00,0x00,0x00,
    0x00,0x00,0x00,0x00,
};

static const uint8_t kAtlas8GlyphBits64[212] = {
    0x00,0x00,0x00,0x00,0x00,0x00,0x00,0x00,0x00,0x00,0x00,0x00,0x00,0x00,0x00,0x00,
    0x00,0x00,0x00,0x00,0x00,0x00,0x00,0x00,0x03,0xE0,0x00,0x00,0x01,0xF0,0x00,0x00,
    0x00,0xF0,0x00,0x00,0x00,0x78,0x00,0x00,0x00,0x3C,0x00,0x00,0x00,0x1E,0x00,0x00,
    0x00,0x0E,0x00,0x00,0x00,0x07,0x80,0x00,0x00,0x00,0x00,0x00,0x00,0x00,0x00,0x00,
    0x00,0x00,0x00,0x00,0x00,0x00,0x00,0x00,0x00,0x00,0x00,0x00,0x00,0x00,0x00,0x00,
    0x00,0x00,0x00,0x00,0x00,0x00,0x00,0x00,0x00,0x00,0x00,0x00,0x00,0x00,0x00,0x00,
    0x00,0x00,0x00,0x00,0x00,0x00,0x00,0x00,0x00,0x00,0x00,0x00,0x00,0x00,0x00,0x00,
    0x00,0x00,0x00,0x00,0x00,0x00,0x00,0x00,0x00,0x00,0x00,0x00,0x00,0x00,0x00,0x00,
    0x00,0x00,0x00,0x00,0x00,0x00,0x00,0x00,0x00,0x00,0x00,0x00,0x00,0x00,0x00,0x00,
    0x00,0x00,0x00,0x00,0x00,0x00,0x00,0x00,0x00,0x00,0x00,0x00,0x00,0x00,0x00,0x00,
    0x00,0x00,0x00,0x00,0x00,0x00,0x00,0x00,0x00,0x00,0x00,0x00,0x00,0x00,0x00,0x00,
    0x00,0x00,0x00,0x00,0x00,0x00,0x00,0x00,0x00,0x00,0x00,0x00,0x00,0x00,0x00,0x00,
    0x00,0x00,0x00,0x00,0x00,0x00,0x00,0x00,0x00,0x00,0x00,0x00,0x00,0x00,0x00,0x00,
    0x00,0x00,0x00,0x00,
};

static const uint8_t kAtlas8GlyphBits65[212] = {
    0x00,0x00,0x00,0x00,0x00,0x00,0x00,0x00,0x00,0x00,0x00,0x00,0x00,0x00,0x00,0x00,
    0x00,0x00,0x00,0x00,0x00,0x00,0x00,0x00,0x00,0x00,0x00,0x00,0x00,0x00,0x00,0x00,
    0x00,0x00,0x00,0x00,0x00,0x00,0x00,0x00,0x00,0x00,0x00,0x00,0x00,0x00,0x00,0x00,
    0x00,0x00,0x00,0x00,0x00,0x00,0x00,0x00,0x00,0x00,0x00,0x00,0x00,0x00,0x00,0x00,
    0x00,0x00,0x00,0x00,0x00,0x04,0x00,0x00,0x01,0xFF,0xE0,0x00,0x07,0xFF,0xF0,0x00,
    0x07,0xFF,0xF8,0x00,0x07,0x80,0x7C,0x00,0x04,0x00,0x3E,0x00,0x00,0x00,0x1E,0x00,
    0x00,0x00,0x1E,0x00,0x00,0x00,0x1E,0x00,0x00,0x00,0x1E,0x00,0x00,0xFF,0xFE,0x00,
    0x03,0xFF,0xFE,0x00,0x07,0xFF,0xFE,0x00,0x0F,0xC0,0x1E,0x00,0x0F,0x00,0x1E,0x00,
    0x1F,0x00,0x1E,0x00,0x1E,0x00,0x1E,0x00,0x1E,0x00,0x1E,0x00,0x1E,0x00,0x3E,0x00,
    0x1E,0x00,0x3E,0x00,0x1F,0x00,0x7F,0x00,0x0F,0x81,0xEF,0x00,0x0F,0xFF,0xEF,0x00,
    0x07,0xFF,0xCF,0x00,0x01,0xFF,0x0F,0x80,0x00,0x10,0x00,0x00,0x00,0x00,0x00,0x00,
    0x00,0x00,0x00,0x00,0x00,0x00,0x00,0x00,0x00,0x00,0x00,0x00,0x00,0x00,0x00,0x00,
    0x00,0x00,0x00,0x00,0x00,0x00,0x00,0x00,0x00,0x00,0x00,0x00,0x00,0x00,0x00,0x00,
    0x00,0x00,0x00,0x00,
};

static const uint8_t kAtlas8GlyphBits66[212] = {
    0x00,0x00,0x00,0x00,0x00,0x00,0x00,0x00,0x00,0x00,0x00,0x00,0x00,0x00,0x00,0x00,
    0x00,0x00,0x00,0x00,0x00,0x00,0x00,0x00,0x00,0x00,0x00,0x00,0x00,0x00,0x00,0x00,
    0x0F,0x00,0x00,0x00,0x0F,0x00,0x00,0x00,0x0F,0x00,0x00,0x00,0x0F,0x00,0x00,0x00,
    0x0F,0x00,0x00,0x00,0x0F,0x00,0x00,0x00,0x0F,0x00,0x00,0x00,0x0F,0x00,0x00,0x00,
    0x0F,0x00,0x00,0x00,0x0F,0x01,0x00,0x00,0x0F,0x1F,0xE0,0x00,0x0F,0x3F,0xF8,0x00,
    0x0F,0x7F,0xFC,0x00,0x0F,0xF0,0x7C,0x00,0x0F,0xC0,0x3E,0x00,0x0F,0xC0,0x1E,0x00,
    0x0F,0x80,0x1F,0x00,0x0F,0x80,0x0F,0x00,0x0F,0x80,0x0F,0x00,0x0F,0x00,0x0F,0x00,
    0x0F,0x00,0x0F,0x00,0x0F,0x00,0x0F,0x00,0x0F,0x00,0x0F,0x00,0x0F,0x00,0x0F,0x00,
    0x0F,0x00,0x0F,0x00,0x0F,0x80,0x0F,0x00,0x0F,0x80,0x0F,0x00,0x0F,0x80,0x1F,0x00,
    0x0F,0xC0,0x1E,0x00,0x0F,0xC0,0x3E,0x00,0x0F,0xF0,0x7C,0x00,0x0F,0x7F,0xFC,0x00,
    0x0F,0x3F,0xF8,0x00,0x0F,0x1F,0xE0,0x00,0x00,0x01,0x00,0x00,0x00,0x00,0x00,0x00,
    0x00,0x00,0x00,0x00,0x00,0x00,0x00,0x00,0x00,0x00,0x00,0x00,0x00,0x00,0x00,0x00,
    0x00,0x00,0x00,0x00,0x00,0x00,0x00,0x00,0x00,0x00,0x00,0x00,0x00,0x00,0x00,0x00,
    0x00,0x00,0x00,0x00,
};

static const uint8_t kAtlas8GlyphBits67[212] = {
    0x00,0x00,0x00,0x00,0x00,0x00,0x00,0x00,0x00,0x00,0x00,0x00,0x00,0x00,0x00,0x00,
    0x00,0x00,0x00,0x00,0x00,0x00,0x00,0x00,0x00,0x00,0x00,0x00,0x00,0x00,0x00,0x00,
    0x00,0x00,0x00,0x00,0x00,0x00,0x00,0x00,0x00,0x00,0x00,0x00,0x00,0x00,0x00,0x00,
    0x00,0x00,0x00,0x00,0x00,0x00,0x00,0x00,0x00,0x00,0x00,0x00,0x00,0x00,0x00,0x00,
    0x00,0x00,0x00,0x00,0x00,0x01,0x00,0x00,0x00,0x3F,0xF8,0x00,0x00,0xFF,0xFE,0x00,
    0x01,0xFF,0xFE,0x00,0x03,0xF0,0x1E,0x00,0x03,0xE0,0x06,0x00,0x07,0xC0,0x02,0x00,
    0x07,0x80,0x00,0x00,0x0F,0x80,0x00,0x00,0x0F,0x00,0x00,0x00,0x0F,0x00,0x00,0x00,
    0x0F,0x00,0x00,0x00,0x0F,0x00,0x00,0x00,0x0F,0x00,0x00,0x00,0x0F,0x00,0x00,0x00,
    0x0F,0x00,0x00,0x00,0x0F,0x00,0x00,0x00,0x0F,0x80,0x00,0x00,0x07,0x80,0x00,0x00,
    0x07,0xC0,0x00,0x00,0x03,0xE0,0x06,0x00,0x03,0xF0,0x1E,0x00,0x01,0xFF,0xFE,0x00,
    0x00,0xFF,0xFE,0x00,0x00,0x3F,0xF8,0x00,0x00,0x01,0x00,0x00,0x00,0x00,0x00,0x00,
    0x00,0x00,0x00,0x00,0x00,0x00,0x00,0x00,0x00,0x00,0x00,0x00,0x00,0x00,0x00,0x00,
    0x00,0x00,0x00,0x00,0x00,0x00,0x00,0x00,0x00,0x00,0x00,0x00,0x00,0x00,0x00,0x00,
    0x00,0x00,0x00,0x00,
};

static const uint8_t kAtlas8GlyphBits68[212] = {
    0x00,0x00,0x00,0x00,0x00,0x00,0x00,0x00,0x00,0x00,0x00,0x00,0x00,0x00,0x00,0x00,
    0x00,0x00,0x00,0x00,0x00,0x00,0x00,0x00,0x00,0x00,0x00,0x00,0x00,0x00,0x00,0x00,
    0x00,0x00,0x1E,0x00,0x00,0x00,0x1E,0x00,0x00,0x00,0x1E,0x00,0x00,0x00,0x1E,0x00,
    0x00,0x00,0x1E,0x00,0x00,0x00,0x1E,0x00,0x00,0x00,0x1E,0x00,0x00,0x00,0x1E,0x00,
    0x00,0x00,0x1E,0x00,0x00,0x08,0x1E,0x00,0x00,0xFF,0x1E,0x00,0x01,0xFF,0x9E,0x00,
    0x03,0xFF,0xDE,0x00,0x07,0xC0,0xFE,0x00,0x0F,0x80,0x7E,0x00,0x0F,0x00,0x3E,0x00,
    0x1F,0x00,0x3E,0x00,0x1E,0x00,0x3E,0x00,0x1E,0x00,0x1E,0x00,0x1E,0x00,0x1E,0x00,
    0x1E,0x00,0x1E,0x00,0x1E,0x00,0x1E,0x00,0x1E,0x00,0x1E,0x00,0x1E,0x00,0x1E,0x00,
    0x1E,0x00,0x1E,0x00,0x1E,0x00,0x1E,0x00,0x1E,0x00,0x3E,0x00,0x1F,0x00,0x3E,0x00,
    0x0F,0x00,0x3E,0x00,0x0F,0x80,0x7E,0x00,0x07,0xC0,0xFE,0x00,0x07,0xFF,0xDE,0x00,
    0x03,0xFF,0xDE,0x00,0x00,0xFF,0x1E,0x00,0x00,0x08,0x00,0x00,0x00,0x00,0x00,0x00,
    0x00,0x00,0x00,0x00,0x00,0x00,0x00,0x00,0x00,0x00,0x00,0x00,0x00,0x00,0x00,0x00,
    0x00,0x00,0x00,0x00,0x00,0x00,0x00,0x00,0x00,0x00,0x00,0x00,0x00,0x00,0x00,0x00,
    0x00,0x00,0x00,0x00,
};

static const uint8_t kAtlas8GlyphBits69[212] = {
    0x00,0x00,0x00,0x00,0x00,0x00,0x00,0x00,0x00,0x00,0x00,0x00,0x00,0x00,0x00,0x00,
    0x00,0x00,0x00,0x00,0x00,0x00,0x00,0x00,0x00,0x00,0x00,0x00,0x00,0x00,0x00,0x00,
    0x00,0x00,0x00,0x00,0x00,0x00,0x00,0x00,0x00,0x00,0x00,0x00,0x00,0x00,0x00,0x00,
    0x00,0x00,0x00,0x00,0x00,0x00,0x00,0x00,0x00,0x00,0x00,0x00,0x00,0x00,0x00,0x00,
    0x00,0x00,0x00,0x00,0x00,0x02,0x00,0x00,0x00,0x7F,0xE0,0x00,0x01,0xFF,0xF8,0x00,
    0x03,0xFF,0xFC,0x00,0x07,0xE0,0x7C,0x00,0x07,0xC0,0x1E,0x00,0x0F,0x80,0x1F,0x00,
    0x0F,0x00,0x0F,0x00,0x1F,0x00,0x0F,0x00,0x1E,0x00,0x0F,0x00,0x1E,0x00,0x0F,0x00,
    0x1F,0xFF,0xFF,0x00,0x1F,0xFF,0xFF,0x00,0x1F,0xFF,0xFF,0x00,0x1E,0x00,0x00,0x00,
    0x1E,0x00,0x00,0x00,0x1E,0x00,0x00,0x00,0x1E,0x00,0x00,0x00,0x0F,0x00,0x00,0x00,
    0x0F,0x80,0x00,0x00,0x07,0xC0,0x03,0x00,0x07,0xE0,0x1F,0x00,0x03,0xFF,0xFF,0x00,
    0x00,0xFF,0xFF,0x00,0x00,0x7F,0xF8,0x00,0x00,0x02,0x00,0x00,0x00,0x00,0x00,0x00,
    0x00,0x00,0x00,0x00,0x00,0x00,0x00,0x00,0x00,0x00,0x00,0x00,0x00,0x00,0x00,0x00,
    0x00,0x00,0x00,0x00,0x00,0x00,0x00,0x00,0x00,0x00,0x00,0x00,0x00,0x00,0x00,0x00,
    0x00,0x00,0x00,0x00,
};

static const uint8_t kAtlas8GlyphBits70[212] = {
    0x00,0x00,0x00,0x00,0x00,0x00,0x00,0x00,0x00,0x00,0x00,0x00,0x00,0x00,0x00,0x00,
    0x00,0x00,0x00,0x00,0x00,0x00,0x00,0x00,0x00,0x00,0x00,0x00,0x00,0x00,0x00,0x00,
    0x00,0x03,0xFE,0x00,0x00,0x07,0xFE,0x00,0x00,0x0F,0xFE,0x00,0x00,0x1F,0x80,0x00,
    0x00,0x1E,0x00,0x00,0x00,0x3E,0x00,0x00,0x00,0x3C,0x00,0x00,0x00,0x3C,0x00,0x00,
    0x00,0x3C,0x00,0x00,0x00,0x3C,0x00,0x00,0x0F,0xFF,0xFE,0x00,0x0F,0xFF,0xFE,0x00,
    0x0F,0xFF,0xFE,0x00,0x00,0x3C,0x00,0x00,0x00,0x3C,0x00,0x00,0x00,0x3C,0x00,0x00,
    0x00,0x3C,0x00,0x00,0x00,0x3C,0x00,0x00,0x00,0x3C,0x00,0x00,0x00,0x3C,0x00,0x00,
    0x00,0x3C,0x00,0x00,0x00,0x3C,0x00,0x00,0x00,0x3C,0x00,0x00,0x00,0x3C,0x00,0x00,
    0x00,0x3C,0x00,0x00,0x00,0x3C,0x00,0x00,0x00,0x3C,0x00,0x00,0x00,0x3C,0x00,0x00,
    0x00,0x3C,0x00,0x00,0x00,0x3C,0x00,0x00,0x00,0x3C,0x00,0x00,0x00,0x3C,0x00,0x00,
    0x00,0x3C,0x00,0x00,0x00,0x3C,0x00,0x00,0x00,0x00,0x00,0x00,0x00,0x00,0x00,0x00,
    0x00,0x00,0x00,0x00,0x00,0x00,0x00,0x00,0x00,0x00,0x00,0x00,0x00,0x00,0x00,0x00,
    0x00,0x00,0x00,0x00,0x00,0x00,0x00,0x00,0x00,0x00,0x00,0x00,0x00,0x00,0x00,0x00,
    0x00,0x00,0x00,0x00,
};

static const uint8_t kAtlas8GlyphBits71[212] = {
    0x00,0x00,0x00,0x00,0x00,0x00,0x00,0x00,0x00,0x00,0x00,0x00,0x00,0x00,0x00,0x00,
    0x00,0x00,0x00,0x00,0x00,0x00,0x00,0x00,0x00,0x00,0x00,0x00,0x00,0x00,0x00,0x00,
    0x00,0x00,0x00,0x00,0x00,0x00,0x00,0x00,0x00,0x00,0x00,0x00,0x00,0x00,0x00,0x00,
    0x00,0x00,0x00,0x00,0x00,0x00,0x00,0x00,0x00,0x00,0x00,0x00,0x00,0x00,0x00,0x00,
    0x00,0x00,0x00,0x00,0x00,0x08,0x00,0x00,0x00,0x7F,0x8F,0x00,0x01,0xFF,0xCF,0x00,
    0x03,0xFF,0xEF,0x00,0x07,0xE0,0xFF,0x00,0x07,0xC0,0x3F,0x00,0x0F,0x80,0x3F,0x00,
    0x0F,0x00,0x1F,0x00,0x0F,0x00,0x1F,0x00,0x0F,0x00,0x1F,0x00,0x1F,0x00,0x1F,0x00,
    0x1F,0x00,0x1F,0x00,0x1F,0x00,0x1F,0x00,0x1F,0x00,0x1F,0x00,0x1F,0x00,0x1F,0x00,
    0x0F,0x00,0x1F,0x00,0x0F,0x00,0x1F,0x00,0x0F,0x00,0x1F,0x00,0x0F,0x80,0x3F,0x00,
    0x07,0x80,0x3F,0x00,0x07,0xC0,0x7F,0x00,0x03,0xF9,0xFF,0x00,0x01,0xFF,0xFF,0x00,
    0x00,0xFF,0xDF,0x00,0x00,0x3F,0x1E,0x00,0x00,0x00,0x1E,0x00,0x00,0x00,0x1E,0x00,
    0x00,0x00,0x1E,0x00,0x00,0x00,0x3E,0x00,0x03,0x00,0x7C,0x00,0x03,0xF1,0xF8,0x00,
    0x03,0xFF,0xF8,0x00,0x03,0xFF,0xE0,0x00,0x00,0x7F,0x80,0x00,0x00,0x00,0x00,0x00,
    0x00,0x00,0x00,0x00,
};

static const uint8_t kAtlas8GlyphBits72[212] = {
    0x00,0x00,0x00,0x00,0x00,0x00,0x00,0x00,0x00,0x00,0x00,0x00,0x00,0x00,0x00,0x00,
    0x00,0x00,0x00,0x00,0x00,0x00,0x00,0x00,0x00,0x00,0x00,0x00,0x00,0x00,0x00,0x00,
    0x0F,0x00,0x00,0x00,0x0F,0x00,0x00,0x00,0x0F,0x00,0x00,0x00,0x0F,0x00,0x00,0x00,
    0x0F,0x00,0x00,0x00,0x0F,0x00,0x00,0x00,0x0F,0x00,0x00,0x00,0x0F,0x00,0x00,0x00,
    0x0F,0x00,0x00,0x00,0x0F,0x01,0x00,0x00,0x0F,0x1F,0xF0,0x00,0x0F,0x3F,0xF8,0x00,
    0x0F,0x7F,0xFC,0x00,0x0F,0x60,0x7C,0x00,0x0F,0xC0,0x3E,0x00,0x0F,0x80,0x3E,0x00,
    0x0F,0x80,0x1E,0x00,0x0F,0x80,0x1E,0x00,0x0F,0x00,0x1E,0x00,0x0F,0x00,0x1E,0x00,
    0x0F,0x00,0x1E,0x00,0x0F,0x00,0x1E,0x00,0x0F,0x00,0x1E,0x00,0x0F,0x00,0x1E,0x00,
    0x0F,0x00,0x1E,0x00,0x0F,0x00,0x1E,0x00,0x0F,0x00,0x1E,0x00,0x0F,0x00,0x1E,0x00,
    0x0F,0x00,0x1E,0x00,0x0F,0x00,0x1E,0x00,0x0F,0x00,0x1E,0x00,0x0F,0x00,0x1E,0x00,
    0x0F,0x00,0x1E,0x00,0x0F,0x00,0x1E,0x00,0x00,0x00,0x00,0x00,0x00,0x00,0x00,0x00,
    0x00,0x00,0x00,0x00,0x00,0x00,0x00,0x00,0x00,0x00,0x00,0x00,0x00,0x00,0x00,0x00,
    0x00,0x00,0x00,0x00,0x00,0x00,0x00,0x00,0x00,0x00,0x00,0x00,0x00,0x00,0x00,0x00,
    0x00,0x00,0x00,0x00,
};

static const uint8_t kAtlas8GlyphBits73[212] = {
    0x00,0x00,0x00,0x00,0x00,0x00,0x00,0x00,0x00,0x00,0x00,0x00,0x00,0x00,0x00,0x00,
    0x00,0x00,0x00,0x00,0x00,0x00,0x00,0x00,0x00,0x00,0x00,0x00,0x00,0x00,0x00,0x00,
    0x00,0x1E,0x00,0x00,0x00,0x1E,0x00,0x00,0x00,0x1E,0x00,0x00,0x00,0x1E,0x00,0x00,
    0x00,0x1E,0x00,0x00,0x00,0x00,0x00,0x00,0x00,0x00,0x00,0x00,0x00,0x00,0x00,0x00,
    0x00,0x00,0x00,0x00,0x00,0x00,0x00,0x00,0x03,0xFE,0x00,0x00,0x03,0xFE,0x00,0x00,
    0x03,0xFE,0x00,0x00,0x00,0x1E,0x00,0x00,0x00,0x1E,0x00,0x00,0x00,0x1E,0x00,0x00,
    0x00,0x1E,0x00,0x00,0x00,0x1E,0x00,0x00,0x00,0x1E,0x00,0x00,0x00,0x1E,0x00,0x00,
    0x00,0x1E,0x00,0x00,0x00,0x1E,0x00,0x00,0x00,0x1E,0x00,0x00,0x00,0x1E,0x00,0x00,
    0x00,0x1E,0x00,0x00,0x00,0x1E,0x00,0x00,0x00,0x1E,0x00,0x00,0x00,0x1F,0x00,0x00,
    0x00,0x0F,0x00,0x00,0x00,0x0F,0x80,0x00,0x00,0x0F,0xC0,0x00,0x00,0x07,0xFF,0x00,
    0x00,0x03,0xFF,0x00,0x00,0x00,0xFF,0x00,0x00,0x00,0x00,0x00,0x00,0x00,0x00,0x00,
    0x00,0x00,0x00,0x00,0x00,0x00,0x00,0x00,0x00,0x00,0x00,0x00,0x00,0x00,0x00,0x00,
    0x00,0x00,0x00,0x00,0x00,0x00,0x00,0x00,0x00,0x00,0x00,0x00,0x00,0x00,0x00,0x00,
    0x00,0x00,0x00,0x00,
};

static const uint8_t kAtlas8GlyphBits74[212] = {
    0x00,0x00,0x00,0x00,0x00,0x00,0x00,0x00,0x00,0x00,0x00,0x00,0x00,0x00,0x00,0x00,
    0x00,0x00,0x00,0x00,0x00,0x00,0x00,0x00,0x00,0x00,0x00,0x00,0x00,0x00,0x00,0x00,
    0x00,0x03,0xC0,0x00,0x00,0x03,0xC0,0x00,0x00,0x03,0xC0,0x00,0x00,0x03,0xC0,0x00,
    0x00,0x03,0xC0,0x00,0x00,0x00,0x00,0x00,0x00,0x00,0x00,0x00,0x00,0x00,0x00,0x00,
    0x00,0x00,0x00,0x00,0x00,0x00,0x00,0x00,0x01,0xFF,0xC0,0x00,0x01,0xFF,0xC0,0x00,
    0x01,0xFF,0xC0,0x00,0x00,0x03,0xC0,0x00,0x00,0x03,0xC0,0x00,0x00,0x03,0xC0,0x00,
    0x00,0x03,0xC0,0x00,0x00,0x03,0xC0,0x00,0x00,0x03,0xC0,0x00,0x00,0x03,0xC0,0x00,
    0x00,0x03,0xC0,0x00,0x00,0x03,0xC0,0x00,0x00,0x03,0xC0,0x00,0x00,0x03,0xC0,0x00,
    0x00,0x03,0xC0,0x00,0x00,0x03,0xC0,0x00,0x00,0x03,0xC0,0x00,0x00,0x03,0xC0,0x00,
    0x00,0x03,0xC0,0x00,0x00,0x03,0xC0,0x00,0x00,0x03,0xC0,0x00,0x00,0x03,0xC0,0x00,
    0x00,0x03,0xC0,0x00,0x00,0x03,0xC0,0x00,0x00,0x03,0xC0,0x00,0x00,0x03,0xC0,0x00,
    0x00,0x03,0xC0,0x00,0x00,0x03,0xC0,0x00,0x00,0x07,0xC0,0x00,0x00,0x1F,0x80,0x00,
    0x07,0xFF,0x80,0x00,0x07,0xFF,0x00,0x00,0x07,0xFC,0x00,0x00,0x00,0x00,0x00,0x00,
    0x00,0x00,0x00,0x00,
};

static const uint8_t kAtlas8GlyphBits75[212] = {
    0x00,0x00,0x00,0x00,0x00,0x00,0x00,0x00,0x00,0x00,0x00,0x00,0x00,0x00,0x00,0x00,
    0x00,0x00,0x00,0x00,0x00,0x00,0x00,0x00,0x00,0x00,0x00,0x00,0x00,0x00,0x00,0x00,
    0x07,0x80,0x00,0x00,0x07,0x80,0x00,0x00,0x07,0x80,0x00,0x00,0x07,0x80,0x00,0x00,
    0x07,0x80,0x00,0x00,0x07,0x80,0x00,0x00,0x07,0x80,0x00,0x00,0x07,0x80,0x00,0x00,
    0x07,0x80,0x00,0x00,0x07,0x80,0x00,0x00,0x07,0x80,0x1F,0x80,0x07,0x80,0x3E,0x00,
    0x07,0x80,0x7C,0x00,0x07,0x80,0xF8,0x00,0x07,0x81,0xF0,0x00,0x07,0x83,0xE0,0x00,
    0x07,0x87,0xC0,0x00,0x07,0x8F,0x80,0x00,0x07,0x9F,0x00,0x00,0x07,0xBE,0x00,0x00,
    0x07,0xFF,0x00,0x00,0x07,0xFF,0x80,0x00,0x07,0xE7,0x80,0x00,0x07,0xC7,0xC0,0x00,
    0x07,0x83,0xE0,0x00,0x07,0x81,0xF0,0x00,0x07,0x80,0xF0,0x00,0x07,0x80,0xF8,0x00,
    0x07,0x80,0x7C,0x00,0x07,0x80,0x3E,0x00,0x07,0x80,0x1F,0x00,0x07,0x80,0x1F,0x00,
    0x07,0x80,0x0F,0x80,0x07,0x80,0x07,0xC0,0x00,0x00,0x00,0x00,0x00,0x00,0x00,0x00,
    0x00,0x00,0x00,0x00,0x00,0x00,0x00,0x00,0x00,0x00,0x00,0x00,0x00,0x00,0x00,0x00,
    0x00,0x00,0x00,0x00,0x00,0x00,0x00,0x00,0x00,0x00,0x00,0x00,0x00,0x00,0x00,0x00,
    0x00,0x00,0x00,0x00,
};

static const uint8_t kAtlas8GlyphBits76[212] = {
    0x00,0x00,0x00,0x00,0x00,0x00,0x00,0x00,0x00,0x00,0x00,0x00,0x00,0x00,0x00,0x00,
    0x00,0x00,0x00,0x00,0x00,0x00,0x00,0x00,0x00,0x00,0x00,0x00,0x00,0x00,0x00,0x00,
    0x0F,0xFC,0x00,0x00,0x0F,0xFC,0x00,0x00,0x0F,0xFC,0x00,0x00,0x00,0x3C,0x00,0x00,
    0x00,0x3C,0x00,0x00,0x00,0x3C,0x00,0x00,0x00,0x3C,0x00,0x00,0x00,0x3C,0x00,0x00,
    0x00,0x3C,0x00,0x00,0x00,0x3C,0x00,0x00,0x00,0x3C,0x00,0x00,0x00,0x3C,0x00,0x00,
    0x00,0x3C,0x00,0x00,0x00,0x3C,0x00,0x00,0x00,0x3C,0x00,0x00,0x00,0x3C,0x00,0x00,
    0x00,0x3C,0x00,0x00,0x00,0x3C,0x00,0x00,0x00,0x3C,0x00,0x00,0x00,0x3C,0x00,0x00,
    0x00,0x3C,0x00,0x00,0x00,0x3C,0x00,0x00,0x00,0x3C,0x00,0x00,0x00,0x3C,0x00,0x00,
    0x00,0x3C,0x00,0x00,0x00,0x3C,0x00,0x00,0x00,0x3E,0x00,0x00,0x00,0x1E,0x00,0x00,
    0x00,0x1E,0x00,0x00,0x00,0x1F,0x00,0x00,0x00,0x0F,0x80,0x00,0x00,0x0F,0xFE,0x00,
    0x00,0x07,0xFE,0x00,0x00,0x01,0xFE,0x00,0x00,0x00,0x00,0x00,0x00,0x00,0x00,0x00,
    0x00,0x00,0x00,0x00,0x00,0x00,0x00,0x00,0x00,0x00,0x00,0x00,0x00,0x00,0x00,0x00,
    0x00,0x00,0x00,0x00,0x00,0x00,0x00,0x00,0x00,0x00,0x00,0x00,0x00,0x00,0x00,0x00,
    0x00,0x00,0x00,0x00,
};

static const uint8_t kAtlas8GlyphBits77[212] = {
    0x00,0x00,0x00,0x00,0x00,0x00,0x00,0x00,0x00,0x00,0x00,0x00,0x00,0x00,0x00,0x00,
    0x00,0x00,0x00,0x00,0x00,0x00,0x00,0x00,0x00,0x00,0x00,0x00,0x00,0x00,0x00,0x00,
    0x00,0x00,0x00,0x00,0x00,0x00,0x00,0x00,0x00,0x00,0x00,0x00,0x00,0x00,0x00,0x00,
    0x00,0x00,0x00,0x00,0x00,0x00,0x00,0x00,0x00,0x00,0x00,0x00,0x00,0x00,0x00,0x00,
    0x00,0x00,0x00,0x00,0x00,0x20,0x10,0x00,0x3D,0xF8,0xFE,0x00,0x3D,0xFC,0xFF,0x00,
    0x3F,0xFF,0xFF,0x00,0x3E,0x1F,0x8F,0x00,0x3E,0x1F,0x07,0x80,0x3C,0x0F,0x07,0x80,
    0x3C,0x0F,0x07,0x80,0x3C,0x0F,0x07,0x80,0x3C,0x0F,0x07,0x80,0x3C,0x0E,0x07,0x80,
    0x3C,0x0E,0x07,0x80,0x3C,0x0E,0x07,0x80,0x3C,0x0E,0x07,0x80,0x3C,0x0E,0x07,0x80,
    0x3C,0x0E,0x07,0x80,0x3C,0x0E,0x07,0x80,0x3C,0x0E,0x07,0x80,0x3C,0x0E,0x07,0x80,
    0x3C,0x0E,0x07,0x80,0x3C,0x0E,0x07,0x80,0x3C,0x0E,0x07,0x80,0x3C,0x0E,0x07,0x80,
    0x3C,0x0E,0x07,0x80,0x3C,0x0E,0x07,0x80,0x00,0x00,0x00,0x00,0x00,0x00,0x00,0x00,
    0x00,0x00,0x00,0x00,0x00,0x00,0x00,0x00,0x00,0x00,0x00,0x00,0x00,0x00,0x00,0x00,
    0x00,0x00,0x00,0x00,0x00,0x00,0x00,0x00,0x00,0x00,0x00,0x00,0x00,0x00,0x00,0x00,
    0x00,0x00,0x00,0x00,
};

static const uint8_t kAtlas8GlyphBits78[212] = {
    0x00,0x00,0x00,0x00,0x00,0x00,0x00,0x00,0x00,0x00,0x00,0x00,0x00,0x00,0x00,0x00,
    0x00,0x00,0x00,0x00,0x00,0x00,0x00,0x00,0x00,0x00,0x00,0x00,0x00,0x00,0x00,0x00,
    0x00,0x00,0x00,0x00,0x00,0x00,0x00,0x00,0x00,0x00,0x00,0x00,0x00,0x00,0x00,0x00,
    0x00,0x00,0x00,0x00,0x00,0x00,0x00,0x00,0x00,0x00,0x00,0x00,0x00,0x00,0x00,0x00,
    0x00,0x00,0x00,0x00,0x00,0x01,0x00,0x00,0x0F,0x1F,0xF0,0x00,0x0F,0x3F,0xF8,0x00,
    0x0F,0x7F,0xFC,0x00,0x0F,0x70,0x7C,0x00,0x0F,0xC0,0x3C,0x00,0x0F,0x80,0x3E,0x00,
    0x0F,0x80,0x1E,0x00,0x0F,0x80,0x1E,0x00,0x0F,0x00,0x1E,0x00,0x0F,0x00,0x1E,0x00,
    0x0F,0x00,0x1E,0x00,0x0F,0x00,0x1E,0x00,0x0F,0x00,0x1E,0x00,0x0F,0x00,0x1E,0x00,
    0x0F,0x00,0x1E,0x00,0x0F,0x00,0x1E,0x00,0x0F,0x00,0x1E,0x00,0x0F,0x00,0x1E,0x00,
    0x0F,0x00,0x1E,0x00,0x0F,0x00,0x1E,0x00,0x0F,0x00,0x1E,0x00,0x0F,0x00,0x1E,0x00,
    0x0F,0x00,0x1E,0x00,0x0F,0x00,0x1E,0x00,0x00,0x00,0x00,0x00,0x00,0x00,0x00,0x00,
    0x00,0x00,0x00,0x00,0x00,0x00,0x00,0x00,0x00,0x00,0x00,0x00,0x00,0x00,0x00,0x00,
    0x00,0x00,0x00,0x00,0x00,0x00,0x00,0x00,0x00,0x00,0x00,0x00,0x00,0x00,0x00,0x00,
    0x00,0x00,0x00,0x00,
};

static const uint8_t kAtlas8GlyphBits79[212] = {
    0x00,0x00,0x00,0x00,0x00,0x00,0x00,0x00,0x00,0x00,0x00,0x00,0x00,0x00,0x00,0x00,
    0x00,0x00,0x00,0x00,0x00,0x00,0x00,0x00,0x00,0x00,0x00,0x00,0x00,0x00,0x00,0x00,
    0x00,0x00,0x00,0x00,0x00,0x00,0x00,0x00,0x00,0x00,0x00,0x00,0x00,0x00,0x00,0x00,
    0x00,0x00,0x00,0x00,0x00,0x00,0x00,0x00,0x00,0x00,0x00,0x00,0x00,0x00,0x00,0x00,
    0x00,0x00,0x00,0x00,0x00,0x04,0x00,0x00,0x00,0x7F,0xE0,0x00,0x01,0xFF,0xF0,0x00,
    0x03,0xFF,0xF8,0x00,0x07,0xE0,0xFC,0x00,0x07,0xC0,0x3E,0x00,0x0F,0x80,0x3E,0x00,
    0x0F,0x00,0x1E,0x00,0x1F,0x00,0x1F,0x00,0x1F,0x00,0x1F,0x00,0x1E,0x00,0x0F,0x00,
    0x1E,0x00,0x0F,0x00,0x1E,0x00,0x0F,0x00,0x1E,0x00,0x0F,0x00,0x1E,0x00,0x0F,0x00,
    0x1E,0x00,0x0F,0x00,0x1F,0x00,0x1F,0x00,0x1F,0x00,0x1F,0x00,0x0F,0x00,0x1E,0x00,
    0x0F,0x80,0x3E,0x00,0x07,0xC0,0x3E,0x00,0x07,0xE0,0xFC,0x00,0x03,0xFF,0xF8,0x00,
    0x01,0xFF,0xF0,0x00,0x00,0x7F,0xE0,0x00,0x00,0x04,0x00,0x00,0x00,0x00,0x00,0x00,
    0x00,0x00,0x00,0x00,0x00,0x00,0x00,0x00,0x00,0x00,0x00,0x00,0x00,0x00,0x00,0x00,
    0x00,0x00,0x00,0x00,0x00,0x00,0x00,0x00,0x00,0x00,0x00,0x00,0x00,0x00,0x00,0x00,
    0x00,0x00,0x00,0x00,
};

static const uint8_t kAtlas8GlyphBits80[212] = {
    0x00,0x00,0x00,0x00,0x00,0x00,0x00,0x00,0x00,0x00,0x00,0x00,0x00,0x00,0x00,0x00,
    0x00,0x00,0x00,0x00,0x00,0x00,0x00,0x00,0x00,0x00,0x00,0x00,0x00,0x00,0x00,0x00,
    0x00,0x00,0x00,0x00,0x00,0x00,0x00,0x00,0x00,0x00,0x00,0x00,0x00,0x00,0x00,0x00,
    0x00,0x00,0x00,0x00,0x00,0x00,0x00,0x00,0x00,0x00,0x00,0x00,0x00,0x00,0x00,0x00,
    0x00,0x00,0x00,0x00,0x00,0x02,0x00,0x00,0x0F,0x1F,0xE0,0x00,0x0F,0x3F,0xF8,0x00,
    0x0F,0x7F,0xFC,0x00,0x0F,0xF0,0x7C,0x00,0x0F,0xC0,0x3E,0x00,0x0F,0xC0,0x1E,0x00,
    0x0F,0x80,0x1F,0x00,0x0F,0x80,0x0F,0x00,0x0F,0x80,0x0F,0x00,0x0F,0x00,0x0F,0x00,
    0x0F,0x00,0x0F,0x00,0x0F,0x00,0x0F,0x00,0x0F,0x00,0x0F,0x00,0x0F,0x00,0x0F,0x00,
    0x0F,0x00,0x0F,0x00,0x0F,0x80,0x0F,0x00,0x0F,0x80,0x0F,0x00,0x0F,0x80,0x1F,0x00,
    0x0F,0xC0,0x1E,0x00,0x0F,0xC0,0x3E,0x00,0x0F,0xF0,0x7C,0x00,0x0F,0x7F,0xF8,0x00,
    0x0F,0x7F,0xF8,0x00,0x0F,0x1F,0xE0,0x00,0x0F,0x02,0x00,0x00,0x0F,0x00,0x00,0x00,
    0x0F,0x00,0x00,0x00,0x0F,0x00,0x00,0x00,0x0F,0x00,0x00,0x00,0x0F,0x00,0x00,0x00,
    0x0F,0x00,0x00,0x00,0x0F,0x00,0x00,0x00,0x0F,0x00,0x00,0x00,0x00,0x00,0x00,0x00,
    0x00,0x00,0x00,0x00,
};

static const uint8_t kAtlas8GlyphBits81[212] = {
    0x00,0x00,0x00,0x00,0x00,0x00,0x00,0x00,0x00,0x00,0x00,0x00,0x00,0x00,0x00,0x00,
    0x00,0x00,0x00,0x00,0x00,0x00,0x00,0x00,0x00,0x00,0x00,0x00,0x00,0x00,0x00,0x00,
    0x00,0x00,0x00,0x00,0x00,0x00,0x00,0x00,0x00,0x00,0x00,0x00,0x00,0x00,0x00,0x00,
    0x00,0x00,0x00,0x00,0x00,0x00,0x00,0x00,0x00,0x00,0x00,0x00,0x00,0x00,0x00,0x00,
    0x00,0x00,0x00,0x00,0x00,0x08,0x00,0x00,0x00,0xFF,0x1E,0x00,0x01,0xFF,0xDE,0x00,
    0x03,0xFF,0xFE,0x00,0x07,0xE0,0xFE,0x00,0x07,0x80,0x7E,0x00,0x0F,0x80,0x3E,0x00,
    0x0F,0x00,0x3E,0x00,0x0F,0x00,0x1E,0x00,0x1F,0x00,0x1E,0x00,0x1E,0x00,0x1E,0x00,
    0x1E,0x00,0x1E,0x00,0x1E,0x00,0x1E,0x00,0x1E,0x00,0x1E,0x00,0x1E,0x00,0x1E,0x00,
    0x1E,0x00,0x1E,0x00,0x1F,0x00,0x1E,0x00,0x1F,0x00,0x1E,0x00,0x0F,0x00,0x3E,0x00,
    0x0F,0x80,0x3E,0x00,0x07,0x80,0x7E,0x00,0x07,0xE0,0xFE,0x00,0x03,0xFF,0xFE,0x00,
    0x01,0xFF,0xDE,0x00,0x00,0xFF,0x9E,0x00,0x00,0x08,0x1E,0x00,0x00,0x00,0x1E,0x00,
    0x00,0x00,0x1E,0x00,0x00,0x00,0x1E,0x00,0x00,0x00,0x1E,0x00,0x00,0x00,0x1E,0x00,
    0x00,0x00,0x1E,0x00,0x00,0x00,0x1E,0x00,0x00,0x00,0x1E,0x00,0x00,0x00,0x00,0x00,
    0x00,0x00,0x00,0x00,
};

static const uint8_t kAtlas8GlyphBits82[212] = {
    0x00,0x00,0x00,0x00,0x00,0x00,0x00,0x00,0x00,0x00,0x00,0x00,0x00,0x00,0x00,0x00,
    0x00,0x00,0x00,0x00,0x00,0x00,0x00,0x00,0x00,0x00,0x00,0x00,0x00,0x00,0x00,0x00,
    0x00,0x00,0x00,0x00,0x00,0x00,0x00,0x00,0x00,0x00,0x00,0x00,0x00,0x00,0x00,0x00,
    0x00,0x00,0x00,0x00,0x00,0x00,0x00,0x00,0x00,0x00,0x00,0x00,0x00,0x00,0x00,0x00,
    0x00,0x00,0x00,0x00,0x00,0x00,0x20,0x00,0x01,0xC3,0xFE,0x00,0x01,0xC7,0xFF,0x00,
    0x01,0xEF,0xFF,0x00,0x01,0xFE,0x03,0x00,0x01,0xF8,0x01,0x00,0x01,0xF0,0x00,0x00,
    0x01,0xF0,0x00,0x00,0x01,0xE0,0x00,0x00,0x01,0xE0,0x00,0x00,0x01,0xE0,0x00,0x00,
    0x01,0xE0,0x00,0x00,0x01,0xE0,0x00,0x00,0x01,0xE0,0x00,0x00,0x01,0xE0,0x00,0x00,
    0x01,0xE0,0x00,0x00,0x01,0xE0,0x00,0x00,0x01,0xE0,0x00,0x00,0x01,0xE0,0x00,0x00,
    0x01,0xE0,0x00,0x00,0x01,0xE0,0x00,0x00,0x01,0xE0,0x00,0x00,0x01,0xE0,0x00,0x00,
    0x01,0xE0,0x00,0x00,0x01,0xE0,0x00,0x00,0x00,0x00,0x00,0x00,0x00,0x00,0x00,0x00,
    0x00,0x00,0x00,0x00,0x00,0x00,0x00,0x00,0x00,0x00,0x00,0x00,0x00,0x00,0x00,0x00,
    0x00,0x00,0x00,0x00,0x00,0x00,0x00,0x00,0x00,0x00,0x00,0x00,0x00,0x00,0x00,0x00,
    0x00,0x00,0x00,0x00,
};

static const uint8_t kAtlas8GlyphBits83[212] = {
    0x00,0x00,0x00,0x00,0x00,0x00,0x00,0x00,0x00,0x00,0x00,0x00,0x00,0x00,0x00,0x00,
    0x00,0x00,0x00,0x00,0x00,0x00,0x00,0x00,0x00,0x00,0x00,0x00,0x00,0x00,0x00,0x00,
    0x00,0x00,0x00,0x00,0x00,0x00,0x00,0x00,0x00,0x00,0x00,0x00,0x00,0x00,0x00,0x00,
    0x00,0x00,0x00,0x00,0x00,0x00,0x00,0x00,0x00,0x00,0x00,0x00,0x00,0x00,0x00,0x00,
    0x00,0x00,0x00,0x00,0x00,0x02,0x00,0x00,0x00,0x7F,0xF0,0x00,0x01,0xFF,0xF8,0x00,
    0x03,0xFF,0xF8,0x00,0x07,0xE0,0x38,0x00,0x07,0x80,0x08,0x00,0x07,0x80,0x00,0x00,
    0x07,0x80,0x00,0x00,0x07,0x80,0x00,0x00,0x07,0xC0,0x00,0x00,0x07,0xF0,0x00,0x00,
    0x03,0xFF,0x00,0x00,0x01,0xFF,0xE0,0x00,0x00,0x7F,0xF8,0x00,0x00,0x03,0xFC,0x00,
    0x00,0x00,0x7C,0x00,0x00,0x00,0x3C,0x00,0x00,0x00,0x3E,0x00,0x00,0x00,0x1E,0x00,
    0x00,0x00,0x3C,0x00,0x04,0x00,0x3C,0x00,0x07,0x80,0xFC,0x00,0x07,0xFF,0xF8,0x00,
    0x07,0xFF,0xF0,0x00,0x03,0xFF,0xC0,0x00,0x00,0x08,0x00,0x00,0x00,0x00,0x00,0x00,
    0x00,0x00,0x00,0x00,0x00,0x00,0x00,0x00,0x00,0x00,0x00,0x00,0x00,0x00,0x00,0x00,
    0x00,0x00,0x00,0x00,0x00,0x00,0x00,0x00,0x00,0x00,0x00,0x00,0x00,0x00,0x00,0x00,
    0x00,0x00,0x00,0x00,
};

static const uint8_t kAtlas8GlyphBits84[212] = {
    0x00,0x00,0x00,0x00,0x00,0x00,0x00,0x00,0x00,0x00,0x00,0x00,0x00,0x00,0x00,0x00,
    0x00,0x00,0x00,0x00,0x00,0x00,0x00,0x00,0x00,0x00,0x00,0x00,0x00,0x00,0x00,0x00,
    0x00,0x00,0x00,0x00,0x00,0x00,0x00,0x00,0x00,0x08,0x00,0x00,0x00,0x38,0x00,0x00,
    0x00,0x78,0x00,0x00,0x00,0x78,0x00,0x00,0x00,0x78,0x00,0x00,0x00,0x78,0x00,0x00,
    0x00,0x78,0x00,0x00,0x00,0x78,0x00,0x00,0x1F,0xFF,0xFE,0x00,0x1F,0xFF,0xFE,0x00,
    0x1F,0xFF,0xFE,0x00,0x00,0x78,0x00,0x00,0x00,0x78,0x00,0x00,0x00,0x78,0x00,0x00,
    0x00,0x78,0x00,0x00,0x00,0x78,0x00,0x00,0x00,0x78,0x00,0x00,0x00,0x78,0x00,0x00,
    0x00,0x78,0x00,0x00,0x00,0x78,0x00,0x00,0x00,0x78,0x00,0x00,0x00,0x78,0x00,0x00,
    0x00,0x78,0x00,0x00,0x00,0x78,0x00,0x00,0x00,0x78,0x00,0x00,0x00,0x7C,0x00,0x00,
    0x00,0x3C,0x00,0x00,0x00,0x3C,0x00,0x00,0x00,0x3F,0x80,0x00,0x00,0x1F,0xFE,0x00,
    0x00,0x0F,0xFE,0x00,0x00,0x03,0xFE,0x00,0x00,0x00,0x00,0x00,0x00,0x00,0x00,0x00,
    0x00,0x00,0x00,0x00,0x00,0x00,0x00,0x00,0x00,0x00,0x00,0x00,0x00,0x00,0x00,0x00,
    0x00,0x00,0x00,0x00,0x00,0x00,0x00,0x00,0x00,0x00,0x00,0x00,0x00,0x00,0x00,0x00,
    0x00,0x00,0x00,0x00,
};

static const uint8_t kAtlas8GlyphBits85[212] = {
    0x00,0x00,0x00,0x00,0x00,0x00,0x00,0x00,0x00,0x00,0x00,0x00,0x00,0x00,0x00,0x00,
    0x00,0x00,0x00,0x00,0x00,0x00,0x00,0x00,0x00,0x00,0x00,0x00,0x00,0x00,0x00,0x00,
    0x00,0x00,0x00,0x00,0x00,0x00,0x00,0x00,0x00,0x00,0x00,0x00,0x00,0x00,0x00,0x00,
    0x00,0x00,0x00,0x00,0x00,0x00,0x00,0x00,0x00,0x00,0x00,0x00,0x00,0x00,0x00,0x00,
    0x00,0x00,0x00,0x00,0x00,0x00,0x00,0x00,0x0F,0x00,0x1E,0x00,0x0F,0x00,0x1E,0x00,
    0x0F,0x00,0x1E,0x00,0x0F,0x00,0x1E,0x00,0x0F,0x00,0x1E,0x00,0x0F,0x00,0x1E,0x00,
    0x0F,0x00,0x1E,0x00,0x0F,0x00,0x1E,0x00,0x0F,0x00,0x1E,0x00,0x0F,0x00,0x1E,0x00,
    0x0F,0x00,0x1E,0x00,0x0F,0x00,0x1E,0x00,0x0F,0x00,0x1E,0x00,0x0F,0x00,0x1E,0x00,
    0x0F,0x00,0x1E,0x00,0x0F,0x00,0x1E,0x00,0x0F,0x00,0x1E,0x00,0x0F,0x80,0x3E,0x00,
    0x07,0x80,0x3E,0x00,0x07,0xC0,0x7E,0x00,0x07,0xE0,0xFE,0x00,0x03,0xFF,0xDE,0x00,
    0x01,0xFF,0x9E,0x00,0x00,0xFF,0x1E,0x00,0x00,0x10,0x00,0x00,0x00,0x00,0x00,0x00,
    0x00,0x00,0x00,0x00,0x00,0x00,0x00,0x00,0x00,0x00,0x00,0x00,0x00,0x00,0x00,0x00,
    0x00,0x00,0x00,0x00,0x00,0x00,0x00,0x00,0x00,0x00,0x00,0x00,0x00,0x00,0x00,0x00,
    0x00,0x00,0x00,0x00,
};

static const uint8_t kAtlas8GlyphBits86[212] = {
    0x00,0x00,0x00,0x00,0x00,0x00,0x00,0x00,0x00,0x00,0x00,0x00,0x00,0x00,0x00,0x00,
    0x00,0x00,0x00,0x00,0x00,0x00,0x00,0x00,0x00,0x00,0x00,0x00,0x00,0x00,0x00,0x00,
    0x00,0x00,0x00,0x00,0x00,0x00,0x00,0x00,0x00,0x00,0x00,0x00,0x00,0x00,0x00,0x00,
    0x00,0x00,0x00,0x00,0x00,0x00,0x00,0x00,0x00,0x00,0x00,0x00,0x00,0x00,0x00,0x00,
    0x00,0x00,0x00,0x00,0x00,0x00,0x00,0x00,0x3E,0x00,0x07,0x80,0x1E,0x00,0x0F,0x00,
    0x1E,0x00,0x0F,0x00,0x1F,0x00,0x1F,0x00,0x0F,0x00,0x1E,0x00,0x0F,0x00,0x1E,0x00,
    0x07,0x80,0x3E,0x00,0x07,0x80,0x3C,0x00,0x07,0x80,0x3C,0x00,0x03,0xC0,0x78,0x00,
    0x03,0xC0,0x78,0x00,0x03,0xC0,0x78,0x00,0x01,0xE0,0xF0,0x00,0x01,0xE0,0xF0,0x00,
    0x01,0xF0,0xF0,0x00,0x00,0xF1,0xE0,0x00,0x00,0xF1,0xE0,0x00,0x00,0x7B,0xE0,0x00,
    0x00,0x7B,0xC0,0x00,0x00,0x7B,0xC0,0x00,0x00,0x3F,0x80,0x00,0x00,0x3F,0x80,0x00,
    0x00,0x3F,0x80,0x00,0x00,0x1F,0x00,0x00,0x00,0x00,0x00,0x00,0x00,0x00,0x00,0x00,
    0x00,0x00,0x00,0x00,0x00,0x00,0x00,0x00,0x00,0x00,0x00,0x00,0x00,0x00,0x00,0x00,
    0x00,0x00,0x00,0x00,0x00,0x00,0x00,0x00,0x00,0x00,0x00,0x00,0x00,0x00,0x00,0x00,
    0x00,0x00,0x00,0x00,
};

static const uint8_t kAtlas8GlyphBits87[212] = {
    0x00,0x00,0x00,0x00,0x00,0x00,0x00,0x00,0x00,0x00,0x00,0x00,0x00,0x00,0x00,0x00,
    0x00,0x00,0x00,0x00,0x00,0x00,0x00,0x00,0x00,0x00,0x00,0x00,0x00,0x00,0x00,0x00,
    0x00,0x00,0x00,0x00,0x00,0x00,0x00,0x00,0x00,0x00,0x00,0x00,0x00,0x00,0x00,0x00,
    0x00,0x00,0x00,0x00,0x00,0x00,0x00,0x00,0x00,0x00,0x00,0x00,0x00,0x00,0x00,0x00,
    0x00,0x00,0x00,0x00,0x00,0x00,0x00,0x00,0xF0,0x00,0x01,0xE0,0xF0,0x00,0x01,0xE0,
    0x78,0x00,0x01,0xC0,0x78,0x00,0x03,0xC0,0x78,0x00,0x03,0xC0,0x78,0x00,0x03,0xC0,
    0x38,0x00,0x03,0xC0,0x3C,0x0E,0x07,0x80,0x3C,0x1F,0x07,0x80,0x3C,0x1F,0x07,0x80,
    0x1C,0x1F,0x07,0x80,0x1E,0x1B,0x87,0x00,0x1E,0x3B,0x8F,0x00,0x1E,0x3B,0x8F,0x00,
    0x1E,0x31,0x8F,0x00,0x0E,0x71,0xCE,0x00,0x0F,0x71,0xDE,0x00,0x0F,0x71,0xDE,0x00,
    0x0F,0x60,0xFE,0x00,0x07,0xE0,0xFC,0x00,0x07,0xE0,0xFC,0x00,0x07,0xC0,0x7C,0x00,
    0x07,0xC0,0x7C,0x00,0x03,0xC0,0x78,0x00,0x00,0x00,0x00,0x00,0x00,0x00,0x00,0x00,
    0x00,0x00,0x00,0x00,0x00,0x00,0x00,0x00,0x00,0x00,0x00,0x00,0x00,0x00,0x00,0x00,
    0x00,0x00,0x00,0x00,0x00,0x00,0x00,0x00,0x00,0x00,0x00,0x00,0x00,0x00,0x00,0x00,
    0x00,0x00,0x00,0x00,
};

static const uint8_t kAtlas8GlyphBits88[212] = {
    0x00,0x00,0x00,0x00,0x00,0x00,0x00,0x00,0x00,0x00,0x00,0x00,0x00,0x00,0x00,0x00,
    0x00,0x00,0x00,0x00,0x00,0x00,0x00,0x00,0x00,0x00,0x00,0x00,0x00,0x00,0x00,0x00,
    0x00,0x00,0x00,0x00,0x00,0x00,0x00,0x00,0x00,0x00,0x00,0x00,0x00,0x00,0x00,0x00,
    0x00,0x00,0x00,0x00,0x00,0x00,0x00,0x00,0x00,0x00,0x00,0x00,0x00,0x00,0x00,0x00,
    0x00,0x00,0x00,0x00,0x00,0x00,0x00,0x00,0x1E,0x00,0x0F,0x80,0x0F,0x00,0x1E,0x00,
    0x0F,0x80,0x3E,0x00,0x07,0xC0,0x7C,0x00,0x03,0xC0,0x78,0x00,0x01,0xE0,0xF0,0x00,
    0x00,0xF1,0xF0,0x00,0x00,0xF9,0xE0,0x00,0x00,0x7B,0xC0,0x00,0x00,0x3F,0x80,0x00,
    0x00,0x1F,0x80,0x00,0x00,0x1F,0x00,0x00,0x00,0x1F,0x00,0x00,0x00,0x3F,0x80,0x00,
    0x00,0x7F,0xC0,0x00,0x00,0xFB,0xE0,0x00,0x01,0xF1,0xF0,0x00,0x01,0xE0,0xF0,0x00,
    0x03,0xE0,0x78,0x00,0x07,0xC0,0x7C,0x00,0x0F,0x80,0x3E,0x00,0x0F,0x00,0x1E,0x00,
    0x1E,0x00,0x0F,0x00,0x3E,0x00,0x0F,0x80,0x00,0x00,0x00,0x00,0x00,0x00,0x00,0x00,
    0x00,0x00,0x00,0x00,0x00,0x00,0x00,0x00,0x00,0x00,0x00,0x00,0x00,0x00,0x00,0x00,
    0x00,0x00,0x00,0x00,0x00,0x00,0x00,0x00,0x00,0x00,0x00,0x00,0x00,0x00,0x00,0x00,
    0x00,0x00,0x00,0x00,
};

static const uint8_t kAtlas8GlyphBits89[212] = {
    0x00,0x00,0x00,0x00,0x00,0x00,0x00,0x00,0x00,0x00,0x00,0x00,0x00,0x00,0x00,0x00,
    0x00,0x00,0x00,0x00,0x00,0x00,0x00,0x00,0x00,0x00,0x00,0x00,0x00,0x00,0x00,0x00,
    0x00,0x00,0x00,0x00,0x00,0x00,0x00,0x00,0x00,0x00,0x00,0x00,0x00,0x00,0x00,0x00,
    0x00,0x00,0x00,0x00,0x00,0x00,0x00,0x00,0x00,0x00,0x00,0x00,0x00,0x00,0x00,0x00,
    0x00,0x00,0x00,0x00,0x00,0x00,0x00,0x00,0x3E,0x00,0x07,0x80,0x1E,0x00,0x0F,0x80,
    0x1F,0x00,0x0F,0x00,0x0F,0x00,0x0F,0x00,0x0F,0x00,0x1F,0x00,0x07,0x80,0x1E,0x00,
    0x07,0x80,0x1E,0x00,0x07,0x80,0x3C,0x00,0x03,0xC0,0x3C,0x00,0x03,0xC0,0x7C,0x00,
    0x01,0xE0,0x78,0x00,0x01,0xE0,0x78,0x00,0x01,0xE0,0xF0,0x00,0x00,0xF0,0xF0,0x00,
    0x00,0xF1,0xF0,0x00,0x00,0x79,0xE0,0x00,0x00,0x79,0xE0,0x00,0x00,0x7B,0xC0,0x00,
    0x00,0x3F,0xC0,0x00,0x00,0x3F,0xC0,0x00,0x00,0x1F,0x80,0x00,0x00,0x1F,0x80,0x00,
    0x00,0x1F,0x00,0x00,0x00,0x0F,0x00,0x00,0x00,0x1F,0x00,0x00,0x00,0x1E,0x00,0x00,
    0x00,0x1E,0x00,0x00,0x00,0x3C,0x00,0x00,0x00,0x7C,0x00,0x00,0x01,0xF8,0x00,0x00,
    0x0F,0xF8,0x00,0x00,0x0F,0xF0,0x00,0x00,0x0F,0xC0,0x00,0x00,0x00,0x00,0x00,0x00,
    0x00,0x00,0x00,0x00,
};

static const uint8_t kAtlas8GlyphBits90[212] = {
    0x00,0x00,0x00,0x00,0x00,0x00,0x00,0x00,0x00,0x00,0x00,0x00,0x00,0x00,0x00,0x00,
    0x00,0x00,0x00,0x00,0x00,0x00,0x00,0x00,0x00,0x00,0x00,0x00,0x00,0x00,0x00,0x00,
    0x00,0x00,0x00,0x00,0x00,0x00,0x00,0x00,0x00,0x00,0x00,0x00,0x00,0x00,0x00,0x00,
    0x00,0x00,0x00,0x00,0x00,0x00,0x00,0x00,0x00,0x00,0x00,0x00,0x00,0x00,0x00,0x00,
    0x00,0x00,0x00,0x00,0x00,0x00,0x00,0x00,0x07,0xFF,0xFE,0x00,0x07,0xFF,0xFE,0x00,
    0x07,0xFF,0xFE,0x00,0x00,0x00,0x1E,0x00,0x00,0x00,0x3C,0x00,0x00,0x00,0x78,0x00,
    0x00,0x00,0xF8,0x00,0x00,0x01,0xF0,0x00,0x00,0x03,0xE0,0x00,0x00,0x07,0xC0,0x00,
    0x00,0x07,0x80,0x00,0x00,0x0F,0x00,0x00,0x00,0x1F,0x00,0x00,0x00,0x3E,0x00,0x00,
    0x00,0x7C,0x00,0x00,0x00,0xF8,0x00,0x00,0x00,0xF0,0x00,0x00,0x01,0xE0,0x00,0x00,
    0x03,0xC0,0x00,0x00,0x07,0xC0,0x00,0x00,0x0F,0x80,0x00,0x00,0x0F,0xFF,0xFE,0x00,
    0x0F,0xFF,0xFE,0x00,0x0F,0xFF,0xFE,0x00,0x00,0x00,0x00,0x00,0x00,0x00,0x00,0x00,
    0x00,0x00,0x00,0x00,0x00,0x00,0x00,0x00,0x00,0x00,0x00,0x00,0x00,0x00,0x00,0x00,
    0x00,0x00,0x00,0x00,0x00,0x00,0x00,0x00,0x00,0x00,0x00,0x00,0x00,0x00,0x00,0x00,
    0x00,0x00,0x00,0x00,
};

static const uint8_t kAtlas8GlyphBits91[212] = {
    0x00,0x00,0x00,0x00,0x00,0x00,0x00,0x00,0x00,0x00,0x00,0x00,0x00,0x00,0x00,0x00,
    0x00,0x00,0x00,0x00,0x00,0x00,0x00,0x00,0x00,0x00,0x00,0x00,0x00,0x03,0xF8,0x00,
    0x00,0x0F,0xF8,0x00,0x00,0x0F,0xF8,0x00,0x00,0x1F,0x00,0x00,0x00,0x1E,0x00,0x00,
    0x00,0x1E,0x00,0x00,0x00,0x1E,0x00,0x00,0x00,0x1E,0x00,0x00,0x00,0x1E,0x00,0x00,
    0x00,0x1E,0x00,0x00,0x00,0x1E,0x00,0x00,0x00,0x1E,0x00,0x00,0x00,0x1E,0x00,0x00,
    0x00,0x1E,0x00,0x00,0x00,0x1E,0x00,0x00,0x00,0x3E,0x00,0x00,0x00,0x3E,0x00,0x00,
    0x00,0x7C,0x00,0x00,0x01,0xFC,0x00,0x00,0x1F,0xF8,0x00,0x00,0x1F,0xE0,0x00,0x00,
    0x1F,0xF8,0x00,0x00,0x00,0xFC,0x00,0x00,0x00,0x3C,0x00,0x00,0x00,0x3E,0x00,0x00,
    0x00,0x1E,0x00,0x00,0x00,0x1E,0x00,0x00,0x00,0x1E,0x00,0x00,0x00,0x1E,0x00,0x00,
    0x00,0x1E,0x00,0x00,0x00,0x1E,0x00,0x00,0x00,0x1E,0x00,0x00,0x00,0x1E,0x00,0x00,
    0x00,0x1E,0x00,0x00,0x00,0x1E,0x00,0x00,0x00,0x1E,0x00,0x00,0x00,0x1F,0x00,0x00,
    0x00,0x1F,0xC0,0x00,0x00,0x0F,0xF8,0x00,0x00,0x07,0xF8,0x00,0x00,0x01,0xF8,0x00,
    0x00,0x00,0x00,0x00,0x00,0x00,0x00,0x00,0x00,0x00,0x00,0x00,0x00,0x00,0x00,0x00,
    0x00,0x00,0x00,0x00,
};

static const uint8_t kAtlas8GlyphBits92[212] = {
    0x00,0x00,0x00,0x00,0x00,0x00,0x00,0x00,0x00,0x00,0x00,0x00,0x00,0x00,0x00,0x00,
    0x00,0x00,0x00,0x00,0x00,0x00,0x00,0x00,0x00,0x00,0x00,0x00,0x00,0x00,0x00,0x00,
    0x00,0x0E,0x00,0x00,0x00,0x0E,0x00,0x00,0x00,0x0E,0x00,0x00,0x00,0x0E,0x00,0x00,
    0x00,0x0E,0x00,0x00,0x00,0x0E,0x00,0x00,0x00,0x0E,0x00,0x00,0x00,0x0E,0x00,0x00,
    0x00,0x0E,0x00,0x00,0x00,0x0E,0x00,0x00,0x00,0x0E,0x00,0x00,0x00,0x0E,0x00,0x00,
    0x00,0x0E,0x00,0x00,0x00,0x0E,0x00,0x00,0x00,0x0E,0x00,0x00,0x00,0x0E,0x00,0x00,
    0x00,0x0E,0x00,0x00,0x00,0x0E,0x00,0x00,0x00,0x0E,0x00,0x00,0x00,0x0E,0x00,0x00,
    0x00,0x0E,0x00,0x00,0x00,0x0E,0x00,0x00,0x00,0x0E,0x00,0x00,0x00,0x0E,0x00,0x00,
    0x00,0x0E,0x00,0x00,0x00,0x0E,0x00,0x00,0x00,0x0E,0x00,0x00,0x00,0x0E,0x00,0x00,
    0x00,0x0E,0x00,0x00,0x00,0x0E,0x00,0x00,0x00,0x0E,0x00,0x00,0x00,0x0E,0x00,0x00,
    0x00,0x0E,0x00,0x00,0x00,0x0E,0x00,0x00,0x00,0x0E,0x00,0x00,0x00,0x0E,0x00,0x00,
    0x00,0x0E,0x00,0x00,0x00,0x0E,0x00,0x00,0x00,0x0E,0x00,0x00,0x00,0x0E,0x00,0x00,
    0x00,0x0E,0x00,0x00,0x00,0x0E,0x00,0x00,0x00,0x0E,0x00,0x00,0x00,0x0E,0x00,0x00,
    0x00,0x0E,0x00,0x00,
};

static const uint8_t kAtlas8GlyphBits93[212] = {
    0x00,0x00,0x00,0x00,0x00,0x00,0x00,0x00,0x00,0x00,0x00,0x00,0x00,0x00,0x00,0x00,
    0x00,0x00,0x00,0x00,0x00,0x00,0x00,0x00,0x00,0x00,0x00,0x00,0x03,0xF8,0x00,0x00,
    0x03,0xFE,0x00,0x00,0x03,0xFE,0x00,0x00,0x00,0x1F,0x00,0x00,0x00,0x0F,0x00,0x00,
    0x00,0x0F,0x00,0x00,0x00,0x0F,0x00,0x00,0x00,0x0F,0x00,0x00,0x00,0x0F,0x00,0x00,
    0x00,0x0F,0x00,0x00,0x00,0x0F,0x00,0x00,0x00,0x0F,0x00,0x00,0x00,0x0F,0x00,0x00,
    0x00,0x0F,0x00,0x00,0x00,0x0F,0x00,0x00,0x00,0x0F,0x80,0x00,0x00,0x07,0x80,0x00,
    0x00,0x07,0xC0,0x00,0x00,0x07,0xF8,0x00,0x00,0x01,0xFF,0x00,0x00,0x00,0xFF,0x00,
    0x00,0x03,0xFF,0x00,0x00,0x07,0xF0,0x00,0x00,0x07,0xC0,0x00,0x00,0x0F,0x80,0x00,
    0x00,0x0F,0x80,0x00,0x00,0x0F,0x00,0x00,0x00,0x0F,0x00,0x00,0x00,0x0F,0x00,0x00,
    0x00,0x0F,0x00,0x00,0x00,0x0F,0x00,0x00,0x00,0x0F,0x00,0x00,0x00,0x0F,0x00,0x00,
    0x00,0x0F,0x00,0x00,0x00,0x0F,0x00,0x00,0x00,0x0F,0x00,0x00,0x00,0x1F,0x00,0x00,
    0x00,0x7F,0x00,0x00,0x03,0xFE,0x00,0x00,0x03,0xFC,0x00,0x00,0x03,0xF0,0x00,0x00,
    0x00,0x00,0x00,0x00,0x00,0x00,0x00,0x00,0x00,0x00,0x00,0x00,0x00,0x00,0x00,0x00,
    0x00,0x00,0x00,0x00,
};

static const uint8_t kAtlas8GlyphBits94[212] = {
    0x00,0x00,0x00,0x00,0x00,0x00,0x00,0x00,0x00,0x00,0x00,0x00,0x00,0x00,0x00,0x00,
    0x00,0x00,0x00,0x00,0x00,0x00,0x00,0x00,0x00,0x00,0x00,0x00,0x00,0x00,0x00,0x00,
    0x00,0x00,0x00,0x00,0x00,0x00,0x00,0x00,0x00,0x00,0x00,0x00,0x00,0x00,0x00,0x00,
    0x00,0x00,0x00,0x00,0x00,0x00,0x00,0x00,0x00,0x00,0x00,0x00,0x00,0x00,0x00,0x00,
    0x00,0x00,0x00,0x00,0x00,0x00,0x00,0x00,0x00,0x00,0x00,0x00,0x00,0x00,0x00,0x00,
    0x00,0x00,0x00,0x00,0x00,0x00,0x00,0x00,0x00,0x00,0x00,0x00,0x00,0x00,0x00,0x00,
    0x07,0xF0,0x03,0x80,0x0F,0xF8,0x03,0x80,0x1F,0xFC,0x03,0x80,0x1E,0x3E,0x07,0x80,
    0x1C,0x1E,0x07,0x80,0x3C,0x0F,0x07,0x00,0x3C,0x07,0xDF,0x00,0x38,0x03,0xFE,0x00,
    0x38,0x01,0xFE,0x00,0x38,0x00,0xF8,0x00,0x00,0x00,0x00,0x00,0x00,0x00,0x00,0x00,
    0x00,0x00,0x00,0x00,0x00,0x00,0x00,0x00,0x00,0x00,0x00,0x00,0x00,0x00,0x00,0x00,
    0x00,0x00,0x00,0x00,0x00,0x00,0x00,0x00,0x00,0x00,0x00,0x00,0x00,0x00,0x00,0x00,
    0x00,0x00,0x00,0x00,0x00,0x00,0x00,0x00,0x00,0x00,0x00,0x00,0x00,0x00,0x00,0x00,
    0x00,0x00,0x00,0x00,0x00,0x00,0x00,0x00,0x00,0x00,0x00,0x00,0x00,0x00,0x00,0x00,
    0x00,0x00,0x00,0x00,
};

static const uint8_t kAtlas8GlyphBits95[212] = {
    0x00,0x00,0x00,0x00,0x00,0x00,0x00,0x00,0x00,0x00,0x00,0x00,0x00,0x00,0x00,0x00,
    0x00,0x00,0x00,0x00,0x00,0x00,0x00,0x00,0x00,0x00,0x00,0x00,0x00,0x00,0x00,0x00,
    0x00,0x00,0x00,0x00,0x00,0x00,0x00,0x00,0x00,0x00,0x00,0x00,0x00,0x00,0x00,0x00,
    0x00,0x00,0x00,0x00,0x00,0x00,0x00,0x00,0x00,0x00,0x00,0x00,0x00,0x00,0x00,0x00,
    0x00,0x00,0x00,0x00,0x00,0x00,0x00,0x00,0x00,0x0E,0x00,0x00,0x00,0x1F,0x00,0x00,
    0x00,0x3F,0x80,0x00,0x00,0x7F,0xC0,0x00,0x00,0xFF,0xE0,0x00,0x01,0xEE,0xF0,0x00,
    0x03,0xCE,0x78,0x00,0x01,0x8E,0x30,0x00,0x00,0x0E,0x00,0x00,0x00,0x0E,0x00,0x00,
    0x00,0x0E,0x00,0x00,0x00,0x0E,0x00,0x00,0x00,0x0E,0x00,0x00,0x00,0x0E,0x00,0x00,
    0x00,0x0E,0x00,0x00,0x00,0x0E,0x00,0x00,0x00,0x0E,0x00,0x00,0x00,0x0E,0x00,0x00,
    0x00,0x0E,0x00,0x00,0x00,0x0E,0x00,0x00,0x00,0x0E,0x00,0x00,0x00,0x0E,0x00,0x00,
    0x00,0x0E,0x00,0x00,0x00,0x0E,0x00,0x00,0x00,0x00,0x00,0x00,0x00,0x00,0x00,0x00,
    0x00,0x00,0x00,0x00,0x00,0x00,0x00,0x00,0x00,0x00,0x00,0x00,0x00,0x00,0x00,0x00,
    0x00,0x00,0x00,0x00,0x00,0x00,0x00,0x00,0x00,0x00,0x00,0x00,0x00,0x00,0x00,0x00,
    0x00,0x00,0x00,0x00,
};

static const uint8_t kAtlas8GlyphBits96[212] = {
    0x00,0x00,0x00,0x00,0x00,0x00,0x00,0x00,0x00,0x00,0x00,0x00,0x00,0x00,0x00,0x00,
    0x00,0x00,0x00,0x00,0x00,0x00,0x00,0x00,0x00,0x00,0x00,0x00,0x00,0x00,0x00,0x00,
    0x00,0x00,0x00,0x00,0x00,0x00,0x00,0x00,0x00,0x00,0x00,0x00,0x00,0x00,0x00,0x00,
    0x00,0x00,0x00,0x00,0x00,0x00,0x00,0x00,0x00,0x00,0x00,0x00,0x00,0x00,0x00,0x00,
    0x00,0x00,0x00,0x00,0x00,0x00,0x00,0x00,0x00,0x00,0x00,0x00,0x00,0x00,0x00,0x00,
    0x00,0x00,0x10,0x00,0x00,0x00,0x38,0x00,0x00,0x00,0x7C,0x00,0x00,0x00,0x1E,0x00,
    0x00,0x00,0x0F,0x00,0x00,0x00,0x07,0x80,0xFF,0xFF,0xFF,0xC0,0xFF,0xFF,0xFF,0xC0,
    0xFF,0xFF,0xFF,0x80,0x00,0x00,0x0F,0x00,0x00,0x00,0x1E,0x00,0x00,0x00,0x3C,0x00,
    0x00,0x00,0x78,0x00,0x00,0x00,0x30,0x00,0x00,0x00,0x00,0x00,0x00,0x00,0x00,0x00,
    0x00,0x00,0x00,0x00,0x00,0x00,0x00,0x00,0x00,0x00,0x00,0x00,0x00,0x00,0x00,0x00,
    0x00,0x00,0x00,0x00,0x00,0x00,0x00,0x00,0x00,0x00,0x00,0x00,0x00,0x00,0x00,0x00,
    0x00,0x00,0x00,0x00,0x00,0x00,0x00,0x00,0x00,0x00,0x00,0x00,0x00,0x00,0x00,0x00,
    0x00,0x00,0x00,0x00,0x00,0x00,0x00,0x00,0x00,0x00,0x00,0x00,0x00,0x00,0x00,0x00,
    0x00,0x00,0x00,0x00,
};

static const Glyph kAtlas8Glyphs[97] = {
    { 0x20, kAtlas8GlyphBits0 },
    { 0x21, kAtlas8GlyphBits1 },
    { 0x22, kAtlas8GlyphBits2 },
    { 0x23, kAtlas8GlyphBits3 },
    { 0x24, kAtlas8GlyphBits4 },
    { 0x25, kAtlas8GlyphBits5 },
    { 0x26, kAtlas8GlyphBits6 },
    { 0x27, kAtlas8GlyphBits7 },
    { 0x28, kAtlas8GlyphBits8 },
    { 0x29, kAtlas8GlyphBits9 },
    { 0x2a, kAtlas8GlyphBits10 },
    { 0x2b, kAtlas8GlyphBits11 },
    { 0x2c, kAtlas8GlyphBits12 },
    { 0x2d, kAtlas8GlyphBits13 },
    { 0x2e, kAtlas8GlyphBits14 },
    { 0x2f, kAtlas8GlyphBits15 },
    { 0x30, kAtlas8GlyphBits16 },
    { 0x31, kAtlas8GlyphBits17 },
    { 0x32, kAtlas8GlyphBits18 },
    { 0x33, kAtlas8GlyphBits19 },
    { 0x34, kAtlas8GlyphBits20 },
    { 0x35, kAtlas8GlyphBits21 },
    { 0x36, kAtlas8GlyphBits22 },
    { 0x37, kAtlas8GlyphBits23 },
    { 0x38, kAtlas8GlyphBits24 },
    { 0x39, kAtlas8GlyphBits25 },
    { 0x3a, kAtlas8GlyphBits26 },
    { 0x3b, kAtlas8GlyphBits27 },
    { 0x3c, kAtlas8GlyphBits28 },
    { 0x3d, kAtlas8GlyphBits29 },
    { 0x3e, kAtlas8GlyphBits30 },
    { 0x3f, kAtlas8GlyphBits31 },
    { 0x40, kAtlas8GlyphBits32 },
    { 0x41, kAtlas8GlyphBits33 },
    { 0x42, kAtlas8GlyphBits34 },
    { 0x43, kAtlas8GlyphBits35 },
    { 0x44, kAtlas8GlyphBits36 },
    { 0x45, kAtlas8GlyphBits37 },
    { 0x46, kAtlas8GlyphBits38 },
    { 0x47, kAtlas8GlyphBits39 },
    { 0x48, kAtlas8GlyphBits40 },
    { 0x49, kAtlas8GlyphBits41 },
    { 0x4a, kAtlas8GlyphBits42 },
    { 0x4b, kAtlas8GlyphBits43 },
    { 0x4c, kAtlas8GlyphBits44 },
    { 0x4d, kAtlas8GlyphBits45 },
    { 0x4e, kAtlas8GlyphBits46 },
    { 0x4f, kAtlas8GlyphBits47 },
    { 0x50, kAtlas8GlyphBits48 },
    { 0x51, kAtlas8GlyphBits49 },
    { 0x52, kAtlas8GlyphBits50 },
    { 0x53, kAtlas8GlyphBits51 },
    { 0x54, kAtlas8GlyphBits52 },
    { 0x55, kAtlas8GlyphBits53 },
    { 0x56, kAtlas8GlyphBits54 },
    { 0x57, kAtlas8GlyphBits55 },
    { 0x58, kAtlas8GlyphBits56 },
    { 0x59, kAtlas8GlyphBits57 },
    { 0x5a, kAtlas8GlyphBits58 },
    { 0x5b, kAtlas8GlyphBits59 },
    { 0x5c, kAtlas8GlyphBits60 },
    { 0x5d, kAtlas8GlyphBits61 },
    { 0x5e, kAtlas8GlyphBits62 },
    { 0x5f, kAtlas8GlyphBits63 },
    { 0x60, kAtlas8GlyphBits64 },
    { 0x61, kAtlas8GlyphBits65 },
    { 0x62, kAtlas8GlyphBits66 },
    { 0x63, kAtlas8GlyphBits67 },
    { 0x64, kAtlas8GlyphBits68 },
    { 0x65, kAtlas8GlyphBits69 },
    { 0x66, kAtlas8GlyphBits70 },
    { 0x67, kAtlas8GlyphBits71 },
    { 0x68, kAtlas8GlyphBits72 },
    { 0x69, kAtlas8GlyphBits73 },
    { 0x6a, kAtlas8GlyphBits74 },
    { 0x6b, kAtlas8GlyphBits75 },
    { 0x6c, kAtlas8GlyphBits76 },
    { 0x6d, kAtlas8GlyphBits77 },
    { 0x6e, kAtlas8GlyphBits78 },
    { 0x6f, kAtlas8GlyphBits79 },
    { 0x70, kAtlas8GlyphBits80 },
    { 0x71, kAtlas8GlyphBits81 },
    { 0x72, kAtlas8GlyphBits82 },
    { 0x73, kAtlas8GlyphBits83 },
    { 0x74, kAtlas8GlyphBits84 },
    { 0x75, kAtlas8GlyphBits85 },
    { 0x76, kAtlas8GlyphBits86 },
    { 0x77, kAtlas8GlyphBits87 },
    { 0x78, kAtlas8GlyphBits88 },
    { 0x79, kAtlas8GlyphBits89 },
    { 0x7a, kAtlas8GlyphBits90 },
    { 0x7b, kAtlas8GlyphBits91 },
    { 0x7c, kAtlas8GlyphBits92 },
    { 0x7d, kAtlas8GlyphBits93 },
    { 0x7e, kAtlas8GlyphBits94 },
    { 0x2191, kAtlas8GlyphBits95 },
    { 0x2192, kAtlas8GlyphBits96 },
};

const Atlas kAtlases[kAtlasCount] = {
    { 8, 15, 1, 15, 97, kAtlas0Glyphs },
    { 10, 19, 2, 38, 97, kAtlas1Glyphs },
    { 12, 24, 2, 48, 97, kAtlas2Glyphs },
    { 13, 24, 2, 48, 97, kAtlas3Glyphs },
    { 15, 29, 2, 58, 97, kAtlas4Glyphs },
    { 17, 33, 3, 99, 97, kAtlas5Glyphs },
    { 19, 36, 3, 108, 97, kAtlas6Glyphs },
    { 23, 44, 3, 132, 97, kAtlas7Glyphs },
    { 27, 53, 4, 212, 97, kAtlas8Glyphs },
};

} // namespace HackAtlas
